Country Name,2010,2011,2012,2013,2014,2015,2016,2017,average
Burundi,231.7955369,247.2293791,250.3627366,255.372691,273.538285,304.3742207,281.1813376,292.0052103,266.9824247
Malawi,458.8654301,512.170232,374.5029326,332.9210249,354.3189898,362.6581977,300.3077488,338.4844303,379.2786233
Niger,348.1560591,375.5828559,391.5182495,416.1401152,429.7909578,362.7521977,364.1605078,378.0592523,383.2700244
Central African Republic,446.4436878,490.5103907,483.1860932,337.484979,377.1321263,348.3814271,382.0702811,418.411287,410.452534
Madagascar,412.7309341,454.963464,443.9061001,461.7230722,452.4631926,402.0883118,401.7422654,449.7223819,434.9174653
"Congo, Dem. Rep.",334.2317025,387.3235796,424.8593185,458.2384062,487.0814869,497.6297557,471.6359456,462.7795441,440.4724674
Somalia,,,,493.5141459,485.6020611,478.784799,472.2726933,478.3441749,481.7035748
Mozambique,419.2258149,526.5313517,566.051387,605.9856082,623.2867539,528.3130512,380.9073058,426.2219619,509.5654043
Ethiopia,341.3099092,354.8463544,468.5067249,502.1535887,571.1622759,645.4650067,712.87795,767.5634778,545.4856609
Sierra Leone,399.1543676,445.052005,561.8984239,710.8186998,708.4394757,582.9362031,480.7930211,499.5291033,548.5776624
Togo,526.8410724,579.0130763,564.6971486,613.4402094,632.0313104,563.4753638,586.0522537,610.1517301,584.4627706
Afghanistan,550.514974,599.2976298,648.5110696,647.9664605,625.3395388,590.0764738,549.5827599,550.0684588,595.1696706
Uganda,595.2061732,574.9195768,636.6382045,655.0495315,702.795104,675.1211397,581.7027729,606.4684535,628.4876195
Guinea-Bissau,545.7041208,688.1412395,603.9339835,621.9406736,610.4684902,591.8061497,648.8989366,723.6094119,629.3128757
"Gambia, The",562.4837817,514.3781619,504.9739367,735.2358088,656.496763,704.9740416,707.5289845,709.077158,636.8935795
Burkina Faso,575.4464527,666.8404101,673.8228182,699.781537,703.8216565,575.3144542,583.8308982,642.0371483,640.1119219
Liberia,506.0630046,589.1650146,650.7136207,715.5370459,716.0529087,706.0594659,710.4360094,694.3195828,661.0433316
Rwanda,563.4013453,624.1228849,679.8607504,688.8223493,706.5967098,711.7739773,711.1957913,748.2920943,679.2582378
Guinea,634.9231054,614.8647662,677.0434993,726.0893942,743.5912878,727.302519,701.3886423,823.4937155,706.0871162
Nepal,592.1835216,692.1166842,681.7925868,688.6172788,706.2386977,747.1604624,730.9833283,849.0110426,711.0129503
Low income,643.0245885,710.1619791,748.670407,801.9480726,837.9750881,803.1267175,758.4738238,787.6614514,761.380266
Haiti,662.2795182,740.9358452,766.8437623,810.2656073,830.1138816,814.5463952,734.8025912,765.6839246,765.6839407
Mali,708.3707632,835.0889098,777.3476868,803.8935757,845.720641,749.9179512,778.6004251,827.0064008,790.7432942
Benin,757.6959074,825.9427854,837.9505001,915.3281554,943.686575,783.9630778,788.5324424,827.3936794,835.0616404
Tanzania,715.149284,750.2661326,831.9648282,929.1306273,985.2280595,905.7562921,922.623927,958.4456832,874.8206042
Chad,896.5697341,989.2363633,973.4702574,986.0103177,1025.998515,781.3310573,698.2108863,662.5001146,876.6659057
Heavily indebted poor countries (HIPC),752.2069758,817.3779355,853.8872708,928.4521242,954.7772843,920.8826027,906.6670256,972.247915,888.3123917
Tajikistan,738.3475227,834.5412953,954.7205253,1040.137412,1104.459019,918.8119145,795.9607475,801.0508713,898.5036634
Least developed countries: UN classification,786.8696875,887.309724,925.7072876,980.493393,1039.923181,1005.173124,984.0563074,1072.665601,960.2747882
IDA only,807.8821557,891.7189974,920.2194072,1000.687136,1051.962524,1049.545757,1047.768853,1125.769214,986.9442556
Cambodia,785.6928841,882.4901462,951.1112311,1013.665952,1093.762067,1163.18977,1269.907238,1384.423187,1068.03031
Bangladesh,757.6717572,835.7893401,856.342857,951.8894535,1084.56543,1210.158849,1358.779186,1516.51327,1071.463768
South Sudan,,1653.131588,1041.459694,1336.645256,1309.487381,917.9214739,237.4441185,,1082.681585
Kyrgyz Republic,880.0377751,1123.883168,1177.974735,1282.437162,1279.769783,1121.082835,1120.666513,1220.473498,1150.790684
Myanmar,987.7365832,1186.423937,1175.561788,1171.464477,1260.418504,1138.992976,1196.103204,1256.660675,1171.670268
Zimbabwe,854.8476653,980.2088242,1163.418689,1268.126633,1264.983826,1265.294413,1272.33545,1333.395663,1175.326395
Lesotho,1157.341092,1350.643252,1281.611508,1192.998766,1218.466106,1154.355219,1054.268754,1154.444246,1195.516118
Kenya,967.3504549,987.4453967,1155.020583,1229.101069,1335.123148,1355.055471,1462.503743,1594.834926,1260.804349
Mauritania,1201.756291,1389.67101,1365.777822,1450.577949,1326.668654,1158.256371,1101.901627,1136.764591,1266.421789
IDA total,1060.810205,1183.070067,1247.763811,1340.739352,1414.656567,1358.552018,1293.034796,1326.450177,1278.134624
Senegal,1255.402738,1344.177217,1300.791844,1342.758689,1359.189351,1186.327514,1231.142595,1329.304228,1293.636772
Pakistan,1040.142268,1226.215314,1261.208967,1272.441061,1316.980966,1428.637628,1442.28584,1547.853414,1316.970682
Comoros,1315.214806,1446.068018,1403.434335,1504.931007,1511.826037,1271.057042,1287.406402,1312.333925,1381.533947
Cameroon,1309.122208,1429.647553,1380.509848,1493.746567,1571.182535,1353.92449,1391.751883,1451.865747,1422.718854
Cote d'Ivoire,1219.749096,1214.703946,1250.808924,1423.682282,1568.627628,1715.105518,1493.506061,1537.504031,1427.960936
"Yemen, Rep.",1309.23196,1349.42025,1421.171575,1580.181601,1647.033657,1693.907815,1320.924127,1106.803906,1428.584361
South Asia,1263.828366,1373.73465,1370.189137,1387.135899,1499.472711,1546.44764,1652.607405,1870.161523,1495.447166
South Asia (IDA & IBRD),1263.828366,1373.73465,1370.189137,1387.135899,1499.472711,1546.44764,1652.607405,1870.161523,1495.447166
Zambia,1463.213573,1644.619672,1734.930612,1850.793359,1738.088202,1313.889646,1262.989682,1513.276316,1565.225133
Sao Tome and Principe,1129.754961,1304.326189,1380.949959,1619.528517,1824.379217,1613.483465,1771.984789,1921.284473,1570.711446
Pre-demographic dividend,1369.146224,1556.208095,1666.736308,1772.864794,1842.740296,1575.345965,1390.382189,1433.813358,1575.904654
India,1361.203571,1461.671957,1446.98541,1452.195373,1576.004018,1606.952689,1729.70973,1979.364301,1576.760881
Djibouti,1325.990724,1430.986898,1536.150685,1477.363042,1595.146365,1761.610158,1872.234623,1927.589706,1615.884025
Kiribati,1520.875339,1736.211995,1784.428931,1705.56891,1626.893872,1522.306195,1558.886953,1594.29287,1631.183133
Fragile and conflict affected situations,1487.456477,1596.311287,1795.562095,1828.861316,1806.318884,1602.641823,1495.683294,1608.798658,1652.704229
Sub-Saharan Africa (excluding high income),1556.509329,1719.343483,1761.560045,1826.267882,1866.642912,1655.90775,1494.637474,1573.497227,1681.795763
Sub-Saharan Africa,1557.453562,1720.358244,1762.535536,1827.489658,1867.840726,1657.123451,1495.882001,1574.766606,1682.931223
Sub-Saharan Africa (IDA & IBRD countries),1557.453562,1720.358244,1762.535536,1827.489658,1867.840726,1657.123451,1495.882001,1574.766606,1682.931223
Uzbekistan,1377.08214,1564.966945,1740.468298,1907.551233,2050.448414,2137.576852,2117.74443,1533.852038,1803.711294
Ghana,1312.607557,1574.978653,1629.800222,2401.754122,1987.983363,1783.061087,1950.234377,2046.109986,1835.816171
IDA blend,1559.863381,1758.640866,1891.820852,2009.949426,2127.256266,1968.999911,1782.698199,1734.024323,1854.156653
Lao PDR,1141.127115,1381.425606,1588.633147,1838.80602,2017.587781,2159.433152,2338.692157,2457.377414,1865.385299
Vietnam,1310.370273,1515.479925,1722.683931,1871.325491,2012.04629,2065.169099,2170.648054,2342.244003,1876.245883
Solomon Islands,1290.572374,1728.50516,1928.956751,2004.899972,2036.942056,1965.422037,2056.489933,2132.115068,1892.987919
Nicaragua,1526.497938,1682.957924,1792.038045,1847.198049,1975.464707,2073.497938,2143.925893,2221.806445,1907.923367
Lower middle income,1680.636775,1870.071965,1932.20386,1988.370327,2063.064337,2019.852228,2071.074997,2209.062654,1979.292143
Moldova,1631.535832,1970.571373,2046.536787,2243.990178,2244.755308,1832.495194,1913.237414,2290.23515,2021.669654
Sudan,1476.478087,1666.857757,1892.894352,1955.660799,2176.898029,2513.884661,2415.038162,2898.549346,2124.532649
Honduras,1932.85829,2120.589469,2178.388555,2136.771718,2242.707459,2341.27532,2375.096327,2480.125929,2225.976633
"Congo, Rep.",2737.34233,3196.647524,2952.052348,2964.572989,2910.520226,1712.121146,1762.809913,1654.010322,2486.2596
Bhutan,2178.921383,2458.045976,2422.008016,2350.882889,2522.794953,2616.010343,2782.367967,3130.233543,2557.658134
Papua New Guinea,2004.818112,2474.061846,2865.873252,2800.169029,2973.270549,2605.945969,2353.511589,2488.899697,2570.818755
Nigeria,2291.360013,2519.289941,2745.866752,2996.964303,3221.678116,2729.762778,2175.656276,1968.425523,2581.125463
Philippines,2129.499247,2352.518156,2581.818548,2760.289146,2842.938353,2878.33837,2950.913903,2988.952703,2685.658553
West Bank and Gaza,2338.719877,2664.951385,2787.169738,2992.200995,2960.778004,2865.805109,2949.688085,3094.725747,2831.754867
Bolivia,1981.170116,2377.688771,2645.227753,2947.938526,3124.00031,3077.026199,3117.330459,3393.955818,2833.042244
Morocco,2834.20472,3039.916016,2904.746728,3111.762887,3160.250851,2863.887099,2885.487531,3022.92792,2977.897969
"Micronesia, Fed. Sts.",2861.771348,3000.948119,3150.910602,3047.584425,3057.24559,3018.008675,3143.749107,3187.556848,3058.471839
Ukraine,2965.142365,3569.757027,3855.42128,4029.715504,3104.658296,2124.662666,2187.731997,2639.824326,3059.614183
"Egypt, Arab Rep.",2602.479549,2747.480327,3181.441708,3213.389158,3327.754247,3547.713012,3479.281246,2412.727082,3064.033291
Vanuatu,2965.802434,3275.091684,3158.58688,3167.343056,3148.365103,2788.770919,2913.967232,3123.614591,3067.692737
Early-demographic dividend,2937.735341,3244.519683,3351.499042,3364.375413,3430.71477,3282.140904,3310.644469,3530.385625,3306.501906
Cabo Verde,3312.825985,3670.429453,3408.482762,3557.870977,3532.993527,2996.362046,3082.157104,3244.409561,3350.691427
Tuvalu,3021.889528,3642.437689,3512.516068,3466.967564,3418.645719,3232.07334,3295.720635,3549.974741,3392.52816
Eswatini,3690.239228,3934.273373,3864.760436,3587.000316,3379.896499,3047.946756,2842.257229,3242.751065,3448.640613
Marshall Islands,3146.763948,3297.558144,3516.899911,3614.130661,3461.781164,3390.910292,3665.207477,3843.119884,3492.046435
El Salvador,2992.545274,3275.508626,3437.599638,3515.947201,3595.790733,3669.878992,3768.837705,3889.308769,3518.177117
Indonesia,3113.480635,3634.276805,3687.953996,3620.663981,3491.595887,3334.549075,3568.832648,3846.415709,3537.221092
Sri Lanka,2808.434392,3214.014195,3350.521876,3610.289363,3819.25353,3844.514008,3857.351319,4073.736519,3572.2644
Pacific island small states,2898.043659,3403.110136,3587.744312,3669.764949,3777.927219,3641.175631,3777.950768,3996.72394,3594.055077
Guatemala,2825.519029,3187.841465,3299.605536,3452.834671,3687.763767,3923.573344,4140.737635,4470.989572,3623.608127
Timor-Leste,3603.940551,5021.462224,5766.969812,4770.315933,3335.548567,2501.577386,1987.118804,2279.253204,3658.27331
Armenia,3218.381655,3526.978143,3684.80481,3843.591213,3994.712355,3617.935746,3605.743117,3936.79832,3678.61817
Kosovo,3283.510304,3736.363217,3600.673475,3876.958302,4054.721339,3574.543333,3697.121677,3957.441819,3722.666683
Mongolia,2650.353648,3769.595269,4368.082248,4385.379355,4181.583313,3946.962075,3695.164849,3717.473389,3839.324268
Guyana,3044.948083,3438.825278,3799.753364,3941.114661,4031.531939,4160.265415,4531.243527,4655.144448,3950.353339
Georgia,3073.534272,3842.631888,4249.667486,4341.443895,4438.68465,3756.37852,3857.276309,4045.418967,3950.629499
Jordan,3679.190275,3807.324145,3870.753211,3992.867107,4066.940775,4096.099275,4087.937517,4129.751664,3966.357996
Tunisia,4140.15177,4256.91279,4137.54814,4199.084678,4274.292832,3827.729834,3666.357154,3464.41689,3995.811761
Tonga,3548.068399,4044.979721,4500.750362,4278.884567,4196.470593,4093.849585,3744.492261,3959.079757,4045.821906
Samoa,3453.434298,3942.051645,4234.640751,4219.024862,4187.230599,4150.00378,4031.46704,4280.838915,4062.336486
Middle East & North Africa (excluding high income),4122.744869,4588.710354,4964.015822,4578.379819,4426.713898,3930.296003,3904.026668,3791.753562,4288.330124
Albania,4094.360204,4437.177794,4247.614342,4413.082887,4578.667934,3952.830781,4131.872341,4537.579056,4299.148167
Middle East & North Africa (IDA & IBRD countries),4143.288742,4611.075979,4989.655386,4597.043856,4444.104498,3942.887352,3915.34289,3799.867898,4305.408325
Low & middle income,3535.214827,4115.791036,4338.014814,4543.169872,4658.593664,4345.968567,4312.268834,4670.29123,4314.914106
Angola,3585.905553,4615.867475,5102.489969,5258.407376,5412.692348,4170.730358,3509.604211,4100.289786,4469.498384
IDA & IBRD total,3697.4967,4302.760901,4519.526603,4727.785814,4835.491535,4518.878884,4476.54396,4854.592063,4491.634558
Belize,4342.963173,4515.892701,4644.559565,4673.245037,4813.718033,4905.536645,4923.358922,4971.201636,4723.809464
Fiji,3651.966784,4353.121392,4546.738504,4763.068956,5061.397575,4889.461454,5197.50914,5589.388833,4756.58158
Middle income,3880.722066,4527.938359,4778.808966,5009.709861,5142.301621,4801.567339,4775.167889,5182.819069,4762.379396
Algeria,4463.394675,5432.41332,5565.134521,5471.123389,5466.425778,4162.852181,3943.49755,4055.247211,4820.011078
Bosnia and Herzegovina,4614.829041,5054.325344,4722.013403,5042.582213,5204.243718,4584.242548,4808.636043,5148.208517,4897.385103
Jamaica,4685.58832,5093.972548,5208.996089,4976.848781,4839.892104,4925.415859,4883.86027,5114.041081,4966.076881
North Macedonia,4542.904104,5064.041106,4698.689476,5211.4992,5469.217898,4840.319679,5128.02282,5414.614823,5046.163638
Namibia,5191.583081,5600.971392,5749.404752,5490.041314,5392.712421,4803.283299,4549.421642,5230.771726,5251.023703
Paraguay,4382.690449,5356.956969,5217.445724,5967.656872,6146.664055,5447.118631,5360.985931,5823.766137,5462.910596
IBRD only,4515.998141,5283.225056,5561.260456,5820.81899,5954.494992,5566.557563,5545.259531,6053.866925,5537.685207
Iraq,4502.749048,5854.614497,6651.12242,6925.224046,6703.074737,4914.727611,4584.617431,5017.968065,5644.262232
Ecuador,4657.302361,5223.351763,5702.104313,6074.090829,6396.630483,6150.155955,6099.315303,6273.488892,5822.054988
Serbia,5411.877404,6423.291783,5659.380204,6353.826383,6200.173221,5237.255334,5426.198279,5901.223013,5826.653203
East Asia & Pacific (excluding high income),4008.912012,4865.856302,5389.269721,5905.256026,6303.614988,6510.60489,6578.836592,7126.330372,5836.085113
Thailand,5075.302176,5491.159981,5859.887644,6168.394881,5953.793928,5846.394608,5979.293546,6595.004125,5871.153861
East Asia & Pacific (IDA & IBRD countries),4051.867383,4917.929165,5446.809268,5968.185535,6370.64783,6579.686088,6648.457336,7201.538993,5898.1402
Peru,5022.493191,5771.565878,6387.785281,6583.116248,6492.053208,6053.112415,6031.366091,6571.928645,6114.17762
"Iran, Islamic Rep.",6531.92743,7729.343353,7832.902635,6036.192088,5540.984136,4862.299729,5219.109408,5593.853783,6168.32657
Azerbaijan,5842.805784,7189.691229,7496.294648,7875.756953,7891.313147,5500.310382,3880.738731,4135.138601,6226.506184
Dominican Republic,5453.926861,5765.496453,5973.222937,6094.734904,6348.837769,6534.908555,6793.538125,7052.258839,6252.115555
Turkmenistan,4439.203,5649.978486,6675.262954,7304.420525,7962.365824,6432.68417,6389.354326,6586.625863,6429.986893
Belarus,6181.399916,6519.230195,6940.159254,7978.872615,8318.51269,5949.106307,5025.405064,5733.30721,6580.749156
St. Vincent and the Grenadines,6231.770232,6183.676822,6338.117781,6597.228304,6654.484003,6901.996541,7029.743842,7145.076837,6635.261795
South Africa,7276.376756,7967.678159,7478.136578,6819.062302,6429.02395,5742.9878,5279.730472,6151.077955,6643.009247
Arab World,5918.315891,6856.035033,7465.13523,7510.729986,7456.598173,6429.17084,6183.079222,6235.420578,6756.810619
Colombia,6230.738366,7207.028905,7904.495789,8065.960376,7974.406373,6085.209979,5813.694519,6408.920012,6961.30679
Cuba,5676.141403,6075.924306,6425.941119,6760.15344,7050.493249,7602.278668,7961.84588,8433.092699,6998.233845
Botswana,6346.156204,7483.878689,6901.971971,7001.034418,7493.752924,6521.146128,6954.144126,7595.611141,7037.21195
China,4560.512586,5633.795717,6337.883323,7077.770765,7683.502613,8069.213024,8117.267465,8826.994096,7038.367449
Montenegro,6682.281158,7318.742449,6586.719209,7186.431924,7378.341022,6514.272695,7028.940132,7784.06529,7059.974235
Dominica,6912.435714,6986.046687,6745.849758,6933.413648,7193.668111,7392.234584,7824.921777,6719.337166,7088.488431
Bulgaria,6843.26695,7813.806692,7378.02473,7646.839866,7864.760672,6993.783483,7469.455638,8228.01157,7529.7437
Libya,12120.56217,5602.549434,13209.14078,10571.85076,6631.529047,4465.490366,4166.630529,5978.042926,7843.224502
Upper middle income,6297.686024,7470.462587,7953.338288,8403.069118,8624.580717,7966.504309,7870.599026,8610.318837,7899.569863
Middle East & North Africa,7127.0925,8276.500891,8832.864013,8604.303645,8477.612523,7339.77033,7227.706557,7373.779695,7907.453769
Late-demographic dividend,6191.182895,7503.759615,7979.774666,8551.768029,8807.920491,8201.970274,8155.857206,8980.592498,8046.603209
Suriname,8303.31332,8319.67216,9232.505153,9491.570453,9554.562288,8617.76176,5645.334104,5317.389539,8060.263597
Nauru,4912.599558,7233.946609,10099.422,10036.18321,9872.638314,8052.888385,7821.298918,8844.742806,8359.214975
Grenada,7365.641538,7410.477525,7583.188055,7956.076548,8569.926734,9333.270231,9892.479497,10451.02988,8570.26125
St. Lucia,8008.197165,8272.394547,8216.015524,8367.27622,8596.351698,9155.653328,9188.412753,9715.194786,8689.937003
Lebanon,8858.283972,8734.189185,8959.258471,8807.901335,8660.036928,8529.51366,8571.126248,8808.589448,8741.112406
Europe & Central Asia (excluding high income),7761.79172,9542.526499,10051.19234,10622.26736,9851.466165,7473.985718,7120.114864,7949.48258,8796.603407
Gabon,8754.113376,10716.20258,9774.181017,9679.758914,9692.182125,7448.715685,7078.72954,7413.795207,8819.709806
Maldives,7100.405899,7395.6878,7473.195629,8291.485295,9056.65344,9821.690574,10319.09716,11151.06921,8826.160626
Latin America & Caribbean (excluding high income),8537.477238,9514.015897,9440.558257,9553.442718,9736.740263,7887.48546,7625.333388,8346.412653,8830.183234
Europe & Central Asia (IDA & IBRD countries),8238.80164,9964.342753,10345.93259,10919.22794,10265.95048,7940.095906,7611.036783,8489.240866,9221.828619
East Asia & Pacific,7676.519264,8842.715957,9401.308252,9446.006094,9663.544276,9546.451968,9792.967022,10367.79943,9342.164032
Romania,8209.919456,9104.995622,8535.046876,9555.244217,10026.97358,8977.498544,9567.097782,10819.24402,9349.502512
Latin America & the Caribbean (IDA & IBRD countries),8880.204872,10008.32737,9985.93354,10114.33737,10194.20621,8602.549078,8287.516175,9108.508585,9397.697901
Mauritius,8000.376432,9197.026972,9291.227619,9637.00265,10153.93822,9260.447303,9681.618567,10490.50397,9464.017716
Latin America & Caribbean,8964.833879,10075.44979,10062.74462,10194.61279,10278.24089,8742.394298,8442.551096,9271.592224,9504.052449
Mexico,9016.457927,9912.582362,9940.468561,10400.56316,10582.41053,9298.242878,8450.49401,8910.333177,9563.944075
Caribbean small states,9059.000053,9724.12451,9978.387147,10020.57332,10121.31048,9835.190116,9339.012783,9448.224139,9690.727818
Malaysia,9071.356987,10405.12062,10779.50751,10882.2891,11183.72943,9655.137377,9515.194318,9951.544153,10180.48494
World,9525.491732,10459.02924,10573.05428,10747.40572,10908.98483,10199.10345,10229.45284,10748.71013,10423.90403
Costa Rica,8199.414621,9186.59639,9985.36959,10569.66631,10630.9979,11393.02842,11767.50425,11677.26904,10426.23082
Kazakhstan,9070.488253,11634.0019,12386.7,13890.63177,12807.26069,10510.77189,7714.841844,9030.318806,10880.62689
Brazil,11224.15408,13167.47289,12291.46685,12216.90446,12026.61939,8750.222996,8650.376373,9812.278531,11017.43695
American Samoa,10352.82276,10375.99422,11660.32953,11589.853,11598.75174,11901.97526,11744.81555,11394.4753,11327.37717
Turkey,10672.40036,11340.82227,11720.31301,12542.72093,12127.46146,10984.80288,10862.72643,10546.15256,11349.67499
Palau,8933.219345,9380.824312,10340.51932,10771.78298,11646.68152,13769.44758,14136.84137,13338.09655,11539.67662
Panama,8080.838225,9354.979419,10715.71661,11879.75653,12787.3062,13627.69475,14366.85289,15196.39734,12001.19275
Russian Federation,10674.9972,14351.21205,15434.57478,16007.08999,14125.90873,9314.544997,8744.964198,10749.05607,12425.2935
Small states,11119.49132,13187.4884,13509.26909,13742.03921,13857.05752,11570.00712,11174.33536,11979.44727,12517.39191
Argentina,10276.2605,12726.90836,12969.70712,12976.63642,12245.25645,13698.29344,12654.355,14398.35877,12743.22201
Antigua and Barbuda,12174.6978,11931.204,12517.55794,12194.54959,12900.903,13602.42124,14506.60354,14803.01093,13078.8685
Croatia,13932.07421,14578.2901,13250.75712,13663.51913,13606.89344,11773.26466,12371.00216,13386.51286,13320.28921
Poland,12597.86239,13890.69624,13143.52122,13780.19061,14345.18606,12556.35575,12430.6296,13863.54842,13325.99879
Central Europe and the Baltics,12566.58767,13871.63242,12997.92622,13709.66251,14151.43364,12461.01009,12774.25888,14176.86571,13338.67214
Hungary,13092.23376,14118.12263,12888.30459,13668.22605,14197.837,12503.68207,12839.58454,14278.8745,13448.35814
Seychelles,10804.68447,12189.09516,12006.64168,14765.68233,14700.36313,14745.31375,15077.84844,15629.30594,13739.86686
Other small states,12360.35162,14908.22617,15235.14459,15505.94514,15602.96821,12631.46069,12206.13266,13211.78863,13957.75221
Latvia,11326.21947,13702.68947,13822.80559,15032.28201,15716.36907,13639.69412,14133.68295,15684.55852,14132.28765
Chile,12860.17764,14705.69242,15431.90293,15941.39722,14794.31583,13736.63569,13960.89421,15346.4497,14597.18321
Lithuania,11984.86857,14357.73523,14341.18163,15693.78673,16545.12267,14291.90642,14982.53305,16809.64826,14875.84782
Uruguay,11938.212,14166.49909,15092.06819,16881.20568,16737.89827,15524.84247,15298.35089,16245.59837,15235.58437
Equatorial Guinea,17136.44568,21451.88617,21557.65187,20246.99308,19245.65151,11213.47523,9218.987324,9697.630234,16221.09014
Barbados,16203.15557,16610.41835,16536.21464,16326.91348,16261.79932,16129.04928,15891.62655,16356.98011,16289.51966
St. Kitts and Nevis,14904.94842,15742.95529,15219.1976,15977.28383,17061.30296,17247.17086,17492.80719,17924.06546,16446.21645
Slovak Republic,16600.61359,18187.15744,17274.6423,18191.61279,18629.77966,16182.30372,16544.22781,17579.2594,17398.69959
Northern Mariana Islands,14681.02308,13628.08166,13980.41625,14471.83359,15513.69612,16984.09224,22717.77257,28888.00232,17608.11473
Estonia,14638.60482,17454.84342,17421.89022,19072.23852,20247.1993,17412.44867,18228.05825,20200.37559,18084.45735
Trinidad and Tobago,16683.42242,19004.15714,19083.21481,19713.37929,20081.52191,17941.23794,16334.21714,16126.37095,18120.9402
Oman,19281.00081,20986.08496,22134.80137,21227.21235,20469.13865,16410.61297,14902.83148,15267.44502,18834.89095
Czech Republic,19808.07109,21717.45794,19729.87051,19916.01939,19744.55861,17715.61685,18463.38658,20379.89604,19684.35963
Portugal,22538.65408,23196.18375,20577.40264,21618.73534,22077.53613,19252.63495,19977.39849,21291.43121,21316.24707
Greece,26917.75898,25916.29353,22242.68193,21874.8195,21760.9798,18167.77372,18116.45962,18885.47598,21735.28038
Saudi Arabia,19259.58726,23770.74739,25303.09462,24934.38614,24575.40304,20732.86172,19982.08563,20849.29137,22425.93215
Slovenia,23437.47202,24985.24827,22532.43564,23357.9392,24202.43084,20873.16111,21650.21276,23601.40278,23080.03783
Bahrain,20722.10389,22512.1596,23649.36661,24737.17178,24983.37902,22688.87824,22628.95679,23739.15717,23207.64664
Malta,21087.79469,22835.37683,21916.97221,23820.36341,25811.878,23715.53414,24758.69562,26748.20741,23836.85279
Europe & Central Asia,23565.09331,26045.54192,25004.44598,26008.54232,26234.86696,22479.90501,22306.88812,23488.46399,24391.71845
Aruba,23512.6026,24984.27945,24709.60226,25018.30895,25528.40378,25796.38025,25251.63968,25655.10202,25057.03987
"Korea, Rep.",22086.95292,24079.78852,24358.78218,25890.01867,27811.36638,27105.07623,27608.24743,29742.83886,26085.3839
Cyprus,30818.47993,32233.64339,28984.94455,27942.30127,27407.15286,23217.48415,24019.13787,25658.79966,27535.24296
Puerto Rico,26435.74879,27278.88305,27944.73389,28513.16574,28981.45733,29764.05389,30518.40675,,28490.92135
Spain,30736.62785,31835.2888,28563.85904,29211.77375,29623.16445,25817.38661,26622.29914,28208.30041,28827.33751
"Bahamas, The",27979.11493,27472.25617,28815.5274,28171.986,28671.34697,30483.8201,30260.30591,30762.01244,29077.04624
Guam,30700.43401,30862.11,32499.23425,33272.01871,34404.5674,35291.13642,35562.56753,35675.79417,33533.48281
Italy,35849.3732,38334.68385,34814.12512,35370.27526,35396.66572,30170.5166,30829.52874,32110.02726,34109.39947
European Union,33729.04271,36457.21928,34284.37899,35635.81363,36736.24173,32263.28704,32367.33966,33836.44744,34413.72131
Israel,30658.92276,33701.48913,32543.63936,36343.89612,37733.85658,35855.27504,37371.62691,40543.58417,35594.03626
Virgin Islands (U.S.),40043.19017,39144.16577,37849.72872,34819.14775,33573.09703,34899.26655,,,36721.43267
OECD members,35888.60321,38370.69754,38080.27733,38336.22466,38886.05388,36500.18174,36975.13067,38283.35952,37665.06607
Euro area,37635.92867,40639.34871,37635.47239,39143.05337,39884.91309,34410.4318,35162.33199,36984.31126,37686.97391
Brunei Darussalam,35268.10117,47017.0273,47651.25909,44597.27968,41530.66898,30967.89051,26939.41802,28290.5852,37782.77874
Andorra,39736.35406,41098.76694,38391.08087,40619.7113,42294.99473,36038.2676,37231.81567,39146.54884,39319.6925
Kuwait,38497.61696,48268.5912,51264.07134,48399.80782,42996.31522,29109.06874,27368.28668,29040.36371,39368.01521
"Hong Kong SAR, China",32549.99823,35142.48793,36730.8767,38403.77771,40315.28556,42431.88828,43737.04197,46193.61452,39438.12136
New Zealand,33692.01083,38426.55081,39970.25624,42949.32684,44560.64037,38649.3785,40331.9591,42583.08473,40145.40093
France,40638.334,43790.7354,40874.71596,42592.95152,43008.65257,36613.37522,36870.21913,38484.18992,40359.14672
High income,38184.62607,41062.91509,40872.59833,41113.50985,41712.61907,39244.33,39790.65184,41352.35816,40416.70105
United Arab Emirates,35037.89267,40434.36635,42086.68995,43315.14149,44443.06151,39122.04971,38517.80039,40698.84934,40456.98143
Japan,44507.67639,48167.99727,48603.47665,40454.44746,38109.41211,34567.74568,38972.34064,38430.29124,41476.67343
Post-demographic dividend,39500.1343,42281.84845,42056.9334,42282.79946,42946.90362,40459.37139,41173.35527,42683.07439,41673.05253
United Kingdom,39079.84261,41652.55709,42018.72546,42938.42518,46967.66814,44472.1517,40539.91961,39953.57306,42202.85785
Germany,41785.55691,46810.32796,44065.24891,46530.91143,48142.8272,41394.65816,42443.46507,44665.50637,44479.81275
Belgium,44380.17663,47743.78053,44826.43961,46680.38982,47355.31201,40431.95262,41454.52493,43467.4459,44542.50276
Greenland,43988.33249,47186.98147,45936.76595,47262.28276,50408.33455,44912.26609,48159.66532,,46836.37552
Finland,46202.41516,50790.72415,47415.55987,49638.07713,49914.61864,42494.65662,43493.41934,45804.65421,46969.26564
Canada,47447.47602,52082.21076,52496.69487,52418.31506,50633.20882,43327.17364,42105.90006,44870.77616,48172.71942
Austria,46858.04327,51374.95841,48567.69529,50716.70871,51717.49594,44176.67174,45103.32981,47380.82964,48236.9666
Netherlands,50950.03434,54159.34661,50073.00566,52184.06185,52830.17423,45175.23189,46007.85292,48482.76621,49982.80921
Faroe Islands,47397.90292,50789.0486,48421.80307,53612.825,57543.66906,50581.96849,,,51391.20286
Iceland,43024.92384,47516.87574,45910.0209,49522.23697,54242.05468,52428.59576,61757.94931,71311.78512,53214.30529
North America,48373.41574,50108.13409,51698.80407,53044.04674,54597.49072,55455.67256,56316.42952,58407.38221,53500.17196
United States,48466.82102,49883.11686,51603.49615,53106.9155,55032.95946,56803.47061,57904.20433,59927.93029,54091.11428
Singapore,46569.67951,53237.56491,54715.69483,56389.18178,56957.07857,54940.85814,55243.13288,57714.29663,54470.93591
Sweden,52132.91853,59666.07202,57197.19931,60347.68749,59241.60638,50832.55271,51617.54035,53253.47664,55536.13168
San Marino,68758.36862,65213.61899,56403.99483,57746.16607,54766.51307,46207.89103,47115.63807,48888.02517,55637.52698
Ireland,48711.94993,51943.96318,48945.98023,51665.17831,55628.18271,61908.79453,63558.69793,68885.45038,56406.02465
Denmark,58041.41122,61753.66007,58507.50021,61191.19263,62548.98502,53254.85059,54467.10143,57218.85196,58372.94414
Australia,51936.88871,62411.78545,67891.58681,68042.53479,62403.09553,56644.03396,49937.73139,53793.53726,59132.64924
Qatar,70306.22784,85948.07046,88564.82298,88304.87958,86852.71019,65177.22879,59044.24729,63249.42243,75930.95119
"Macao SAR, China",52374.79445,66813.34974,76496.36619,89524.84436,94004.38983,75484.28658,74017.18471,80892.82133,76201.00465
Isle of Man,73935.679,81304.85001,79028.04498,82356.82337,89941.64429,81672.0227,78730.16228,,80995.6038
Switzerland,74605.72102,88415.62806,83538.23008,85112.4644,86605.56338,82081.59712,80037.50304,80342.84634,82592.44418
Bermuda,88207.32756,85973.15842,85458.45551,85748.06541,,,,,86346.75172
Norway,87770.26684,100711.2248,101668.1707,103059.2482,97199.9191,74521.56993,70941.52527,75704.2487,88947.02169
Luxembourg,104965.3061,115761.5077,106749.0136,113625.1329,118823.6484,100428.368,101305.5277,104498.7387,108269.6554
Liechtenstein,141165.0829,158283.0763,149295.646,173528.1505,179308.0756,167590.6083,164993.1942,,162023.4048
Monaco,144569.1758,162155.4986,152000.3621,172588.8778,185152.5272,163369.0708,168010.9149,,163978.061
