"","maia_1","maia_2","maia_3","maia_4","maia_5","maia_6","maia_7","maia_8","maia_9","maia_10","maia_11","maia_12","maia_13","maia_14","maia_15","maia_16","maia_17","maia_18","maia_19","maia_20","maia_21","maia_22","maia_23","maia_24","maia_25","maia_26","maia_27","maia_28","maia_29","maia_30","maia_31","maia_32","maia_33","maia_34","maia_35","maia_36","maia_37"
"1",1,4,3,2,3,3,3,2,1,3,2,1,3,3,1,1,1,3,3,1,2,2,1,1,3,2,3,1,1,1,1,3,0,4,4,5,4
"2",4,4,4,2,2,1,3,3,2,3,1,3,2,3,5,2,3,3,3,2,2,3,4,4,5,2,4,1,2,1,3,1,2,2,2,3,3
"3",3,5,1,5,1,1,4,4,3,2,5,5,1,1,4,1,1,5,1,1,0,0,3,5,5,4,5,1,5,5,3,2,5,1,3,3,3
"4",1,2,0,4,5,3,4,5,4,2,1,2,2,2,3,2,2,3,3,3,3,2,1,4,2,2,2,1,3,4,2,2,1,3,2,3,5
"5",1,4,1,4,3,2,5,3,4,4,0,3,1,1,3,4,3,2,2,3,2,3,2,4,2,3,1,2,1,4,4,2,1,1,1,3,3
"6",2,4,4,4,5,5,5,4,3,2,3,1,4,3,1,2,2,4,3,3,3,2,4,3,3,4,3,1,2,2,1,2,2,2,1,1,2
"7",4,5,2,5,3,1,1,1,3,2,3,3,2,2,3,4,4,2,4,2,3,3,4,3,0,3,1,1,2,3,0,2,1,2,1,2,2
"8",3,5,4,3,2,2,3,4,1,2,3,1,4,3,3,2,4,1,5,5,4,4,5,5,4,4,4,2,1,3,2,4,5,1,2,3,3
"9",2,5,1,4,0,3,2,0,3,4,4,2,1,1,5,3,0,4,3,5,3,4,3,5,5,4,5,1,2,0,0,0,1,0,4,4,5
"10",4,5,4,5,1,5,3,1,4,5,5,2,3,2,1,4,5,5,5,4,3,3,4,3,5,5,5,3,4,5,5,3,4,2,5,5,3
"11",5,4,5,3,3,1,1,0,1,1,4,4,3,3,2,3,1,0,3,2,2,4,4,5,5,5,4,1,5,5,5,5,4,3,4,2,3
"12",3,4,4,4,3,3,2,3,3,4,3,2,3,2,3,3,3,3,2,3,3,3,1,4,5,5,4,3,3,3,4,2,1,2,2,2,3
"13",4,5,4,4,2,4,4,3,4,4,2,4,4,4,2,3,3,4,4,4,4,4,3,5,4,4,4,4,2,4,2,4,4,4,5,5,5
"14",4,4,3,4,5,4,5,5,4,5,2,2,4,4,1,2,3,2,3,3,1,2,4,3,4,4,4,1,4,3,1,2,2,1,3,3,2
"15",1,2,1,3,2,2,1,2,2,2,2,1,1,2,2,3,1,3,3,2,2,1,0,1,1,2,1,2,1,2,0,0,0,0,0,0,0
"16",4,2,1,5,3,4,4,3,4,2,5,3,3,3,1,2,2,3,4,3,1,1,4,2,4,2,1,0,1,0,1,2,0,3,4,4,4
"17",0,3,0,2,2,4,2,2,4,2,1,3,4,2,1,3,1,0,4,4,2,3,0,0,4,3,3,3,3,4,2,1,1,1,3,3,1
"18",3,4,4,4,3,4,3,2,2,2,4,4,3,3,3,4,4,3,3,2,3,3,4,4,4,4,4,2,2,2,2,3,2,2,2,3,3
"19",3,4,4,4,2,3,4,3,4,4,1,3,1,4,4,2,2,3,2,2,2,4,3,3,4,5,4,3,4,4,3,4,2,4,3,4,3
"20",3,4,4,3,4,4,5,2,2,1,0,2,4,4,1,5,4,5,4,4,4,3,1,1,4,1,1,1,1,0,0,0,0,0,5,5,3
"21",3,4,3,4,3,3,4,1,4,4,5,4,3,3,1,4,3,1,3,2,2,1,4,3,2,4,3,2,4,4,4,3,1,1,2,3,4
"22",4,5,4,1,3,4,4,1,4,3,4,3,2,3,2,3,1,3,3,5,2,5,3,5,5,5,4,1,3,4,1,2,0,1,3,4,5
"23",1,3,2,2,4,3,4,4,4,3,3,2,2,3,2,3,2,4,3,3,3,3,4,2,4,4,4,3,3,4,4,2,2,2,4,4,3
"24",3,4,1,2,3,4,4,2,4,3,4,3,4,3,1,5,2,5,3,1,4,4,1,2,5,5,5,4,2,1,2,1,0,3,5,5,4
"25",2,3,0,3,5,3,4,3,4,2,3,3,3,4,2,3,3,2,3,3,3,3,5,1,3,3,4,1,0,4,4,2,0,2,5,5,3
"26",5,5,3,4,4,4,4,3,4,3,4,4,2,2,3,3,1,4,2,2,1,3,4,5,3,2,3,2,1,3,2,3,2,3,2,2,3
"27",4,4,4,2,1,2,3,2,4,3,1,3,3,3,2,3,3,1,1,1,2,4,0,3,3,2,2,1,2,2,2,2,1,3,4,3,2
"28",4,4,1,2,3,3,3,3,3,3,4,4,2,2,4,2,2,4,3,3,2,2,2,4,4,2,3,2,2,2,2,2,1,1,4,4,4
"29",4,3,1,2,4,3,5,4,3,2,1,2,4,3,4,1,2,2,3,1,1,1,1,3,4,1,4,1,2,1,1,2,0,0,5,5,4
"30",4,3,2,3,2,3,3,1,2,2,4,3,2,2,3,3,2,4,3,3,3,1,1,1,2,1,1,2,1,3,3,2,1,1,2,2,3
"31",4,5,4,5,3,2,4,3,2,1,3,3,2,2,3,2,2,3,4,4,3,4,3,5,5,5,5,3,3,4,4,4,3,4,4,5,3
"32",1,3,1,3,4,3,5,4,3,3,1,1,4,4,1,3,1,4,3,3,2,3,1,3,4,3,4,2,4,5,4,1,0,0,2,3,1
"33",2,3,3,1,2,1,2,2,1,2,5,4,2,0,4,1,2,1,2,2,1,1,3,5,5,4,4,0,2,1,0,3,0,0,2,1,3
"34",4,5,4,3,2,1,4,3,4,3,1,3,1,3,1,2,3,2,3,3,3,3,4,4,4,4,3,2,3,2,2,4,3,2,4,5,5
"35",0,3,5,4,4,2,4,3,4,3,2,5,2,4,0,5,4,0,3,4,3,5,1,0,5,5,3,1,4,4,2,0,3,0,5,5,5
"36",2,3,4,3,3,3,3,4,2,3,3,3,3,3,3,3,3,3,3,3,3,3,3,3,3,3,3,3,3,3,3,3,3,3,4,4,4
"37",3,4,2,4,4,3,2,3,2,2,4,5,2,2,4,3,3,4,4,4,4,4,3,5,5,2,3,2,4,4,3,1,1,1,2,3,3
"38",3,3,3,5,2,4,3,1,3,3,1,0,4,5,1,4,3,3,4,4,5,5,4,2,4,3,3,2,1,3,2,1,3,1,2,3,1
"39",4,4,4,4,1,4,4,3,3,4,3,2,4,4,2,4,4,4,4,4,4,4,4,4,5,5,5,5,5,5,5,5,4,5,5,5,5
"40",4,4,4,5,1,3,2,2,2,1,1,2,2,2,1,3,3,2,4,4,3,4,4,4,4,4,4,4,4,4,4,4,3,3,4,4,5
"41",4,4,3,3,2,2,3,1,2,2,4,2,4,4,2,1,2,4,3,4,4,5,4,3,5,4,4,3,3,3,3,4,2,1,4,4,4
"42",3,5,1,0,3,2,3,4,4,2,3,1,4,4,1,1,1,5,3,4,2,5,0,5,5,1,1,1,3,1,1,4,1,3,2,4,4
"43",4,5,4,5,1,3,3,1,3,3,3,5,1,2,3,3,3,4,3,3,3,4,1,3,4,4,4,2,3,3,4,4,3,3,4,4,4
"44",4,4,2,2,2,4,3,1,2,4,2,4,1,1,3,1,2,2,1,1,1,1,3,3,4,4,4,5,3,3,2,1,0,2,2,2,2
"45",4,4,4,4,2,3,4,3,4,4,1,1,4,3,2,2,3,2,2,2,4,4,4,3,5,3,4,1,4,5,3,1,1,1,4,3,3
"46",3,4,4,3,3,4,4,3,3,2,1,2,2,2,2,2,3,3,3,3,3,3,3,4,3,3,4,2,2,2,3,3,3,3,4,4,3
"47",4,5,4,4,5,4,4,3,3,3,4,2,4,3,3,4,3,3,3,3,4,4,3,2,5,4,3,4,4,4,4,4,4,3,5,5,4
"48",1,4,1,1,2,2,2,2,2,2,2,3,0,2,2,4,2,3,3,3,2,3,1,2,3,2,3,3,2,3,2,1,1,1,2,2,2
"49",3,4,3,5,1,4,3,2,4,4,2,4,2,3,1,4,4,3,5,3,3,3,4,3,4,5,5,2,5,5,5,3,2,1,5,5,4
"50",3,4,3,3,2,3,3,3,4,5,4,5,1,1,4,3,2,2,2,2,1,1,3,3,4,4,5,2,2,4,2,3,2,2,4,5,4
"51",4,4,2,3,3,3,4,2,3,3,4,4,3,3,3,2,3,4,4,4,2,4,3,4,3,3,3,2,3,2,2,4,4,4,3,3,4
"52",3,3,3,4,2,2,2,2,1,2,3,4,3,3,2,2,2,2,2,3,2,2,2,2,4,4,4,2,3,3,3,2,2,3,3,3,4
"53",2,3,2,1,1,3,4,3,3,2,1,2,3,2,3,1,1,4,3,1,2,2,0,2,4,3,4,1,1,1,0,1,0,1,4,4,4
"54",4,5,4,4,1,3,5,3,3,4,2,3,2,3,1,3,3,4,3,4,2,4,4,3,4,4,4,4,4,4,4,4,3,4,4,4,5
"55",3,4,3,5,2,3,3,3,3,3,4,4,1,1,2,2,3,3,3,2,3,2,4,4,5,4,5,3,4,3,2,3,3,3,3,3,3
"56",2,3,1,1,4,3,3,4,4,4,3,1,1,2,4,2,2,2,3,1,1,0,1,4,4,4,2,2,4,2,2,2,1,1,4,4,4
"57",3,4,4,3,4,3,3,2,3,4,5,3,1,1,4,3,4,5,4,4,5,5,5,4,5,4,4,3,4,5,5,4,4,5,5,3,3
"58",2,4,2,2,3,1,2,2,2,3,3,2,3,3,2,2,1,3,2,1,1,2,1,3,4,2,4,3,3,3,2,1,1,0,2,1,2
"59",3,4,4,3,5,5,5,5,4,4,2,2,4,5,4,5,5,4,4,3,4,4,4,4,3,3,4,3,2,2,3,4,2,3,4,4,4
"60",4,5,3,5,3,4,2,2,4,3,5,4,1,2,3,3,1,3,2,2,3,1,1,0,5,4,4,1,3,2,2,2,0,1,1,4,4
"61",4,4,3,4,2,3,4,3,4,4,3,3,5,5,2,3,3,4,4,4,3,4,3,2,2,2,2,3,4,4,4,2,2,3,4,4,4
"62",4,4,4,2,4,3,3,3,3,3,4,4,2,3,3,2,1,1,2,3,2,2,2,2,2,3,2,3,3,4,3,3,2,3,2,3,3
"63",2,5,5,2,3,2,3,1,3,2,5,5,3,0,5,0,1,2,3,3,2,1,1,5,4,4,5,2,3,0,0,1,3,4,4,4,4
"64",3,4,2,3,3,4,3,2,2,1,4,2,5,3,4,4,4,5,4,3,3,3,4,4,4,2,4,2,3,3,3,4,4,3,4,3,3
"65",2,4,4,4,2,4,3,1,4,4,5,4,3,1,4,2,2,4,4,3,2,2,2,3,4,4,5,2,4,3,2,5,3,3,4,4,5
"66",3,4,4,3,3,1,2,2,2,3,1,1,4,4,1,3,2,2,4,3,2,2,0,0,3,1,1,2,2,1,2,1,0,3,5,5,4
"67",4,2,5,5,1,4,5,4,5,4,1,3,4,5,1,2,0,4,4,5,4,4,5,2,5,5,5,4,4,2,2,5,4,4,5,5,5
"68",2,4,4,2,3,3,3,2,3,3,4,1,1,1,5,0,1,2,2,2,2,3,4,5,5,3,5,1,3,0,0,3,4,5,4,3,5
"69",4,5,4,2,3,2,4,4,4,3,4,4,2,4,4,5,4,4,3,4,3,3,4,4,4,4,4,1,2,4,2,3,0,2,3,3,4
"70",4,2,3,5,3,5,5,5,5,3,1,1,4,5,0,5,3,5,5,4,3,3,5,2,5,1,5,4,3,5,5,4,0,4,5,5,5
"71",4,4,3,4,3,5,3,3,4,4,1,2,3,3,1,3,4,3,2,4,2,4,3,5,5,2,2,1,1,2,3,3,2,2,4,4,3
"72",2,1,1,0,5,4,5,4,4,4,1,3,2,3,1,5,5,5,5,5,4,4,0,1,4,0,4,5,0,3,3,3,0,1,5,5,5
"73",4,4,4,2,1,4,3,2,3,5,4,1,2,1,2,1,4,4,3,3,2,5,4,4,4,2,2,2,4,2,1,3,2,2,5,4,4
"74",4,4,3,2,4,3,4,4,2,2,3,3,4,3,2,2,2,3,2,3,2,3,3,2,3,2,2,2,2,3,3,2,1,1,3,3,3
"75",4,4,5,3,1,5,4,2,5,5,2,3,1,2,3,2,2,4,4,4,3,3,4,3,4,5,5,3,3,3,2,4,3,3,5,4,3
"76",3,5,5,5,4,2,3,1,2,1,4,3,4,4,1,4,4,5,3,4,3,4,4,4,5,5,5,4,3,3,3,4,3,3,5,5,5
"77",3,4,3,5,3,1,4,3,3,2,1,4,4,4,3,2,4,4,3,2,4,4,4,4,4,4,4,3,3,1,3,3,1,2,5,5,4
"78",4,5,2,4,5,5,5,4,4,4,5,5,1,1,4,2,1,1,4,2,3,2,5,5,5,5,5,2,4,2,2,3,2,3,5,3,2
"79",4,4,3,5,3,3,4,1,3,2,3,2,2,3,2,3,3,3,3,4,4,5,3,5,5,5,4,3,4,3,4,4,3,2,4,5,5
"80",1,1,0,1,3,1,3,2,1,1,1,0,4,3,2,2,1,2,3,2,2,2,1,2,3,2,2,1,1,2,1,0,0,0,2,2,1
"81",4,3,1,4,2,2,3,1,3,2,2,1,4,4,1,4,3,4,4,3,3,1,3,4,5,4,1,4,4,5,3,2,1,2,4,4,3
"82",3,5,3,2,3,3,4,3,4,4,4,3,3,3,4,1,2,3,3,4,2,3,1,3,3,4,3,1,0,4,3,4,2,1,5,4,4
"83",5,5,3,4,4,2,3,2,3,2,2,2,4,4,2,3,3,3,3,3,3,4,3,4,3,3,3,2,2,2,2,2,2,3,4,4,3
"84",2,3,3,2,3,2,3,2,4,4,1,1,4,3,2,3,3,3,1,2,4,3,1,3,3,2,3,3,3,3,2,3,2,3,4,4,4
"85",4,4,5,4,2,3,3,2,3,2,1,1,4,4,2,4,4,4,4,3,3,3,2,2,3,4,2,4,3,5,4,3,3,3,4,3,4
"86",4,5,4,5,4,4,3,4,4,3,1,2,2,4,2,3,3,4,4,3,3,3,2,4,4,4,3,3,3,2,3,3,2,3,4,4,4
"87",3,5,4,5,3,3,2,3,3,3,3,2,3,2,3,3,3,4,3,2,3,3,4,5,5,5,5,3,2,3,3,3,1,1,5,4,4
"88",4,4,3,3,5,3,4,3,3,3,1,2,3,4,1,3,3,3,3,2,2,3,2,3,4,2,2,1,1,2,1,1,1,2,4,4,3
"89",2,3,3,3,3,1,5,5,2,1,3,1,4,4,1,1,1,1,2,1,2,1,1,1,2,1,1,2,2,4,4,1,1,1,3,1,3
"90",3,4,3,1,2,3,4,3,3,3,2,4,4,2,3,3,2,4,3,3,2,2,2,3,4,4,4,2,3,4,2,1,1,2,4,4,4
"91",4,5,4,4,2,4,3,3,4,4,1,3,2,1,3,3,2,4,4,3,3,4,5,4,4,3,3,1,1,1,1,4,2,1,2,2,4
"92",4,4,4,4,1,1,2,2,2,2,1,2,4,4,2,4,4,4,4,4,1,3,4,2,5,4,2,4,4,4,4,3,3,3,4,5,2
"93",3,3,5,1,4,3,4,4,2,2,4,5,4,5,1,1,2,1,4,3,4,4,5,4,5,5,5,2,2,2,0,3,0,3,4,1,1
"94",4,4,3,3,2,3,4,3,2,1,2,2,3,4,2,4,3,2,2,3,1,4,2,3,4,5,4,3,4,4,1,3,3,2,3,4,5
"95",4,4,3,4,1,2,3,4,3,3,3,2,3,3,2,1,1,2,2,2,3,3,3,3,3,3,3,2,3,3,2,3,2,3,3,4,4
"96",4,5,4,4,3,4,4,3,4,5,2,1,4,4,1,4,4,2,3,3,4,3,5,5,2,2,2,4,3,3,3,4,4,4,5,5,5
"97",4,4,3,4,4,2,3,2,3,3,3,2,3,4,2,2,2,4,3,2,3,3,3,4,3,2,2,3,2,2,2,3,1,2,3,3,4
"98",3,3,1,1,3,3,3,4,2,3,4,2,4,2,4,1,2,1,1,1,1,0,1,4,2,3,4,1,0,1,1,2,1,2,1,2,2
"99",0,5,0,2,4,4,4,2,3,3,3,5,5,3,3,0,0,3,3,2,3,2,0,0,4,3,0,0,2,3,0,0,0,0,1,0,4
"100",5,5,5,5,3,3,4,4,3,3,1,0,4,4,1,3,4,5,4,3,4,5,5,3,5,3,3,2,3,4,2,4,1,2,5,5,5
"101",2,3,2,4,4,3,4,4,3,2,4,4,3,3,3,1,1,3,2,1,1,2,1,5,3,3,3,1,2,2,1,4,2,1,4,4,3
"102",4,5,4,5,1,2,4,4,3,3,4,4,2,4,3,3,4,4,4,4,4,3,5,4,3,3,4,2,3,4,4,5,4,3,5,4,3
"103",4,4,4,4,1,1,2,1,3,1,2,1,3,4,3,3,3,4,4,3,2,3,4,4,4,4,4,3,3,3,3,3,1,3,4,3,3
"104",4,4,3,4,2,3,4,4,3,3,1,3,2,3,2,3,2,4,3,2,3,2,4,3,5,4,4,2,5,3,3,3,2,4,3,4,4
"105",4,5,5,4,3,4,4,4,4,4,2,3,3,3,2,2,3,3,4,4,2,2,5,3,3,3,3,3,3,3,1,4,4,2,5,5,3
"106",5,5,5,5,2,3,4,4,4,1,2,2,3,4,1,4,4,2,4,4,4,3,1,0,5,4,3,4,3,4,2,4,2,4,4,4,4
"107",4,5,4,4,3,2,4,3,4,3,3,2,4,3,2,3,5,3,3,5,4,5,4,5,4,3,3,2,2,4,5,4,2,3,2,2,5
"108",3,4,4,5,5,4,4,4,4,4,3,3,3,4,1,4,3,2,2,4,4,4,5,2,4,5,5,2,2,4,4,3,1,2,4,5,4
"109",4,4,4,3,1,3,3,1,4,3,5,4,2,2,3,2,2,2,3,3,3,3,3,2,3,2,3,3,3,2,3,2,2,2,4,4,3
"110",3,3,2,1,3,3,3,2,3,3,4,3,2,3,2,2,2,3,4,3,3,4,2,2,4,3,2,2,3,4,4,3,2,1,4,4,4
"111",4,5,4,5,3,4,2,3,4,4,3,5,0,2,3,3,4,5,3,3,3,2,3,5,5,2,4,4,3,3,1,3,2,3,2,3,3
"112",1,5,1,4,3,2,4,4,2,2,3,3,2,3,2,4,4,4,4,3,3,3,2,1,4,4,3,4,4,3,3,2,1,1,4,4,3
"113",4,5,2,3,4,4,5,5,4,3,2,1,4,4,1,0,2,1,2,1,1,3,2,3,5,2,3,1,1,3,4,0,0,1,5,5,4
"114",4,5,2,1,5,2,4,3,4,4,4,4,1,1,2,2,5,5,5,5,5,5,4,3,3,4,4,1,2,2,2,3,1,1,2,2,4
"115",2,1,2,3,3,3,4,2,4,3,2,2,3,2,2,1,1,1,2,1,1,4,3,3,3,2,4,1,2,1,1,1,1,1,3,3,3
"116",1,4,3,3,5,5,4,4,5,5,2,0,5,4,1,4,4,1,4,3,3,4,2,5,4,4,4,4,2,3,3,2,2,4,5,5,5
"117",3,4,2,4,3,4,2,4,4,3,4,3,1,2,3,2,2,3,3,3,3,3,4,2,2,3,3,1,2,3,2,3,3,2,3,4,3
"118",3,4,3,3,4,4,4,4,4,4,3,3,3,3,3,4,3,3,3,4,1,3,1,5,5,4,5,3,4,4,4,3,2,3,5,5,4
"119",4,5,5,3,5,5,5,5,3,5,4,3,4,4,2,4,4,4,4,2,3,3,5,4,5,4,5,3,4,4,4,0,1,2,4,4,4
"120",2,4,2,3,2,2,3,2,3,3,1,4,2,1,4,2,1,1,1,1,2,3,2,2,4,3,2,2,4,3,2,2,1,2,5,5,5
"121",3,4,3,5,1,4,5,2,5,5,1,5,1,1,3,1,5,4,2,4,1,4,4,1,4,4,2,1,1,1,1,4,0,4,3,3,4
"122",4,4,3,3,4,4,4,3,4,3,2,1,4,4,1,3,1,3,2,1,3,2,1,5,2,4,5,1,1,1,1,1,0,1,4,3,3
"123",4,4,3,3,4,4,4,3,4,3,2,1,4,4,1,3,1,3,2,1,3,2,1,5,2,4,5,1,1,1,1,1,0,1,4,3,3
"124",3,4,4,2,4,1,4,2,3,3,4,3,1,1,3,3,2,4,2,2,1,0,2,2,4,2,3,1,0,1,1,1,1,1,1,1,3
"125",4,4,3,2,3,3,3,3,3,4,3,3,3,2,3,1,2,2,3,3,3,3,4,3,5,4,4,3,3,3,3,3,2,3,4,4,3
"126",4,4,3,4,3,5,4,4,5,4,2,3,2,2,3,5,3,4,3,2,3,3,5,3,5,4,5,2,3,4,3,2,1,1,3,3,4
"127",5,4,4,4,1,1,1,1,2,3,2,4,2,4,2,2,4,5,3,3,4,4,4,3,5,3,5,3,5,5,4,4,3,3,4,4,5
"128",4,4,3,5,1,2,3,1,2,3,3,1,4,1,4,1,1,4,4,3,2,3,5,5,5,5,5,2,4,4,3,4,2,3,2,3,2
"129",4,4,4,4,4,3,3,2,3,3,5,2,2,3,3,2,3,3,4,3,3,4,2,4,2,2,2,3,4,3,2,4,2,1,4,3,4
"130",4,5,4,5,4,1,2,3,2,3,2,3,3,2,5,3,4,5,4,4,4,4,4,4,5,5,5,4,4,5,4,5,3,4,4,4,5
"131",2,5,1,4,1,3,3,1,4,3,4,3,3,3,3,1,2,1,1,4,2,2,2,3,4,4,4,4,4,1,1,1,1,1,3,3,2
"132",3,5,3,2,3,4,4,2,3,3,5,4,1,1,4,3,3,1,3,3,1,4,5,4,5,4,3,3,3,2,1,3,2,2,3,4,5
"133",5,4,3,4,4,2,4,4,2,2,4,3,4,4,1,4,4,5,4,4,4,3,2,1,1,1,2,1,3,3,1,1,1,1,3,3,3
"134",3,4,4,3,2,1,2,1,1,0,2,3,3,3,2,2,2,3,3,3,4,3,4,4,4,4,4,4,3,3,2,3,3,4,5,5,5
"135",4,4,5,5,3,3,4,2,3,4,3,4,4,4,3,3,2,5,2,1,3,3,4,4,5,4,4,5,3,4,2,3,2,4,3,4,4
"136",4,5,5,5,3,2,2,3,2,3,4,2,3,4,2,3,5,4,3,3,4,5,5,4,4,5,4,4,4,4,3,4,3,3,3,4,4
"137",3,4,3,4,4,2,4,4,3,3,1,1,4,2,2,2,2,3,2,2,3,2,4,4,5,5,5,2,2,3,2,3,4,3,4,4,3
"138",1,3,2,4,2,4,2,1,4,3,1,3,2,2,1,3,3,4,4,3,3,4,1,4,3,2,4,3,2,3,3,2,1,1,5,4,4
"139",3,5,4,1,5,4,4,4,4,5,4,2,4,4,1,2,2,2,3,2,4,3,5,5,4,1,1,1,3,4,3,5,5,4,2,1,4
"140",4,5,2,2,3,4,4,5,4,3,1,1,4,4,3,4,3,3,5,4,2,2,2,2,4,4,4,4,3,4,3,2,2,3,4,3,4
"141",2,3,1,1,4,2,2,1,2,1,3,3,3,2,2,1,2,3,2,2,2,4,1,1,3,1,1,2,3,3,1,3,0,1,3,3,3
"142",4,5,4,3,2,2,3,2,3,3,3,2,3,2,2,2,3,3,4,3,3,3,3,4,3,4,4,2,4,4,2,3,2,3,3,3,4
"143",2,4,2,1,2,4,4,2,2,1,5,5,1,2,2,4,3,4,5,5,3,5,2,5,4,1,5,2,5,1,3,2,1,1,3,4,4
"144",2,4,3,5,0,2,0,1,1,1,2,1,4,3,2,4,3,5,4,4,1,2,4,2,5,3,4,4,3,4,4,3,5,1,4,4,4
"145",5,5,5,5,2,2,3,2,0,2,5,5,0,0,4,2,3,3,3,3,3,3,5,5,5,5,5,3,4,5,5,5,2,4,3,3,4
"146",2,4,3,2,1,4,4,4,4,3,4,1,2,1,2,3,1,2,3,1,2,3,1,3,4,3,3,2,3,1,2,1,2,1,1,1,2
"147",3,5,4,3,4,4,3,3,4,3,1,2,4,3,1,3,3,4,4,3,3,3,2,4,4,4,4,2,2,2,3,3,3,2,2,3,4
"148",4,4,2,2,3,3,2,4,3,4,4,3,3,2,2,0,2,2,1,2,1,2,1,3,3,0,2,2,3,2,3,2,2,2,4,4,4
"149",1,3,4,2,5,4,3,5,3,3,0,2,2,4,3,2,2,4,3,3,2,4,2,1,1,2,2,2,4,4,4,2,3,2,4,5,4
"150",5,5,5,5,1,1,4,1,3,0,4,4,4,5,5,5,5,1,5,5,2,5,5,5,5,5,5,2,5,5,5,5,4,4,5,5,5
"151",3,3,4,5,2,3,2,3,3,1,4,2,3,3,5,3,3,4,4,2,0,1,2,5,5,4,5,2,2,2,1,0,0,1,1,2,3
"152",1,3,3,2,4,1,4,2,1,2,4,1,4,3,2,2,2,3,2,1,1,0,2,2,3,3,4,2,1,2,4,3,1,0,0,1,1
"153",5,5,4,4,2,3,4,3,4,5,3,2,4,3,2,3,4,3,4,3,2,3,4,5,5,4,4,2,4,4,2,5,4,4,5,2,5
"154",1,3,3,1,3,4,5,5,3,2,4,4,2,4,4,0,4,4,3,2,2,4,1,4,4,4,3,2,1,1,0,4,3,4,3,2,3
"155",2,5,3,4,1,2,1,1,1,1,3,3,3,1,2,3,2,2,1,2,2,2,2,3,3,3,3,2,1,2,1,1,3,1,1,1,3
"156",4,4,5,4,2,3,3,2,4,3,2,1,4,4,1,3,3,3,4,3,3,4,4,4,5,5,5,3,4,4,3,4,4,4,4,4,4
"157",4,4,4,2,2,2,4,2,2,2,3,2,4,3,2,4,4,4,4,4,3,3,4,4,5,3,5,3,2,3,4,4,4,4,5,5,4
"158",3,4,4,4,2,3,3,1,3,2,2,5,4,4,1,1,1,2,1,3,1,2,2,3,4,4,5,4,4,4,4,4,4,4,4,4,4
"159",2,3,2,3,4,3,3,4,2,3,2,4,1,4,2,4,4,3,3,2,4,3,2,1,3,4,4,1,1,3,2,1,2,3,3,3,3
"160",5,5,3,2,3,3,3,4,1,0,4,3,3,4,2,2,2,2,3,1,1,2,3,5,5,3,3,2,2,2,2,3,2,2,4,4,3
"161",4,2,3,3,1,1,3,2,1,1,1,2,4,4,0,3,3,4,2,2,2,2,1,1,2,2,3,1,1,4,4,1,0,0,4,4,4
"162",4,5,3,3,4,2,4,3,2,2,4,5,1,2,3,4,2,1,2,2,2,2,1,4,4,3,2,2,2,3,1,3,2,2,3,3,3
"163",4,5,2,5,0,5,5,5,5,5,5,5,1,2,5,0,0,2,2,1,1,1,4,5,3,4,4,2,4,3,1,5,4,4,0,0,0
"164",2,3,2,2,4,4,4,4,3,4,0,0,5,4,1,1,1,3,2,2,3,3,3,3,3,2,2,2,1,2,1,1,0,2,5,5,5
"165",2,4,4,1,3,2,4,3,4,3,4,4,2,3,1,3,2,4,4,3,3,4,1,1,4,3,5,3,4,5,4,3,2,4,5,4,5
"166",5,3,2,4,4,4,5,5,3,3,1,1,4,3,1,4,4,5,5,4,4,5,3,1,3,5,4,5,4,5,5,1,1,2,5,5,3
"167",4,4,3,5,1,2,2,3,2,1,0,1,1,2,2,3,3,4,4,3,3,4,5,5,5,5,5,5,5,5,5,5,5,5,5,5,5
"168",3,3,2,3,2,4,4,4,4,4,2,2,3,3,3,3,4,5,4,3,3,3,5,5,3,3,3,3,3,3,3,3,3,3,5,5,4
"169",4,4,4,4,1,4,4,3,4,3,0,0,3,4,1,4,4,4,4,4,3,4,2,2,5,5,4,2,4,5,5,3,2,3,5,5,5
"170",2,4,5,4,3,3,4,4,4,4,3,4,2,3,1,3,3,4,4,1,2,4,3,2,4,1,2,4,2,3,3,2,2,2,3,3,4
"171",2,4,3,1,4,4,4,4,4,4,3,3,2,3,2,1,2,2,2,2,2,2,3,3,3,2,3,2,1,1,1,0,0,1,2,2,2
"172",4,4,4,2,4,1,2,3,3,3,1,1,4,4,1,4,4,3,4,4,4,3,3,2,4,1,4,3,4,3,2,1,3,0,3,3,1
"173",3,2,4,3,2,1,1,1,2,2,4,3,3,2,3,2,3,3,4,1,4,4,5,4,3,3,4,3,2,4,2,4,4,4,4,4,4
"174",4,5,3,3,1,4,4,1,3,3,2,3,1,1,3,2,1,1,2,2,0,2,4,4,5,4,5,3,2,0,0,4,2,3,4,3,3
"175",1,1,1,1,1,2,2,5,5,4,1,0,5,5,0,4,4,4,4,4,4,4,3,3,5,5,5,5,5,5,4,5,5,5,4,5,4
"176",2,3,2,3,3,4,3,4,4,4,3,3,3,1,2,3,2,4,3,2,2,2,2,2,4,4,4,3,4,4,3,2,1,1,2,2,3
"177",4,4,4,2,3,4,4,3,3,2,3,4,3,2,3,1,1,3,2,2,2,2,2,4,4,1,3,1,2,3,3,2,2,2,4,3,3
"178",2,4,0,4,2,4,3,3,4,2,3,3,2,1,3,3,3,4,3,4,1,2,1,5,1,1,1,1,2,4,2,2,1,1,5,4,5
"179",4,5,4,4,1,1,1,0,3,0,1,4,4,4,3,4,4,4,4,4,3,5,4,5,5,5,4,3,3,4,4,4,4,5,4,4,5
"180",0,1,0,0,0,0,1,2,2,1,3,2,1,1,0,1,0,1,1,0,0,0,0,0,1,0,0,2,0,0,0,1,0,0,5,5,4
"181",5,5,2,4,3,3,5,4,3,3,2,2,4,4,4,1,3,3,4,3,2,3,2,4,4,1,3,2,3,4,4,0,0,3,5,5,4
"182",4,5,5,1,2,3,1,1,1,1,4,1,4,3,2,4,1,2,3,3,1,4,4,5,5,5,5,2,4,3,1,4,1,4,4,5,5
"183",5,4,4,0,1,2,2,1,0,0,3,4,4,3,2,0,5,1,4,3,1,4,1,2,5,2,4,1,3,1,1,5,4,5,2,2,4
"184",3,4,2,4,2,3,4,3,4,2,4,3,4,4,1,3,3,4,3,4,2,3,4,4,5,5,4,3,5,4,4,4,3,3,5,4,5
"185",2,4,5,5,5,5,5,4,5,4,5,1,4,2,2,4,4,5,3,4,4,2,3,4,5,5,5,2,3,4,3,0,0,0,4,4,1
"186",5,5,5,5,1,3,4,3,3,3,2,2,2,2,2,1,1,2,2,2,2,3,4,5,5,5,5,4,4,4,4,5,4,4,4,4,5
"187",4,4,3,4,3,3,5,3,4,3,2,2,4,4,4,4,3,3,4,4,4,3,4,4,5,5,4,3,2,4,3,3,3,3,4,4,4
"188",4,4,4,3,1,3,2,2,3,1,5,1,3,3,3,2,2,5,4,4,1,3,3,5,5,5,5,1,5,3,4,4,2,3,4,4,5
"189",3,4,2,4,4,3,3,3,3,2,2,1,3,3,1,3,3,4,3,2,2,2,4,4,4,4,4,3,2,2,3,2,2,3,5,4,4
"190",1,5,3,3,4,1,3,4,5,3,1,2,1,4,2,3,4,4,4,3,3,3,4,5,5,4,4,4,3,4,5,2,3,2,3,3,3
"191",4,5,4,2,2,3,2,2,3,3,4,3,1,2,3,1,2,2,2,1,1,1,2,1,3,4,3,4,4,3,1,2,1,1,1,2,3
"192",5,5,5,5,2,3,4,4,5,3,1,0,5,4,0,5,5,5,5,5,5,5,2,2,4,5,5,5,5,5,5,5,1,3,5,5,5
"193",5,5,4,5,3,4,2,3,4,4,4,3,3,3,5,5,5,2,4,5,4,5,3,5,5,3,5,5,1,4,5,3,5,5,5,5,5
"194",3,3,3,2,3,2,4,4,4,4,1,0,5,5,1,2,1,3,3,3,2,3,0,0,0,0,0,3,0,3,3,0,0,0,5,5,5
"195",2,3,3,3,4,4,5,4,3,4,3,2,3,4,1,4,3,2,3,3,3,3,3,4,5,3,4,3,4,3,2,3,3,4,4,4,4
"196",4,4,4,4,1,2,2,1,2,2,5,5,4,0,5,4,4,3,4,4,1,2,4,4,5,5,5,3,4,4,4,4,3,3,4,4,4
"197",3,4,2,4,4,3,2,4,4,4,4,5,1,1,4,3,3,2,2,2,3,2,4,3,2,2,2,1,2,2,1,2,2,2,3,3,3
"198",4,5,4,5,3,2,3,3,2,2,3,4,2,2,3,1,2,2,2,3,3,3,3,3,3,3,3,3,3,1,1,2,1,1,3,3,3
"199",4,4,4,3,2,2,3,3,4,3,1,1,4,3,3,2,2,5,4,4,3,2,2,2,3,4,4,1,3,4,4,3,1,5,5,5,5
"200",4,5,3,4,3,2,5,1,4,3,1,2,4,4,2,3,4,4,4,4,4,5,4,3,5,5,4,3,4,4,3,4,2,3,5,4,5
"201",3,4,1,4,1,1,2,1,2,4,4,3,2,3,1,1,1,3,3,4,3,5,5,2,3,5,5,0,5,3,1,3,3,2,4,4,5
"202",3,5,4,4,5,3,5,4,3,3,4,1,4,5,3,2,2,4,3,2,2,4,5,4,5,2,4,2,2,2,2,2,3,1,4,4,3
"203",3,4,1,1,2,4,2,2,1,2,5,3,2,1,3,3,1,2,4,3,2,4,2,4,3,3,3,2,1,3,2,2,1,2,4,4,3
"204",5,5,4,5,1,2,4,3,4,5,3,3,3,4,2,3,4,4,4,4,4,3,4,4,5,5,4,5,3,4,4,3,4,3,3,3,5
"205",4,5,4,3,1,4,4,5,4,4,2,2,2,3,2,4,4,3,2,3,4,2,4,4,5,5,4,4,5,5,5,3,2,4,5,5,5
"206",4,5,5,5,2,3,3,3,3,4,2,3,4,4,2,4,4,4,3,4,3,3,4,4,5,5,4,3,3,4,3,4,3,3,4,4,4
"207",4,5,2,3,4,4,4,4,5,4,4,5,1,2,2,4,3,4,2,2,3,3,3,5,5,5,5,3,4,4,4,4,2,3,3,2,3
"208",2,5,5,5,5,1,4,4,2,2,2,1,4,4,3,4,4,5,5,4,5,4,4,5,5,4,4,3,4,4,3,3,2,2,4,4,3
"209",4,1,3,1,4,1,1,3,1,1,5,4,0,1,4,0,1,1,3,3,1,4,1,3,3,2,4,1,1,1,0,0,0,0,5,5,4
"210",4,4,4,2,2,1,2,2,5,3,2,1,4,4,2,3,3,4,4,3,3,3,4,4,5,4,4,2,4,3,2,3,1,2,3,5,4
"211",1,4,2,2,4,3,4,1,3,2,2,4,2,2,3,1,1,3,2,0,2,1,0,3,3,2,4,1,2,3,2,3,0,3,5,4,3
"212",1,5,1,3,4,4,4,3,2,4,3,1,3,4,0,1,1,2,2,2,1,2,4,4,5,0,2,0,5,5,1,1,1,0,3,3,2
"213",2,4,4,4,2,3,5,3,3,3,3,4,3,3,2,4,3,4,2,1,3,3,4,5,4,5,5,3,3,2,2,1,1,1,4,5,5
"214",2,4,4,3,4,3,3,4,4,4,3,3,4,4,2,3,3,4,3,3,4,4,3,3,4,4,4,3,3,2,2,2,0,2,5,5,4
"215",2,3,3,2,3,3,3,3,3,3,3,3,3,3,3,2,1,1,2,2,1,1,4,4,3,2,3,1,3,2,2,3,2,2,2,1,2
"216",0,2,4,4,2,2,3,1,3,2,5,4,2,1,3,3,3,3,3,3,2,2,0,1,4,4,5,2,3,1,1,2,1,2,4,4,4
"217",3,5,5,4,3,2,4,3,3,3,4,4,2,3,3,1,2,2,2,3,3,2,4,3,4,3,5,2,2,1,2,1,1,1,4,3,3
"218",1,3,2,4,3,3,4,4,4,4,3,2,3,3,2,3,3,2,2,2,2,2,2,2,2,3,3,3,2,4,2,2,2,2,3,3,3
"219",3,4,3,2,2,4,4,3,2,2,3,3,2,4,3,4,2,4,3,3,3,3,4,5,5,3,4,4,2,3,3,4,3,4,4,5,5
"220",4,4,3,4,3,2,4,4,2,1,2,1,4,4,2,1,1,2,1,1,2,3,1,1,4,4,3,1,2,3,2,1,0,1,2,2,3
"221",3,2,1,3,2,3,4,4,2,1,2,0,4,4,2,0,1,4,3,1,1,3,1,1,3,0,0,1,0,1,1,1,0,0,5,5,4
"222",4,4,4,3,2,3,2,2,4,3,4,4,3,4,3,3,3,4,2,3,3,2,1,4,4,1,4,1,3,2,3,3,2,2,3,3,4
"223",1,4,1,4,3,4,4,4,4,4,2,4,0,2,2,3,3,2,2,2,2,3,4,4,5,5,5,5,4,1,1,0,0,2,4,5,4
"224",4,5,3,3,2,2,4,2,3,3,4,4,2,2,3,2,2,2,2,3,2,4,4,4,4,3,4,3,4,3,3,5,4,4,4,3,4
"225",3,5,3,3,1,2,1,1,0,0,1,3,4,4,1,2,3,0,4,2,4,3,0,0,3,2,0,5,2,3,1,0,0,0,5,5,3
"226",4,5,5,5,0,3,3,2,4,1,4,4,3,4,2,3,3,5,5,5,3,4,4,2,5,4,4,3,4,1,3,4,3,5,5,5,5
"227",4,5,3,4,3,3,4,4,4,3,3,4,3,4,2,3,4,3,4,3,2,3,5,5,4,3,4,2,3,2,2,4,2,2,3,3,4
"228",2,4,3,4,4,4,3,4,1,1,3,4,1,3,1,5,2,4,4,3,1,2,2,3,4,4,2,2,5,5,2,1,0,1,3,4,3
"229",4,5,5,5,2,2,2,0,3,4,3,4,2,4,1,4,4,5,5,2,2,3,5,5,5,5,5,1,5,4,1,1,2,3,4,4,5
"230",4,4,4,3,4,3,3,3,4,3,2,2,3,3,2,4,3,3,3,3,2,2,2,1,1,2,2,3,2,3,3,2,1,1,4,4,3
"231",3,5,5,4,0,2,5,4,3,3,2,1,4,4,4,3,3,4,3,3,4,3,2,3,5,4,4,4,5,5,3,4,4,3,5,5,5
"232",2,4,4,3,4,3,3,3,0,3,1,2,4,4,2,0,1,4,3,3,2,4,2,5,5,2,4,1,3,1,4,3,1,1,3,3,2
"233",3,5,5,4,1,0,2,1,3,2,4,4,1,1,1,3,4,1,1,2,2,2,2,2,4,4,4,4,2,2,2,2,1,2,1,2,3
"234",3,4,3,4,4,4,4,4,3,3,1,0,3,3,2,4,3,2,1,2,2,1,2,2,3,2,3,3,1,4,3,3,3,2,0,1,2
"235",4,3,4,3,3,4,4,4,4,4,3,2,4,4,1,5,3,5,3,4,2,5,4,5,5,5,5,3,4,5,5,3,5,3,5,5,5
"236",4,3,3,4,2,4,4,2,4,4,4,3,1,2,3,4,3,4,3,2,4,2,4,3,0,0,0,1,2,3,3,3,0,0,5,4,4
"237",4,2,4,3,4,3,3,3,4,4,1,2,4,4,1,2,1,2,0,1,2,2,3,0,3,1,1,1,1,0,0,0,0,2,4,4,3
"238",3,4,5,3,3,3,4,5,3,2,1,2,4,4,1,4,4,3,4,3,3,4,4,3,4,5,3,3,4,4,4,3,2,3,5,5,5
"239",1,1,4,0,5,2,5,4,4,4,2,1,4,3,1,2,4,4,4,1,4,4,0,1,1,1,1,1,2,0,0,0,0,1,5,5,4
"240",3,4,4,3,4,5,4,2,4,3,2,4,3,2,3,2,2,4,3,2,3,4,2,4,4,4,4,3,2,2,2,4,2,1,2,3,4
"241",4,5,3,4,4,4,4,4,4,4,3,3,3,3,2,3,4,3,5,4,3,3,3,4,5,5,5,3,4,4,5,3,3,3,4,4,4
"242",5,5,5,4,3,3,5,3,5,3,5,5,0,0,5,3,4,5,3,3,2,2,5,5,5,5,4,1,5,5,2,1,1,1,5,5,5
"243",3,4,4,5,4,4,3,3,2,2,3,3,3,5,4,4,4,1,2,3,4,5,4,2,4,5,5,5,5,3,4,3,1,1,2,3,3
"244",2,3,3,5,3,3,3,1,4,2,4,4,3,2,3,3,4,3,3,3,2,2,4,3,5,5,4,3,3,3,4,2,2,2,3,3,3
"245",2,4,2,1,1,3,3,4,4,4,2,3,2,2,2,3,3,1,3,4,2,3,2,4,4,4,4,3,3,3,2,3,2,2,3,3,3
"246",5,5,5,4,0,4,5,5,5,4,1,3,5,3,3,2,1,5,2,1,4,5,0,4,5,5,5,3,1,2,1,0,0,0,5,5,5
"247",4,4,4,3,5,4,4,3,3,2,2,2,3,4,2,4,3,5,5,4,3,5,4,1,4,2,2,4,1,4,4,1,0,1,5,5,5
"248",4,5,3,1,3,3,2,2,1,2,4,3,4,4,3,3,2,4,4,4,4,4,0,3,5,4,2,2,4,4,4,3,2,1,4,4,5
"249",5,4,5,3,2,2,1,2,1,1,2,1,3,2,2,2,2,3,3,2,3,3,1,5,5,5,5,1,4,5,5,5,5,5,4,5,4
"250",3,5,3,1,4,5,4,4,5,5,3,4,2,2,4,2,3,0,3,3,2,1,5,2,2,4,1,1,1,0,0,1,0,1,2,4,4
"251",2,4,4,4,5,3,4,4,4,4,1,2,4,1,1,2,2,4,4,4,4,3,4,4,5,4,4,1,1,3,3,3,2,2,3,3,3
"252",3,3,4,3,3,4,4,3,4,3,2,2,2,4,4,4,4,3,3,3,3,3,3,1,3,2,3,3,3,4,3,2,2,2,3,3,4
"253",4,5,4,5,3,3,4,3,3,3,2,2,3,3,2,4,4,3,3,4,3,4,4,4,4,4,4,4,5,4,4,3,2,2,4,4,4
"254",1,2,2,1,4,3,4,4,2,2,1,2,5,5,0,2,1,2,2,2,2,1,1,1,0,0,0,3,0,1,1,2,0,1,3,2,1
"255",4,4,4,5,3,1,3,2,2,1,2,2,3,2,2,4,3,4,5,5,3,4,5,5,5,3,5,3,3,4,4,3,3,2,5,5,5
"256",0,5,4,2,3,1,4,2,1,2,1,3,3,3,1,1,3,4,4,4,2,2,0,1,4,3,4,1,1,3,2,0,0,2,4,4,4
"257",2,4,2,2,3,3,1,1,3,2,2,1,4,3,2,1,2,1,2,2,3,3,5,3,2,2,3,2,3,1,2,1,4,2,4,3,1
"258",2,3,3,4,3,4,3,4,4,2,3,3,4,4,2,4,3,2,3,4,3,4,3,2,3,4,4,4,5,5,4,3,4,3,4,4,2
"259",3,4,4,2,4,4,3,3,4,4,1,3,3,4,3,4,2,1,3,4,2,4,4,3,4,2,4,3,5,3,4,4,3,4,4,5,4
"260",4,4,5,4,2,2,1,3,3,3,2,2,2,3,1,1,4,4,4,3,3,3,2,3,3,2,3,3,3,4,3,2,3,4,4,4,5
"261",3,3,3,4,2,3,4,2,1,2,1,3,4,3,1,2,2,4,3,3,4,3,3,2,3,3,3,2,3,2,3,1,2,1,5,5,5
"262",1,3,3,4,3,2,4,5,4,2,2,1,5,3,1,2,1,1,3,3,2,4,2,1,4,3,4,3,2,3,4,2,2,2,4,4,4
"263",3,4,3,5,1,3,3,2,1,1,4,4,1,1,2,3,4,3,4,4,3,3,4,1,5,5,4,1,4,5,4,4,1,2,3,3,2
"264",4,5,0,5,4,1,3,2,1,1,0,2,3,3,3,4,3,4,4,4,3,4,1,2,4,3,2,3,4,4,4,5,4,4,5,5,5
"265",4,5,1,5,5,5,3,2,2,4,4,3,4,1,1,3,3,4,5,5,5,5,5,4,1,2,5,1,2,4,3,0,2,1,5,5,4
"266",2,4,4,4,4,4,4,4,4,4,3,2,3,3,1,3,2,3,3,3,3,4,2,1,4,4,2,2,3,3,3,3,2,3,5,5,3
"267",4,4,4,2,3,1,3,4,1,3,1,1,4,5,2,3,4,4,4,4,3,2,1,1,4,2,4,5,4,3,4,3,1,1,1,0,5
"268",3,3,4,2,4,4,2,4,4,3,3,4,4,4,0,3,1,2,3,4,5,4,1,1,0,3,1,1,3,2,2,2,1,2,5,4,5
"269",3,4,4,3,4,3,3,2,2,3,4,2,3,3,2,3,3,2,3,2,2,2,3,3,5,4,4,3,3,3,3,2,2,3,3,3,3
"270",1,4,1,2,1,2,3,2,2,2,3,2,4,2,2,2,2,3,3,3,4,4,1,1,2,3,2,2,1,2,1,1,1,0,5,4,3
"271",2,2,2,2,2,2,2,2,2,2,2,2,2,2,2,2,2,3,2,3,2,2,3,3,3,3,2,3,2,3,2,3,2,3,3,3,3
"272",4,3,4,4,2,3,4,4,4,4,2,1,4,5,0,4,3,4,4,4,2,4,4,4,4,4,5,2,2,4,1,1,1,1,4,4,3
"273",2,3,2,3,4,3,3,4,3,4,3,2,4,4,2,3,3,3,2,3,3,3,3,4,4,4,3,4,4,4,3,2,2,2,3,3,3
"274",4,4,4,4,4,4,5,3,2,2,3,2,3,3,1,4,3,4,4,4,3,3,3,4,4,5,4,2,4,2,3,4,3,5,5,5,5
"275",4,5,5,5,2,0,5,5,2,1,1,1,3,4,1,4,4,5,5,5,2,5,4,3,4,4,5,5,3,2,2,4,3,3,5,5,5
"276",0,0,5,2,1,1,2,2,2,1,1,0,1,2,1,0,2,1,2,2,1,1,2,1,2,3,3,3,1,3,2,1,1,1,3,5,5
"277",4,5,5,5,4,4,4,3,3,2,3,5,1,4,3,5,5,4,5,5,4,5,5,4,4,3,5,4,4,2,2,2,1,3,5,4,4
"278",4,3,4,2,1,1,2,1,2,2,1,2,4,4,1,2,2,4,4,3,3,2,4,5,5,4,5,3,2,1,1,3,4,3,2,3,4
"279",4,4,4,2,2,1,2,1,2,1,3,2,2,2,3,4,3,1,3,3,4,4,5,5,4,2,4,2,3,4,4,4,2,2,3,3,4
"280",2,3,2,2,4,4,4,4,4,4,1,2,3,4,1,3,2,3,4,4,3,2,2,1,4,3,3,2,2,3,2,1,1,1,3,2,3
"281",1,2,3,4,5,4,4,4,3,3,2,1,4,3,0,3,4,1,2,2,2,2,4,2,3,4,4,5,4,4,4,2,2,2,4,4,4
"282",4,4,4,3,3,3,2,2,3,3,4,3,3,3,2,2,2,4,4,4,3,4,1,0,0,3,0,2,3,3,3,0,0,0,3,3,4
"283",0,5,2,5,1,4,1,1,4,3,2,4,4,4,2,5,4,3,2,2,3,4,5,4,5,3,4,3,4,5,4,3,2,0,3,4,4
"284",4,4,0,4,3,5,3,4,5,4,4,1,2,0,2,3,4,3,3,5,4,5,5,5,5,5,5,3,2,5,5,5,5,5,5,5,4
"285",4,5,2,5,0,2,3,0,2,1,4,4,1,0,5,3,3,2,2,2,1,3,2,3,3,3,4,2,4,4,4,4,3,2,5,5,5
"286",4,4,4,4,1,3,2,2,2,2,3,4,1,2,4,3,3,4,4,5,3,4,4,3,5,5,5,2,4,4,4,3,3,3,3,3,3
"287",4,4,4,5,3,3,4,3,3,2,2,3,1,3,2,2,2,2,3,2,2,1,3,4,4,5,4,2,2,4,4,3,2,3,3,3,3
"288",2,5,5,2,3,0,4,0,1,0,1,2,4,5,0,4,1,5,5,5,2,3,1,0,0,5,3,1,0,0,0,0,0,0,5,5,4
"289",1,4,4,5,3,4,5,4,5,4,1,2,4,4,1,4,4,4,3,4,1,4,4,1,1,4,4,5,4,4,3,1,3,3,4,3,3
"290",2,3,5,4,4,4,3,3,4,4,5,3,3,1,4,3,5,4,4,4,3,3,3,5,5,4,4,4,3,3,3,4,2,3,4,3,5
"291",4,4,4,3,1,2,3,3,3,2,4,2,1,2,1,3,1,1,2,2,1,0,3,4,5,3,4,3,4,4,4,2,0,3,5,5,4
"292",1,3,4,1,5,3,3,3,1,0,1,1,4,1,4,0,1,3,3,2,4,3,1,1,1,0,1,2,1,3,3,1,0,1,1,1,2
"293",4,4,5,5,4,4,5,5,5,1,3,1,4,4,1,5,4,5,5,5,5,5,4,1,3,3,4,2,3,4,4,2,0,1,5,3,5
"294",3,4,3,3,2,1,2,2,1,2,4,1,2,3,4,1,3,2,2,2,2,4,4,3,4,2,3,1,1,2,2,3,3,2,2,3,3
"295",1,4,3,4,4,4,5,4,4,3,0,0,4,3,2,4,2,4,3,3,4,1,5,4,4,4,3,2,2,3,4,1,3,0,5,5,3
"296",2,4,3,3,4,5,2,2,1,1,4,2,1,1,4,2,1,2,3,3,1,2,0,1,3,4,1,3,4,2,2,2,0,1,1,1,3
"297",3,3,1,4,1,3,3,1,3,2,0,0,4,4,0,4,1,3,4,4,5,5,3,4,3,3,2,3,2,3,3,2,1,1,5,5,5
"298",2,2,5,1,4,2,4,4,4,3,3,4,4,3,3,1,2,1,1,2,3,3,3,3,4,4,4,2,3,2,2,2,2,3,2,2,2
"299",2,5,2,3,4,1,1,1,4,3,5,5,3,2,4,3,2,4,4,2,0,1,1,1,4,3,3,1,4,3,1,1,0,1,3,4,4
"300",4,3,3,4,3,3,3,4,3,3,3,4,3,3,3,4,4,4,4,3,3,4,3,4,4,3,4,2,4,5,3,4,2,2,3,4,4
"301",4,5,4,5,2,3,4,3,4,3,2,3,3,4,2,4,3,3,3,3,2,2,5,4,5,5,5,4,3,4,3,3,3,2,5,5,5
"302",5,5,4,4,1,2,3,1,1,1,4,4,4,3,4,2,3,1,4,4,4,4,5,4,5,5,5,1,5,4,3,5,2,3,5,5,5
"303",4,5,5,4,1,4,3,1,3,1,4,4,2,1,3,3,3,3,3,2,1,3,5,5,4,4,5,2,3,2,2,4,2,5,5,5,5
"304",2,5,4,4,1,3,4,3,3,3,3,1,2,3,1,3,3,3,2,3,1,4,1,5,2,4,4,2,2,3,3,3,2,1,0,0,3
"305",4,4,4,3,4,2,4,3,2,2,1,3,2,3,1,4,2,3,5,4,4,5,1,3,5,3,1,1,3,5,5,4,1,2,4,5,5
"306",2,4,0,2,4,4,4,4,0,3,1,2,4,5,1,4,3,4,3,3,5,4,1,1,4,4,4,2,4,2,3,3,1,4,5,5,5
"307",3,3,3,3,3,3,3,3,2,2,3,2,2,4,1,3,3,3,3,3,4,4,3,4,5,5,4,5,2,4,2,2,2,4,4,5,4
"308",3,4,3,4,3,4,4,5,4,5,4,4,3,3,2,2,5,4,4,4,4,2,3,4,5,5,4,5,5,4,5,3,4,2,4,4,4
"309",4,4,3,1,1,3,4,3,4,4,5,2,3,4,2,4,3,2,3,2,2,3,0,4,3,1,2,1,2,4,3,3,2,4,4,4,4
"310",4,5,3,5,3,2,2,3,3,3,4,5,3,1,2,2,3,2,3,2,4,3,4,4,2,2,3,2,4,1,2,3,1,1,4,4,3
"311",2,3,2,1,3,2,2,2,1,1,2,2,3,3,2,3,3,1,2,2,2,2,2,2,2,2,2,2,2,2,2,2,2,2,4,4,4
"312",3,5,4,3,4,4,5,4,3,3,3,2,5,4,1,3,3,2,4,3,4,4,4,5,4,5,4,2,2,2,2,3,1,3,3,3,3
"313",4,3,3,1,3,4,4,3,3,3,2,4,2,3,3,3,2,1,2,1,2,4,3,1,4,3,3,1,2,1,1,0,1,1,3,3,2
"314",2,2,2,3,4,4,2,2,3,3,2,2,4,4,2,3,3,3,3,3,2,3,2,4,4,4,4,3,3,3,2,4,3,3,4,4,4
"315",4,5,3,5,1,1,1,3,1,1,1,1,4,5,2,3,4,4,4,4,5,4,5,5,5,5,5,2,4,4,3,4,4,4,4,4,5
"316",5,5,4,4,2,2,1,1,1,1,3,2,3,3,1,2,1,0,0,1,0,0,5,4,2,2,5,1,3,3,2,2,0,0,2,1,4
"317",1,4,3,4,2,3,3,1,4,3,4,4,1,2,3,3,2,4,2,2,2,2,5,5,3,4,3,2,2,3,3,1,1,1,1,2,3
