"","mratio_memory","mratio_Calories","mratio_GDP","mratio_vision","da_memory","da_Calories","da_GDP","da_vision","avg_conf_memory","avg_conf_Calories","avg_conf_GDP","avg_conf_vision","self_vis_diff","self_mem_diff","self_calorie_diff","self_gdp_diff"
"1",0.899570522985991,0.902224715122881,1.4324086402039,0.466234876265212,1.95884831553006,0.902674111174736,0.79706496646249,1.06858361249027,4.58461538461538,4.81904761904762,3.83516483516484,3.38095238095238,0,-5,-5,-5
"2",1.29867507207644,0.351721297507568,-0.126674862021523,-0.055673805852885,0.341954227738389,0.502690392801851,0.897477817925808,1.13315592752493,4.86394557823129,5,4.76666666666667,4.93877551020408,-10,0,0,-10
"3",0.911183332626011,0.833856876647939,2.47818650538036,0.410895742652633,1.77958391858744,0.799198751174045,0.704210286152798,1.03964013563171,4.1608040201005,5.29464285714286,4.13414634146341,3.77889447236181,20,20,30,15
"4",1.50642015191702,0.839048076547189,1.23319735098754,1.20827638411685,0.500801095253709,0.812056741521594,0.849918921689395,0.890744312047867,4.57868020304569,5.81111111111111,5.87128712871287,6.57070707070707,-45,44,-3,-8
"5",1.09895231468201,0.960810841323992,1.25724386078313,0.431245770789792,1.93543287901848,0.904220516317695,0.735978337232387,1.10075619546007,5.46907216494845,5.29292929292929,4.43010752688172,4.18274111675127,0,-15,0,10
"6",1.0204071649722,1.03696594063952,1.38704474394085,0.636048282347568,1.0114281984729,0.852552001977925,0.656963862643128,1.04185531876912,3.96482412060302,5.43956043956044,4.82857142857143,3.89447236180905,30,-5,20,20
"7",0.744515355375178,0.882944591169472,1.42622556865062,1.05167085010283,1.2826436438281,0.831351391100633,0.606759272556298,1.06694379245046,4.42,5.62385321100917,4.05681818181818,5.135,15,10,-20,15
"8",1.42992662429477,1.43817548602818,2.32175186648789,0.519987362330899,1.65385694858546,0.768626943506877,0.79596333658868,1.15072569046905,4.65128205128205,5.35514018691589,4.33333333333333,3.85026737967914,-10,5,-5,20
"9",1.46509836165482,0.98697226514962,0.944296099822098,0.73128870264203,1.02177587624006,0.958530536409938,0.727145385421122,1.13680814933762,4.390625,5.88118811881188,5.12765957446809,4.47715736040609,0,15,-2,25
"10",1.29008908270864,1.01986356445345,1.36134057588627,0.780944357014826,1.16292373688121,1.0141856644208,1.01259287642193,1.04361097424932,3.93467336683417,5.1980198019802,4.52577319587629,4.98412698412698,0,55,15,10
"11",1.21852749745033,1.29697269180958,0.834349850913945,0.79221633773967,1.47881136244577,0.97870151634669,0.874331109432722,1.05069764728116,3.955,4.94059405940594,3.70833333333333,3.38888888888889,0,5,-5,1
"12",1.59984125478719,1.46824085003168,0.680503192313407,0.29725310720782,0.423494902229825,0.741047318582544,0.729816805000696,1.09183688885421,4.06632653061224,6.11764705882353,3.16190476190476,3.44615384615385,10,0,35,5
"13",0.441395333291641,0.799788841675096,-0.516036730104324,0.123887571993216,1.33529595232801,0.906839139451342,0.65322133219242,0.979734519809678,3.975,6.2621359223301,2.05154639175258,2.65,20,40,0,10
"14",0.993866475229346,0.675448317584963,0.694515795930672,0.58018437553542,1.64172186426517,0.877208163279983,0.890401207053789,1.09592224110887,4.41116751269035,5.04123711340206,3.63265306122449,4.24747474747475,20,20,10,40
"15",1.06336079304514,0.489213393607977,1.07422821605325,0.362976422727153,1.28044858433666,0.781728153781287,0.962798231701189,0.796923512566588,3.64795918367347,4.90476190476191,3.86607142857143,4.25925925925926,-40,-10,-5,-20
"16",0.874968100591564,1.04431163232046,1.29659632942274,0.812712944720201,1.92447402599452,0.781191815846905,0.790294549047425,1.02775417524125,4.84263959390863,5.6875,4.87378640776699,4.905,2,-13,28,26
"17",1.13373680849566,-0.305136785563065,0.878460557038466,0.62331725099665,1.58121152735741,0.9448971162774,0.782347115421554,0.967696957439194,5.08333333333333,4.74468085106383,3.48913043478261,3.41326530612245,-15,2,5,10
"18",1.00894283069006,1.00674081809743,0.866415008445093,0.340002084157279,1.300792916491,0.668022036721482,1.08678426789999,0.985528027312252,4.96923076923077,5.97894736842105,5.52040816326531,4.86868686868687,10,0,0,20
"19",1.22662132866959,0.671813992234204,0.851627384382645,0.556993656028353,0.671871968877595,0.817793414439121,0.808150329069577,1.04345199815871,4.02976190476191,5.27927927927928,3.47126436781609,3.92820512820513,0,-10,30,40
"20",0.901268163689515,1.10100720873717,1.07571651741561,0.858060745694264,0.422149608886444,0.926652498298968,0.86375902828867,0.953595340645054,5.19587628865979,6.41346153846154,5.13333333333333,4.67676767676768,-10,50,-3,5
"21",0.984530930668913,1.80018924830676,1.32209203285934,0.59804837817212,2.15464043839634,0.879795555527296,0.615448211633067,1.30789451288501,5.25888324873096,5.33695652173913,4.14423076923077,2.86243386243386,-10,-5,-20,25
"22",0.870677605305035,1.08541555578349,2.73754877130247,0.991268578462325,1.35008390301413,0.843324352101702,0.72628738499995,1.07722530751699,3.74712643678161,5.95604395604396,4.80769230769231,4.01522842639594,25,50,25,25
"23",1.6016186794382,0.434002313734474,1.00728514046405,0.630858848795618,1.38664888401223,0.443562129429192,0.593042390169706,0.845723328648046,5.09230769230769,4.25842696629214,4.10185185185185,4.44897959183673,35,-5,25,10
"24",1.02860399077885,0.424927166500939,0.863015698653336,0.732641966295836,2.49753307170743,0.820694145108728,0.961171146401436,1.05724130130803,6.09137055837563,6.03191489361702,5.7156862745098,4.03061224489796,20,-19,15,-12
"25",1.0414144703672,1.17626629697866,2.12963210973904,0.682032245197567,1.08963253093609,0.770836036084391,0.732727188980981,1.04323759490019,4.36,5.26666666666667,4.7962962962963,3.65463917525773,10,33,-10,-5
"26",1.25086985360292,1.47831938334781,0.7400998302973,0.488997592886812,0.909638717821809,0.854305371428328,0.770436604161011,1.19740184717915,3.34848484848485,5.35789473684211,3.44660194174757,2.55276381909548,20,50,-20,0
"27",1.06967064420571,0.292698996374619,0.584737398506675,0.576673310278719,1.50984733256026,0.818562840196333,1.03600987209693,0.939559773418988,5.484375,4.43010752688172,4.4040404040404,4.48469387755102,5,-10,10,15
"28",1.18924999887766,1.31323930700286,0.670945629949834,0.725434089473662,1.12931394516996,0.997430865014929,0.889299206837755,1.02747707946042,4.08080808080808,5.85057471264368,2.7196261682243,4.45454545454545,5,-10,-10,-10
"29",0.847768531778259,0.904977630571323,1.1650802899445,0.645903239408209,1.5070845006214,1.08268283082832,0.76945421538771,0.9751447253234,4,5.14141414141414,3.56122448979592,3.49,35,25,-15,25
"30",1.29869720583372,0.839886483542692,1.76743317515841,1.03875876073267,1.85617106034706,0.993646679503739,0.753428445555668,1.09442296981659,5.84736842105263,5.77777777777778,5.8953488372093,4.65641025641026,15,-7,7,2
"31",1.15816990944684,1.56908838617581,0.716670391075632,0.602585184573056,1.03424566182949,0.851550140627483,0.43078812594231,0.994290140627822,3.99492385786802,5.63265306122449,2.71428571428571,4.365,20,0,0,20
"32",1.21647576819063,1.65601546291579,1.88371412759544,1.11811650726534,1.60491764079382,0.783955411603315,0.785953677741059,1.13255631300544,4.94886363636364,5.73469387755102,3.83333333333333,4.73979591836735,0,10,10,10
"33",1.01713244194046,0.9508561055563,1.70295804076932,0.88890938174258,1.00683038462476,0.804238737601438,0.711166151242058,1.11578707862105,4.31313131313131,5.36697247706422,4.35555555555556,4.52307692307692,-25,-15,-10,5
"34",1.33545681383466,1.94388392024689,0.993352487486691,1.08208483237645,1.48799366351527,0.670902698475654,0.726636065511621,0.552434446066842,4.78756476683938,5.71844660194175,3.875,4.71276595744681,10,-10,0,20
"35",1.45585299467127,0.0424819366627734,2.48313980399374,0.923971288083391,1.18288664422605,0.597454930959712,0.564869881347237,0.870527127092998,5.26041666666667,5.375,4.52830188679245,4.62311557788945,11,5,-35,25
"36",1.31467665120813,0.73142754580665,1.70168718920307,1.31942050337052,0.500354562911242,0.782972914492748,0.626399882633654,1.1977162998045,5.5130890052356,5.69230769230769,5.05882352941176,6.38918918918919,20,35,14,35
"37",1.57838889195044,0.965524320328662,1.7355253116241,1.47858816680097,0.529044357117105,0.900553584096466,0.794518020918698,1.07865200002579,2.35858585858586,5.54347826086957,4.24528301886792,4.41206030150754,20,40,5,0
"38",1.05999797882012,1.0338532233042,0.909891162996142,1.48681168689967,1.39782870259705,0.863712119246858,0.867176292882195,1.00828733840077,4.52551020408163,6.34831460674157,4.14814814814815,4.25773195876289,18,20,10,5
"39",1.32822737040565,0.999806160265678,1.48403168408449,0.37367483895298,0.288846166301152,0.97805839973533,0.871106829329714,1.1699494420357,4.31979695431472,5.38947368421053,5.43434343434343,5.80612244897959,5,30,15,-5
"40",0.694311326892294,1.55061249601297,1.06393191711449,0.511868367161445,1.85680157140952,0.810555335143254,0.937772491651299,0.890597265239754,4.08585858585859,5.23655913978495,4.84158415841584,4.33668341708543,-30,-5,20,20
"41",0.893737110436142,0.636226864336988,1.1461045410694,0.555281729188847,1.74192658947585,0.854253883465495,1.03373471998593,1.14199004400129,4.77948717948718,5.09090909090909,5.32608695652174,4.15183246073298,0,-10,-20,0
"42",1.04412431511291,1.70226524911923,0.995672026518169,0.955245758686537,2.29322388613215,0.645152553080457,0.916856781200751,0.952916976609517,5.80310880829016,5.69306930693069,4.05208333333333,3.88383838383838,20,-15,10,5
"43",1.47804837201431,0.369632891575914,1.32015771316485,0.473622849814109,0.743142146950475,0.941435079547182,0.789836449194341,1.0069088732375,3.88205128205128,6.02298850574713,4.49090909090909,5.15,0,40,-10,15
"44",1.005360495623,0.918720852775884,1.20208553116834,0.557430330510233,0.863013594387822,0.686355742397992,1.01219433557107,1.21389105879189,4.2,4.28846153846154,5.21276595744681,5.18134715025907,-25,20,-17,-10
"45",1.56501949159976,3.88846346400677,1.33703685397618,1.1780858575264,2.04003974534097,0.428606746593154,0.841914292468119,1.01105715297398,5.9468085106383,5.53125,4.23232323232323,4.31818181818182,20,-5,-5,-5
"46",1.54653081236521,1.07524587222665,1.32524534981621,0.790538827986133,1.14286781490151,0.936851593086298,0.993443284179547,1.02211532740701,5.36507936507936,5.95652173913043,5.26732673267327,5.51269035532995,10,-63,13,36
"47",1.83335475865754,0.763189571398455,1.30719215010906,1.05838877031791,0.849337549828418,0.819219469431115,0.85208748035387,0.976501173182996,4.61809045226131,5.88888888888889,5.15740740740741,5.27918781725888,0,0,-20,10
"48",1.19033867017248,1.08209426604494,1.32707575404487,1.01432707317627,1.73004780789257,0.932021204101839,0.940483191665738,1.06742815562448,5.2994923857868,4.21782178217822,4,3.8894472361809,-5,-5,5,5
"49",1.42300069523386,0.39315349677146,1.19308633004911,0.869163818408976,1.03097741666654,0.861641638729953,0.747286963259041,1.07970012402449,3.97979797979798,5.46078431372549,4.22105263157895,3.8894472361809,15,35,-5,-5
"50",1.63570096697831,0.978038975981836,1.80804901850001,0.545617552044441,0.961511808079393,0.907304357338103,0.686368507897241,0.891951044009093,4.234375,5.31034482758621,3.83333333333333,3.97969543147208,25,15,10,0
"51",0.453703733991885,0.0207541095977879,-0.281533122210364,0.577725836000885,0.351076937699005,0.8898584831627,0.840375478807023,1.04865012179672,1.19125683060109,2.68316831683168,1.24175824175824,1.9,10,50,20,35
"52",1.38378997159851,0.441003189151564,0.884909401528804,0.0346724123695791,1.23628227943104,0.677522181696194,0.944175491441752,1.11025355875651,4.34736842105263,5.26966292134831,4.48148148148148,2.14432989690722,70,40,9,25
"53",1.18599710743749,0.273342532027769,1.18394274656094,0.7556576761441,1.7803581105065,0.88016667534464,0.761959549398131,1.04646776759056,5.38383838383838,4.23232323232323,2.65346534653465,4.56852791878173,-50,-36,20,14
"54",0.767825743533891,0.467219831257025,1.90660238250527,0.248321846349162,1.37021444635709,0.926368670111144,0.904832624363351,1.18048197700053,5.07772020725389,5.81818181818182,5.91428571428571,4.25531914893617,20,20,10,-20
"55",1.68992847372484,1.51852925261521,0.139645477876759,0.920040999305105,0.840579358560364,0.904220516317695,1.05049106651301,1.00038420119127,4.23469387755102,5.94949494949495,4.02,4.31155778894472,-10,5,-15,10
"56",1.34005269684224,1.01393119966928,0.502911614264432,1.44718513022758,0.774122650481361,0.767154269315758,0.838464821728548,1.053693535509,4.89637305699482,5.31578947368421,4.11702127659574,5.39896373056995,1,0,-1,-1
"57",1.1929342368592,0.401134441322295,0.217172505014423,1.35090913692756,1.4216743430435,0.847120768644376,0.856671797669077,1.26078781287768,5.8494623655914,6.05102040816327,5.18279569892473,5.94949494949495,8,35,38,50
"58",0.560083354914944,0.226115989497724,0.363132578811355,0.547751128533987,1.72064980377169,0.870445648502949,0.669864688138903,1.03062519973465,2.80904522613065,3.04807692307692,2.19791666666667,1.90452261306533,10,5,10,20
"59",0.858082299240331,0.958615823253817,0.604447947012696,0.152499940026787,1.12402099492262,0.718916453357281,0.893667321169731,1.14817464960808,3.71428571428571,4.64102564102564,3.48351648351648,3.2360248447205,13,20,0,17
"60",0.85526239828973,0.705319421217109,1.31094625961238,0.635317726120563,1.91538039598208,0.894468070542667,0.74484303913479,1.05576306366487,5.11794871794872,4.53012048192771,3.12612612612613,3.55778894472362,31,3,-22,3
"61",0.980078936017471,0.808187324166272,1.00000009402864,1.21291032537264,2.3679315246415,0.946182865366225,0.897618287343077,1.02114618152838,5.77835051546392,5.83653846153846,4.18681318681319,4.5678391959799,0,-10,15,10
"62",0.823936258179157,0.571778980765577,0.770987598060802,1.2258104496693,1.77418579188472,0.821290160302788,0.748055480748323,1.30652056826214,4.73711340206186,5.24731182795699,5.10989010989011,4.57978723404255,-15,-15,-10,-10
"63",1.16133858327077,0.554944214795277,1.46440415316047,0.658447260349515,1.28846234254987,0.891821596606828,0.651443871958384,1.00451929081847,4.43589743589744,4.24242424242424,3.83695652173913,3.46700507614213,-20,10,10,10
"64",1.7542697781518,1.87646983142256,1.91095043225949,1.10074898506727,1.77107933909629,0.852794953865795,0.867814730787485,1.15264519436379,5.63775510204082,5.85227272727273,4.67592592592593,4.70769230769231,15,-20,-30,-25
"65",0.794322920933913,0.750593280183925,0.170477635774956,0.191988801344466,1.61684431091419,0.86162572366891,0.654671906834856,0.935397771061768,4.275,4.34259259259259,2,2.0360824742268,30,-10,20,20
"66",1.26237384464775,1.09252523506963,0.748143098119239,0.927077360662736,1.60420365808559,1.02303140664087,1.05559520495964,0.974105780861632,4.985,5,3.77083333333333,5.25888324873096,0,-10,0,10
"67",2.22046784609981,1.03833030065144,1.19240090915079,0.952967174985044,0.807183391574814,0.953379837850629,0.627874251512154,0.958379100304967,4.9025641025641,6.39130434782609,6.15,5.36923076923077,-15,-5,5,15
"68",1.16133858327077,0.554944214795277,1.46440415316047,0.658447260349515,1.28846234254987,0.891821596606828,0.651443871958384,1.00451929081847,4.43589743589744,4.24242424242424,3.83695652173913,3.46700507614213,-20,10,10,10
"69",0.781335905643436,0.0414862349982368,1.48708316122332,1.03975259869314,1.44388814558149,0.697067212825609,0.738169227249563,1.05523137072255,3.58585858585859,5.57777777777778,4.34313725490196,3.03703703703704,10,10,5,5
"70",1.60904656635464,0.416182005260284,0.168261520901244,0.354603847803776,0.788980526694805,0.935769309659184,0.55736148112641,0.97273590906727,5.04761904761905,5.66292134831461,4.87755102040816,4.60406091370558,20,25,40,20
"71",0.891965349668983,0.937894733458975,1.34505203664011,0.537078337650425,1.58785062978164,0.735294799115046,0.754408144381419,1.10245077481206,4.64285714285714,4.03809523809524,4.12765957446809,4.04081632653061,6,-37,62,15
"72",1.14552826045672,1.43153225296811,0.91394447124366,0.704633705701276,1.8124335534657,0.854253883465495,0.902093426715855,1.13892848638974,5.79381443298969,6.13131313131313,5.51685393258427,5.63959390862944,13,0,0,-30
"73",1.53158190055939,0.812547909573375,1.72000512761256,0.609916456523943,0.522598544074721,0.785158856507731,0.455160451719765,1.19893203067126,4.61855670103093,5.25490196078431,4.40425531914894,4.72916666666667,-30,20,10,10
"74",0.671235083725518,-0.217344260140816,0.331191421200134,0.279801574655709,2.00866792346418,0.71164689945631,0.861400137734369,0.983068951251347,4.16751269035533,4.0531914893617,3.81904761904762,3.34375,25,-30,0,-5
"75",1.0109518106849,1.06878006341025,2.06302272799219,0.509558101947036,1.79842673825945,0.901710881945469,0.670580416453097,1.0360720771443,5.67368421052632,5.31132075471698,5.05434782608696,3.31282051282051,22,-17,-4,-9
"76",1.05848904506117,0.908436458380476,2.31012330976293,1.01535411186861,1.59681878072279,0.843324352101702,0.746140127267888,1.02937308478479,5.37435897435897,5.87912087912088,5.06481481481481,4.97959183673469,0,-10,10,0
"77",1.06880854414689,-0.0566404157033612,1.89793903379,0.133327802893776,1.03824689710718,0.817620310889164,0.786067367453483,1.15222004060971,4.22564102564103,4.5625,4.62,4.41711229946524,5,18,15,0
"78",1.24828906484697,0.487077557471272,0.962200499192312,0.862657612152377,1.09722867793481,1.00384158061729,0.778238808573013,0.837272291192045,3.26178010471204,4.40366972477064,2.95555555555556,2.63265306122449,-10,30,-20,10
"79",1.01472422385545,1.08060865737389,0.277962918224377,1.01736947112399,1.36511729488721,0.745281769326573,0.664616443437263,1.02867064552938,4.125,4.59047619047619,2.3010752688172,3.89847715736041,0,20,20,40
"80",0.761239322190156,1.24059478220561,1.21520134703573,0.898261029083649,1.58811525834581,0.86746647483926,0.748627551492767,0.952613256321218,3.77604166666667,5.12621359223301,3.48453608247423,3.57788944723618,0,-25,-10,15
"81",1.07273982741365,1.19650878749955,2.43184058161629,0.963355137286816,1.57797049573191,0.965824793478338,0.57644721596605,1.05381533553016,4.49746192893401,5.34259259259259,4.32584269662921,4.12121212121212,0,-20,-20,0
"82",0.826034516958136,0.923561643410336,0.621191994976889,0.883736847208858,1.16046520661783,0.68158805586334,0.79580512126467,1.00038420119126,4.32474226804124,5.02222222222222,3.53,3.97989949748744,20,40,10,40
"83",0.946789224928417,1.90704664085183,0.922554926440731,0.850801336502478,1.22404734256198,0.743493274059231,0.887824113208712,1.07052920249128,4.10880829015544,5.23255813953488,5.3963963963964,5.28865979381443,0,0,-20,0
"84",2.90603505077737,0.254105961228904,1.19337271238948,0.713403026292072,0.267677218438004,0.820575863162489,0.879912406973389,0.948376264211008,3.02072538860104,4.71428571428571,5.40909090909091,3.48989898989899,25,25,25,25
"85",0.955655861874841,0.962574757804232,0.657200619306898,0.824747179508542,1.63630285904941,0.863981111157388,0.779899461469664,1.00320023746089,4.29508196721311,4.58888888888889,3.84761904761905,3.61421319796954,20,15,-5,10
"86",1.08196440771651,0.325718264281675,1.12036586338391,1.3884696724663,1.88696623224044,0.892497660080933,0.738825136614897,0.853901503650209,5.96410256410256,6.29126213592233,6.07777777777778,5.09137055837563,0,0,0,0
"87",-1.61001928549398,0.875824553848898,0.763493207801619,0.818164210165226,-0.0250957314245295,0.678225792714721,0.676260373750473,0.869451518361014,4.16243654822335,5.03061224489796,4.25263157894737,4.43,5,0,-5,-5
"88",1.00877159659726,1.07368956696145,0.999011666583846,0.900272712409305,1.67075823354037,0.821302817021319,0.738342469382121,1.03589838784126,4.10606060606061,4.82222222222222,2.69090909090909,4.13636363636364,5,25,-5,5
"89",1.22052972501173,0.772884554987104,1.90954256515311,0.867570319024979,1.04333699507741,0.847894826236708,0.871502983673233,0.89863044131162,3.50537634408602,5.88636363636364,4.58762886597938,3.38578680203046,25,10,-30,-20
"90",1.35203916822014,1.0547491827998,1.76822688960782,0.450270921863081,0.905802700786856,0.883260300252358,0.650980488539822,1.17077727329562,4.115,5.33333333333333,3.84269662921348,3.67,-15,-10,-5,5
"91",1.02313514768047,0.544816760046426,0.594389176039289,0.194245417731014,1.40555990336284,1.00340864840799,0.78273143953024,1.15024167190196,4.05670103092783,4.94,4.06666666666667,2.50251256281407,10,-5,15,5
"92",0.866113278095396,1.2065523209427,1.72011566527226,1.00590062646739,2.03356311848856,0.934522640633734,0.698756191080382,1.03062519973465,4.8265306122449,5.91588785046729,3.46666666666667,2.4572864321608,10,10,-10,-5
"93",0.887868862960822,0.547466893063034,1.02522982073211,0.880971374618681,1.04150940465995,0.911184365732838,0.913303433294749,0.988537358134524,3.88359788359788,4.14432989690722,5.53061224489796,4.56122448979592,0,-30,-10,15
"94",1.51953098158525,0.537090333222843,1.20033703918794,0.553673402949572,2.0477553210099,0.912150941826817,0.916856781200751,1.21226094467615,5.93854748603352,5.5,4.10416666666667,4.30150753768844,0,10,14,0
"95",1.24236383969451,0.871563545328109,1.22905919205761,0.623383936728379,1.03515844390353,0.810746382872188,0.888847583607231,0.851744040157212,3.4010152284264,4.32710280373832,3.29213483146067,3.49246231155779,15,0,5,5
"96",0.82468306576659,-0.136750707886019,1.44006796110961,0.930696153254404,1.45629320490719,0.811055146834164,0.846469508429846,1.01197987208452,4.0259067357513,3.58064516129032,4.68269230769231,3.75757575757576,-10,30,30,-20
"97",1.36746232213227,1.37725015200549,0.274608106142167,1.0205830142224,0.956548962780697,0.812823909908584,0.801915010046279,0.825731596832952,3.4300518134715,4.90196078431373,5.44565217391304,2.63959390862944,26,5,15,0
"98",1.32237281187756,1.28609392958653,0.79378944294426,0.780804033377765,1.41708181953085,1.05220354731019,0.703507226694309,1.02322679645928,4.89119170984456,5.16494845360825,2.16666666666667,3.77948717948718,-5,10,-15,10
"99",1.11288278074575,0.369405370704161,1.7174992844898,1.28272852223289,1.16918167220599,0.90303105464158,0.524405006234975,1.03824689710718,4.0360824742268,5.15686274509804,3.53125,3.97948717948718,-30,5,-10,-5
"100",1.26202088025831,1.15316398452978,1.50770127429464,1.26861760827255,1.75121810348341,0.877615797853288,0.833559406388536,0.862298890070849,5.91414141414141,5.06382978723404,3.44,4.93,-10,0,20,40
"101",1.03943269728688,0.537092206869008,1.91870914714606,0.638650860233893,1.82605196364019,0.767219717881252,0.689423120033977,0.972517829403935,4.82741116751269,3.31313131313131,3.24242424242424,2.97395833333333,5,-5,0,-10
"102",1.09011594407526,0.30439451505126,2.08391385469958,0.81501996116876,1.2288788209914,0.617408956858353,0.622183434338246,0.983710746983684,4.05050505050505,3.88,4.37209302325581,3.68,10,20,20,-10
"103",0.92614584507461,-0.131019041889357,0.959693507397885,0.843856519019884,0.888220269749735,0.863141924814241,0.648466139258674,1.03574751938583,3.34848484848485,3.77450980392157,3.13541666666667,4.20707070707071,-10,20,0,0
"104",1.41394545340352,1.61676248375761,0.76272737940247,0.864047510037369,1.39263607557475,0.785650520752379,0.928967543341935,0.960109961996195,4.61538461538461,5.96341463414634,4.16831683168317,3.84848484848485,-10,40,10,20
"105",1.28898640374826,0.251592251511858,2.37068445997406,1.37228617842888,1.88809076025181,0.783790910816321,0.551117558714084,0.954745035021671,6.37244897959184,5.02083333333333,4.76699029126214,5.74093264248705,0,30,10,0
"106",0.886523583057252,0.173408227504392,0.791870825471245,1.20345203733806,1.2478846611188,0.813556933625557,0.757585442394463,1.17596306568356,4.04712041884817,3.52577319587629,4.37623762376238,3.87373737373737,5,0,0,5
"107",1.07700275969337,1.24031726801283,0.97091116033712,0.402369340958461,1.32905108189382,0.893259656837649,1.06129815651315,1.19617740233068,5.07329842931937,5.58064516129032,4.04807692307692,4.33333333333333,20,10,-20,-5
"108",0.906002508398388,0.992316270824741,1.49034282096123,0.263578283537865,1.90242873555435,0.834871084059574,0.619493854661974,0.876676038738412,6.10362694300518,6.57,5.19354838709677,4.90816326530612,-10,-25,0,10
"109",1.49784586317127,0.732037560645865,1.14110723147129,0.844302135331903,0.918537202195007,0.735579457967273,0.856158470167148,1.03950497838108,3.63297872340426,5.00952380952381,5.21590909090909,4.60606060606061,20,25,5,14
"110",1.90272989241105,0.716669820959877,0.783456041027403,1.32471856665811,0.866572002045542,0.879233181014641,0.818950242136175,1.09111411737057,4.52020202020202,4.98019801980198,5.05208333333333,4.52763819095477,-15,-5,0,-5
"111",1.17929099939107,1.08665618765571,1.90059972832356,1.41405586119097,1.28017403342251,0.7951889396745,0.746082563966211,1.05867991357519,3.75384615384615,4.59223300970874,3.78260869565217,3.81122448979592,15,30,40,30
"112",1.53521397685037,1.05977688155214,1.03352255376332,0.747021740033983,1.17201712558985,0.769985772865565,0.881226290456697,0.92524080897892,3.68367346938776,5.83653846153846,4.02173913043478,3.95959595959596,35,20,25,0
"113",1.05719806040418,0.17993954298926,0.86688263650785,1.16239571896727,1.78441585794644,0.763130652684739,0.883863091299248,0.816765415315091,4.62944162436548,5.07920792079208,3.07368421052632,3.12182741116751,30,-5,5,25
"114",1.24829130089382,1.46306375967592,1.0923557431202,1.01159250591397,1.22830114643007,0.8736208148799,0.781510703582769,0.912435802798436,4.8391959798995,6.05555555555556,3.27777777777778,4.75,35,-20,-5,20
"115",1.36066147470289,1.37901870508328,0.971655053935226,1.08390512102338,1.02647197611101,0.80145350754259,0.917011233758687,1.06235479077056,3.64141414141414,5.31683168316832,3.72164948453608,3.38578680203046,15,-5,-15,-5
"116",1.16204844397255,1.04087639224256,1.31107420303192,0.834769955332929,1.51780689546086,0.974810485955888,0.91447095462803,1.10116290352023,5.72727272727273,6.46601941747573,5.5531914893617,4.57731958762887,20,0,-8,0
"117",1.09144872354558,1.1324265862787,1.28764921496553,1.07012951287423,1.50484023542403,1.0672025802988,0.713318514266577,1.08702515427304,4.06598984771574,5.78888888888889,4.9537037037037,4.405,-15,15,-10,-25
"118",1.14467181653885,0.529957502292147,0.94312426297167,0.66734276270782,1.32429510242988,0.78790168111179,0.740908842750243,1.11600859152447,4.275,4.49514563106796,4.90721649484536,3.33668341708543,28,22,20,10
"119",1.42957937983795,1.02294264606229,1.56228005948931,1.53531542023331,1.41628967189035,1.00096264384959,0.688042799148611,1.00019670654464,4.87939698492462,6.06666666666667,4.28440366972477,5.74111675126904,0,4,-5,-14
"120",1.42899066566462,0.892824446662714,0.696569071953871,0.87578146042605,1.46819780605206,0.813311868513821,0.964516839962905,0.892381761466546,4.87437185929648,5.58585858585859,4.92631578947368,4.0259067357513,25,-25,20,11
"121",0.843563189414061,0.774064191341802,0.881566491576688,0.533857373886065,2.16023631317542,0.876808445039926,0.93734362589404,0.989638589249165,5.11764705882353,5.14,4.30526315789474,3.97979797979798,15,0,20,-2
"122",1.21817443069589,0.376971422608566,1.49112796001124,0.634941668054414,0.418897906568874,0.953799345003029,0.819301380015687,0.968123900352297,4.05699481865285,5.37,4.31313131313131,4.2020202020202,-15,30,0,-25
"123",1.21817443069589,0.376971422608566,1.49112796001124,0.634941668054414,0.418897906568874,0.953799345003029,0.819301380015687,0.968123900352297,4.05699481865285,5.37,4.31313131313131,4.2020202020202,0,35,20,25
"124",1.97527202358653,1.10690670479381,0.919763831335728,1.0205278998811,0.82762417799115,0.874066271160785,0.866972296988265,0.973060938254632,4.24242424242424,4.71428571428571,4.32075471698113,4.74371859296482,0,20,-40,0
"125",0.75087773702808,1.27510618477475,1.19285007730868,1.15559629603694,1.92058487876271,0.822559757469301,0.807923058824688,0.872306774811388,5.18324607329843,5.01851851851852,4.79761904761905,4.35384615384615,-10,20,15,35
"126",0.945890084890121,1.17498673143873,0.400144112202079,0.266687154769872,1.46133824462515,0.638498096094135,0.842486233207966,0.982421466578641,3.60714285714286,4.25961538461539,3.82022471910112,2.84263959390863,50,0,-10,30
"127",1.19966907749851,0.575593567928823,1.78247650352979,0.255634925392649,1.38455184736213,1.00531624256621,0.937231654004658,0.894361839557965,4.16582914572864,4.20212765957447,4.71739130434783,3.49246231155779,10,-30,10,20
"128",1.22511684280119,1.00323178392482,1.02486967196128,1.30506822631748,1.55726127299708,0.858047147538024,0.593398940801506,1.04835514595259,5.37948717948718,5.74193548387097,4.88349514563107,5.4040404040404,-10,-30,-25,-10
"129",0.979047220026649,1.26066904929182,1.53057549493219,0.929866078683166,1.56797854781157,1.00566821931856,0.703279114235744,0.855110045878796,4.13705583756345,4.69791666666667,3.8921568627451,4.08040201005025,5,0,5,5
"130",1.28161983753069,1.70665323773729,1.38264793305724,0.381691099296305,1.58552033474151,0.87052420440007,0.864543968986955,1.03702297449191,4.25628140703518,5.79047619047619,4.97777777777778,3.20100502512563,5,-5,10,-5
"131",0.638786532964817,0.573941547049124,0.448476248090982,0.846066480549525,1.20418611988423,1.00835237519106,0.926165283155613,1.13177361726689,2.94472361809045,4.74444444444444,2.49056603773585,3.03517587939698,5,-5,-10,20
"132",1.12671047717468,0.553536506017105,2.18788056822421,0.981574354535429,1.45452911119178,0.887119016142999,0.748628645088712,1.11802221917888,4.13065326633166,5.19191919191919,4.10112359550562,4.05527638190955,5,20,-15,10
"133",0.62263413202433,0.802436821498837,1.65235368395021,0.792374029205447,1.63753190547884,0.942835666643866,0.649009282730354,1.02603613236281,5.22751322751323,5.43518518518519,3.85869565217391,4.74111675126904,20,25,-10,10
"134",1.05716898955398,0.323709373340609,2.40123557179653,0.791647709851142,1.02989508142288,0.749294928726154,0.528914185900465,1.03008310458394,4.15151515151515,5.24,5.27272727272727,4.96373056994819,-5,0,10,-30
"135",0.963349828190691,0.933420927848213,1.60278158118788,0.985311317996826,1.58793962860716,0.889217109785893,0.869443578569376,1.01059374287916,5.39175257731959,6.1047619047619,5.61538461538461,5.671875,15,10,-5,5
"136",1.54953133345277,0.915188209917159,1.5772743848017,0.724740641359254,0.729839001693467,0.727809648447861,0.82009708226962,0.968155254552841,4.63316582914573,4.93548387096774,4.17307692307692,4.95263157894737,0,15,20,20
"137",0.816001126399385,0.651099306667445,0.932322945921081,0.770118462369948,1.40976755904464,0.803019357995996,0.905885706693795,0.984979397349199,4.38693467336683,4.75,3.8936170212766,4.395,10,20,-5,20
"138",0.775767352562663,1.10064776233778,1.18871509000949,1.18445802119947,1.54818430245357,0.864476426646738,0.769380152478885,0.906266351533605,3.69473684210526,5.63333333333333,4.39784946236559,4.06030150753769,0,15,0,-5
"139",1.28824915177004,0.975226874684672,1.99358371277131,0.89506300783814,0.983108235214448,0.905545761196497,0.768553106835487,1.00191863872342,5.17525773195876,5.73333333333333,5.06521739130435,5.10050251256281,10,-30,0,20
"140",1.28612661067937,0.361475034932165,1.40734181989536,0.660740773513408,1.46350844861294,0.875234400743816,0.718001670263408,1.00255121744205,4.31550802139037,5.16,4.4,4.24479166666667,0,5,10,0
"141",1.49799691001292,1.27942856836916,0.974830940900623,1.58289661640944,0.740187297906168,0.719095510791285,0.879228155374696,1.02132020530399,4.72164948453608,5.0989010989011,4.56190476190476,4.4040404040404,-20,20,-10,-45
"142",1.2092013026928,1.37784293407783,1.38851181487161,0.189449488637754,1.53223394319488,0.961425672848261,0.709297262343546,0.921268394204252,5.04123711340206,6.1304347826087,5.56,4.06217616580311,10,10,-10,-10
"143",0.999006400592189,1.22399181798746,1.03338199438881,0.664255967448588,1.86921561705387,0.725363615835739,0.863860016395863,0.887724329139729,5.06185567010309,5.63218390804598,4.00925925925926,4.5,0,5,10,0
"144",1.3378498684163,0.926472696376199,1.46397042376573,0.580896674861244,1.25000741347765,0.87631449629312,0.705765456002478,1.08363866625884,5.18461538461538,5.15533980582524,4.37234042553191,3.74871794871795,5,10,-5,-5
"145",1.18503337440123,0.104340419414845,1.83078656737545,1.14469295141224,1.96009863102642,0.776534279881002,0.835449071443057,1.06589139680848,6.04102564102564,5.93,4.52,4.83157894736842,27,12,25,30
"146",0.916273114061799,1.06786433760688,2.07585973292157,0.651112689361381,1.45889254596502,0.965037034853818,0.733235012841133,0.909254296416732,4.01587301587302,5.23170731707317,4.85964912280702,2.63131313131313,43,35,40,32
"147",1.74465878422047,1.77149505752129,1.13381036534586,0.771651160561363,1.01255428093558,0.772401554134255,0.827841589980137,1.05610573138829,4.35678391959799,5.56666666666667,3.94174757281553,4.80927835051546,-15,5,-10,-20
"148",1.17218844721978,1.45693548190429,1.9125777441201,-0.114730748273114,1.28935587069969,0.806354225937431,0.613609076561029,1.07613697715407,4.16243654822335,5.44565217391304,4.75700934579439,2.03553299492386,20,47,25,0
"149",1.11857757295935,1.19220247409922,1.15540367365409,0.80177528907713,1.20045349896992,0.999580540829867,0.838895477792837,1.1379318989351,4.08673469387755,5.55339805825243,3.79545454545455,4.12182741116751,25,40,25,50
"150",1.58196715403433,0.984061319776288,1.62578612971139,-0.235468556936774,1.04988585767185,0.847509520409626,0.848249542112628,1.03095010386009,5.87939698492462,6.83695652173913,6.46666666666667,5.595,30,30,10,5
"151",1.1186074919183,1.48898028709605,0.525948870946228,1.26274315244213,1.5339311326816,0.541745631962305,0.943636929030828,0.924238408934682,4.83333333333333,5.12359550561798,4.63888888888889,4.27272727272727,15,15,0,-25
"152",0.802615531879662,0.344416277125953,0.976831638502095,0.255138868854747,0.927869926345863,0.666584022099018,0.694829790812943,1.02522349604986,3.75,4.35238095238095,4.32608695652174,4.11111111111111,0,20,15,15
"153",0.82810257585191,0.837480424844869,1.42284408929888,0.509208844719376,2.12020780468483,0.883045373381495,0.743539715722061,0.890518109917142,4.6969696969697,4.69072164948454,3.43137254901961,3.34020618556701,-5,0,-40,0
"154",1.30025687329008,2.4439661280981,1.009509978323,1.43847989937764,1.98218212779011,0.587144333924083,0.944498145011652,0.969791853427517,5.93814432989691,5.19565217391304,4.58333333333333,4.86224489795918,15,-17,-22,-15
"155",1.00396955208453,0.872023270999769,1.685190981407,0.785362321023931,1.41028923658519,0.844412820564483,0.787105487386212,0.982689419761676,4.26530612244898,4.52127659574468,4.74,3.56852791878173,20,20,-25,15
"156",1.11925732279709,1.07020163006157,0.273986102721322,0.308794044111512,1.19909706081596,0.791112816952064,0.714045944398087,0.89797035337493,4.47959183673469,4.82978723404255,4.17821782178218,4.295,20,5,20,0
"157",0.894697738948375,0.919638166817439,1.00342853967582,0.357957916721324,1.06369512841008,0.938843819763498,0.560998283497549,1.244282246749,3.45959595959596,5.16981132075472,2.48863636363636,4.13114754098361,-5,15,-25,-5
"158",1.06646384164948,0.624850033251192,1.08267681719153,0.0325508653630551,1.06663795504747,0.777518019266024,0.822502925638528,0.943794678138509,3.96354166666667,6.03333333333333,4.78787878787879,2.92268041237113,20,30,30,30
"159",1.02195500260825,0.809148794071757,0.845045795015022,0.509832258159177,1.36020724379,0.963327714742237,0.938193486710364,0.924495999107377,4.79166666666667,5.78021978021978,6,4.62176165803109,30,25,0,0
"160",0.966603533979362,1.42341475378348,1.67127454788092,0.560611700534371,1.43226412093377,0.958935227381108,0.664472107235842,0.961502757976918,4.21134020618557,5.09195402298851,3.32631578947368,3.19,-5,20,-25,40
"161",1.50348686557586,0.81670661626157,1.83525035545255,0.705141039050345,1.08317501375638,0.679497877070619,0.656648152560006,1.20534015901335,4.41206030150754,5.95918367346939,5.92134831460674,4.85714285714286,10,25,-10,15
"162",1.1999316665898,1.19567253201457,0.77508865676324,0.850843251240411,1.11768753921008,0.684264061689322,1.13954161730401,0.942513449489729,4.08510638297872,5.17708333333333,5.22,5.01036269430052,15,25,-20,-5
"163",0.777719399164887,1.14863123143572,0.988012482241928,0.603180057575787,1.30278206515937,0.942673075654597,0.740391539258818,1.03957346405925,4.96969696969697,6.47191011235955,4.09523809523809,3.83838383838384,80,60,20,0
"164",1.83033073048999,0.755342543100651,1.92280731829704,-0.0626340366384337,0.540092147932535,0.86721783382574,0.559208084927953,0.95371499396795,2.40721649484536,4.45161290322581,3.36190476190476,4.69543147208122,15,20,5,19
"165",0.738358424605574,0.64542125824758,0.806401531160048,1.43178376237053,1.31035998733727,0.856181498482,0.943805367795707,0.956449162412541,4.69543147208122,5.07142857142857,4.37755102040816,4.43939393939394,0,5,30,15
"166",1.41519332500111,0.964157400600545,2.10784553072985,0.627305494231348,1.57331348432911,0.691784606501386,0.635408058888766,1.02882656579769,5.40609137055838,5.08823529411765,4.29166666666667,4.65979381443299,-20,-5,0,30
"167",1.1910658479601,1.22458979919865,1.11751838018037,1.2537091067383,1.45292565639656,0.703840188586933,0.739257744674928,1.11618741094671,5.48989898989899,5.62745098039216,3.76666666666667,6.32323232323232,0,20,20,40
"168",0.856794131068976,1.13273858912094,0.922649476086997,0.540155632127384,1.30843978264815,0.851124299778279,0.947186217844712,0.930997657118873,3.234375,5.6195652173913,3.96039603960396,3.75916230366492,0,10,20,20
"169",0.898603896164064,1.40904936965251,1.09339879610761,1.00124419721829,1.29046262455015,0.726352463164331,1.13881648004348,0.887475983141617,6.2680412371134,6.82222222222222,6.92452830188679,6.13197969543147,-10,20,20,60
"170",1.23809641355122,1.07739471751336,1.65321611625903,0.377891466019872,0.998304879486525,0.750351517816959,0.789072304018042,1.2651619363554,5.08080808080808,5.25,5.06,4.51256281407035,5,7,-20,23
"171",1.41519332500111,0.964157400600545,2.10784553072985,0.627305494231348,1.57331348432911,0.691784606501386,0.635408058888766,1.02882656579769,5.40609137055838,5.08823529411765,4.29166666666667,4.65979381443299,-50,-25,-10,20
"172",1.30868901193994,1.10307223429274,1.45944531395866,0.513971108575461,1.38351734639535,0.970167094470969,0.572270227135145,0.994593782886663,4.96938775510204,5.94897959183673,5.90721649484536,4.24102564102564,0,0,0,0
"173",1.14822683873147,0.354723326386507,1.24075884423105,0.456732182812936,1.62087508612062,0.773827769974011,0.800395325064843,1.11712417480678,3.94472361809045,3.34653465346535,2.95918367346939,2.72020725388601,25,35,40,50
"174",1.81948019152893,0.296296797150068,1.19348604492052,1.18620684562424,0.930334158323787,0.859523150547761,0.834472161003956,0.997625821857615,4.44,5.86274509803922,5.11340206185567,4.79081632653061,40,0,10,10
"175",1.68682758939857,1.73884775562212,0.978374739194712,1.07960437743882,0.517207738799322,0.729395011441548,1.07064815235771,1.19445074532636,3.90374331550802,5.90816326530612,5.56382978723404,4.89473684210526,71,80,0,30
"176",1.6767570620444,0.405343853785231,1.27995314503679,1.18305412498909,0.856211963475195,0.951135911134272,0.864982610465687,1.08375527932849,5.20304568527919,6.16504854368932,4.94047619047619,5.02020202020202,0,40,-10,10
"177",0.963219229242712,0.993692496690131,1.05655755302091,0.674049760515717,1.2378787665762,0.818681824016905,0.812576395721289,1.18016768772138,3.46907216494845,5.35955056179775,3.7027027027027,3.6497461928934,30,-10,-50,-50
"178",1.25526182052488,0.854534459384717,1.11535556287988,2.23664075758251,1.37177411438511,0.920524965290491,0.765175929871019,1.07361730784667,4.27777777777778,6.0873786407767,3.88541666666667,4.36868686868687,15,25,45,20
"179",1.25735547142424,1.0217562020059,1.40658443310124,0.997579130924382,0.880444629612929,0.769522272269697,0.893635706205268,1.16990581004256,4.95876288659794,6.39795918367347,5.78571428571429,5.3025641025641,5,30,20,10
"180",1.32799581763802,0.861231625085403,1.74661564706121,0.675129903243141,0.784607687020369,0.626383304433405,0.549960674223289,0.938342093451696,4.40609137055838,4.48888888888889,4.88421052631579,3.22916666666667,20,10,25,25
"181",1.47636207954111,1.30955616005816,2.29524662250519,1.35347792151776,1.38480292290629,1.0093839229257,0.85132384637666,1.0047859380701,5.16923076923077,6.13978494623656,5.25,5.1413612565445,-15,40,-5,-10
"182",1.50200629521405,0.554293112287439,1.68411065459122,1.10138348722008,1.18973426402347,0.865123040671451,0.816679485309236,1.22275122701146,4.3903743315508,5.40740740740741,3.52222222222222,3.82564102564103,35,13,5,5
"183",0.999495351554838,0.099229357850954,1.02419655959068,0.699746725994509,1.12410915599548,1.01167637998991,0.735071584795525,1.03497684114255,3.20918367346939,3.95652173913043,4.64077669902913,3.52688172043011,-30,17,40,20
"184",1.13407012231091,1.21599109793138,0.770940942408199,0.060391971354114,1.57681278921661,0.888803239367634,0.971106445875525,1.01254193480304,4.24747474747475,4.86274509803922,4.9468085106383,3.41116751269036,35,35,15,-5
"185",1.26583412253064,0.719154324804615,1.68801412341381,0.578759131693278,0.537863258115865,0.890792292030915,0.842103406683391,1.08870244110646,3.80434782608696,4.43157894736842,4.63541666666667,3.97948717948718,40,70,-30,25
"186",1.01198927069495,1.22263124798323,1.41249414162249,1.2609893908612,1.69932436469895,0.712817040855586,1.08826394354439,1.04581226737255,5.8030303030303,6.76237623762376,6.67777777777778,6.65326633165829,12,5,5,7
"187",1.69670902081851,1.23986350063127,1.5301710605319,0.697742400057171,0.747677151646048,0.808105314891182,0.928480713791765,1.14864411261746,3.6530612244898,6.01176470588235,5.52884615384615,3.75897435897436,0,5,0,5
"188",0.956938225260697,1.4166165254731,0.0586336433105864,0.15915237662428,1.96364928278727,0.93015894176083,0.701418589854462,1.04912917538468,4.76530612244898,5.14423076923077,2.70212765957447,3.21,30,-20,5,25
"189",1.55842416151369,0.857587884397811,0.985318297769962,1.0275484264633,1.21777039522436,0.945880322761547,0.906093856927815,1.11563606221074,4.77889447236181,4.76237623762376,3.87878787878788,4.61224489795918,-30,-60,0,10
"190",0.914577635384588,1.18272674607928,0.352140086201056,0.667687123704204,1.17096276204198,0.891525943170046,0.652630848846563,1.0831311452074,4.04591836734694,5.66346153846154,4.54945054945055,3.71204188481675,-15,0,-20,0
"191",1.03230794040034,0.85641090820913,0.690732581685393,1.31815346682007,1.42974434227357,0.690523964019853,1.01713859934628,1.29415442164523,4.4021164021164,5.13265306122449,4.38823529411765,4.96315789473684,-20,20,-20,-15
"192",1.22296442575509,0.702568118055384,1.02614804999939,1.26746553764369,1.06402740125868,0.920274143544945,0.919961488296103,0.893430048406345,4.07216494845361,6.41237113402062,4.86813186813187,4.0855614973262,30,25,-20,0
"193",0.990042486325579,0.929401538753423,1.09426313461394,0.376822007270099,1.38610435575153,0.941211887494516,0.879561269093877,0.995752028498113,5.33862433862434,5.77272727272727,4.05882352941176,4.21827411167513,45,15,25,30
"194",1.23217102198649,1.84264868633595,1.51776308291101,1.13195019756459,1.66947212172109,0.85937786385486,0.841797858458295,0.977275084963713,5.59067357512953,6.58333333333333,5.20879120879121,4.82741116751269,10,20,-10,-15
"195",0.869568899337561,0.915875231331722,1.52993398905862,0.853918202075448,1.62710538978508,0.80325793632248,1.04625543217561,1.27963952396905,4.08542713567839,5.06666666666667,4.75268817204301,3.85427135678392,10,0,0,0
"196",1.14555964360739,0.558165053087224,0.938690164390649,0.658112494090079,1.32017318826208,0.707945161851485,0.735770612888101,1.00549730443748,4.90721649484536,5.96739130434783,5.09,5.46464646464646,25,25,-10,25
"197",1.55174694900141,-0.239152262113477,1.34150177026551,0.476503493648657,0.927021920496013,0.693547678821822,1.01557387035625,1.07632706468566,2.8051282051282,3.56862745098039,4.2967032967033,3.16582914572864,10,50,-10,20
"198",0.943904057403769,0.42289138192023,2.26764790343492,0.507951199905716,1.57512235740698,0.841656789179757,0.557091684446307,0.953767902644726,4.52284263959391,6.74468085106383,4.3125,3.84343434343434,0,-10,-20,10
"199",0.901619836296188,0.729202782916625,1.19467561395392,0.819242822132243,2.23899011259332,0.931456689813522,0.884738569412521,1.11810336539029,5.80710659898477,5.89320388349515,3.34065934065934,3.53266331658291,-21,-43,-20,-7
"200",1.18767501982888,1.24942561056208,0.456864066849083,0.48655314198795,0.918246568700462,0.877338274371079,1.06797832759917,0.886349295779269,5.22110552763819,6.46808510638298,5.88571428571429,5.65263157894737,21,10,-5,5
"201",0.659576377195555,1.1368181478405,1.46814722948102,0.535717711096544,1.87355370520678,1.03006946670705,1.0115795711601,1.11347046719301,4.31979695431472,4.81521739130435,4.78095238095238,2.58115183246073,25,5,20,-1
"202",1.20641279091785,0.68193538977749,0.90427255272025,0.28786870595155,1.81593799052957,0.823827206498359,0.882422242675855,0.951014149120649,5.13197969543147,5.58241758241758,4.44230769230769,3.08762886597938,15,0,20,5
"203",0.860895222277737,0.873659083936109,1.04616175818627,1.10540162031958,1.69831017218553,0.861004872857979,0.724071558384657,0.969342531221038,3.92929292929293,3.94444444444444,2.18888888888889,3.96,-25,10,-5,0
"204",1.73760848760973,0.761853986515324,0.776271030309523,0.648460072082427,0.725316239973559,0.658284226068314,0.896330231476363,1.21093601206371,5.89119170984456,6.38144329896907,6.01041666666667,5.87765957446809,15,15,-5,5
"205",1.16946812841003,1.5891306723591,0.610840853310026,1.17921115655891,1.9052572614267,0.925778481680722,0.961360383731169,1.01418724333029,6.17676767676768,6.43877551020408,4.28125,5.37373737373737,5,-10,0,30
"206",1.10608200698886,-0.085981343604229,0.474662942744947,0.448062976683696,2.39310074010038,0.848784556253634,0.905119311626589,1.14097599759338,6.42051282051282,3.17924528301887,2.21505376344086,3.85789473684211,-5,0,30,20
"207",1.07098640849091,0.623244071872379,1.61325265483679,0.525720997921778,1.86151752077417,0.796762374113062,0.867239341217134,0.783791766841183,4.925,5.47747747747748,4.95402298850575,4.08040201005025,5,10,0,-5
"208",1.22984820126079,1.0748338032805,-0.384389897186667,0.847616077139054,1.36479857412912,0.682804553538596,1.17587743097949,0.93610810503302,5.52083333333333,5.20560747663551,4.95505617977528,4.52020202020202,6,-5,-20,-16
"209",1.19584783992364,-0.532518859354568,1.17915948537895,1.11174391860783,1.95858899887551,0.678167659997096,0.739027302547652,0.942409041217593,5.44444444444444,3.42592592592593,4.58241758241758,3.7979274611399,30,-10,26,20
"210",1.01577382667557,0.681738788495414,0.920325724561595,1.33368763663244,0.242791202925003,0.768396801142508,1.05065814074036,0.985998756205632,4.0880829015544,5.26666666666667,5.35849056603774,4.43455497382199,0,0,-15,10
"211",0.971857462552464,0.473644477306067,0.287168396901132,0.746716675825409,1.02523071548473,0.881482612791028,0.856886670333527,0.917306515882038,4.734375,5.45263157894737,4.47115384615385,4.89949748743719,0,0,-5,0
"212",0.925507804192289,1.01514331803492,0.733360997129383,0.472773737430865,0.8794255132568,0.741864310286063,0.684229393411312,1.01521978884839,4.37688442211055,4.82828282828283,2.86734693877551,2.72,-10,30,30,20
"213",1.10144809588172,1.4277477139536,1.53633741206554,1.14339701417341,1.28324568046688,0.792904559788715,0.818254924119156,1.03572590764813,4.13917525773196,4.75728155339806,4.83695652173913,5.26153846153846,5,25,0,0
"214",1.46782139727456,0.735220016207403,1.83276035262631,-0.142361180284919,1.08651731350048,0.747818764928691,0.761401623597593,0.952773137942204,4.90374331550802,5.63829787234043,5.01904761904762,5.11111111111111,10,10,20,10
"215",1.00644593667142,1.46094819270425,1.72614090400741,0.969515887993725,2.37080177353075,0.672316704736114,0.914628639498668,1.20801648484421,6.06217616580311,5.30097087378641,5.13978494623656,4.81052631578947,0,-10,5,0
"216",1.28972516578108,1.10591818526743,0.847574024356426,0.523266883651324,1.29027886201453,0.933833615531777,0.804238737601438,1.05966912283959,3.90862944162437,4.64356435643564,4.01052631578947,3.64646464646465,10,20,30,40
"217",1.46510874967384,1.36706535478728,0.821247691446854,0.544345624481563,0.664370816111111,0.843701283186744,0.794484300502768,0.972551842636972,3.1948717948718,5.03488372093023,3.22641509433962,3.175,40,65,30,40
"218",1.08635526946014,0.464472642156386,0.521440021446543,0.645197569701357,1.49987819539588,0.743902929311651,0.861978273823344,1.10329473794867,5.35353535353535,5.54838709677419,5.64761904761905,3.82914572864322,10,0,10,10
"219",0.746246606777298,0.735519342005109,2.27468634553412,0.901798529072647,1.52794521412526,0.895548758404961,0.668618147215552,1.06542497246538,4.89949748743719,5.61,4.37755102040816,4.31658291457286,-5,-25,-30,30
"220",1.07712279933283,1.58881306085408,1.63386683076609,0.56496545023038,1.39617116597253,0.885567599956293,0.868733442066045,0.956153833884305,4.21243523316062,5.93269230769231,4.56666666666667,4.75392670157068,0,-10,-5,-15
"221",1.17570768872931,1.19166693857471,1.76520275229587,1.50237860912148,1.46306141619709,0.860578652175081,0.70030617384946,1.03661028564005,4.53807106598985,4.76344086021505,3.56190476190476,4.32,15,20,5,0
"222",1.18423874635465,0.957333374105152,1.37231634257093,0.847102528586271,1.6214981712388,1.06344129200811,0.591994338897393,1.08930133844799,4.69230769230769,5.44897959183673,3.75,4.41624365482233,20,0,-10,15
"223",0.854405097149877,0.840164795813125,2.2405476195466,0.349352354690043,1.08477909257242,0.889813654787782,0.63894121173829,1.03685626288804,3.88888888888889,5.49438202247191,4.26470588235294,2.52631578947368,35,20,15,15
"224",1.03909858743317,1.21262660668405,1.37441721916873,-0.083862042293421,1.67239427121923,0.794320437258527,0.714722782544535,1.11202958795085,4.65816326530612,5,3.67045454545455,2.13756613756614,45,-5,10,40
"225",1.15291336149399,0.600240880595376,0.279595136722281,0.464793024701524,1.2584967526519,0.827826367164015,0.802424459008265,1.07844893497429,4.34517766497462,4.63207547169811,3.67032967032967,4.03,10,-10,30,30
"226",2.61694376178562,0.55163725409153,-0.11044527329076,0.175973454535607,0.0460094068191015,0.793750318418676,0.815813694618838,1.04277196963394,3.47368421052632,4.02678571428571,4.35632183908046,3.90721649484536,10,35,-5,0
"227",0.897362256965277,0.52476130907504,0.287773394447338,0.71235059743537,1.73457337094248,0.889253762174025,0.878689030743483,0.956813375753115,5.52849740932642,5.39795918367347,5.06122448979592,5.56410256410256,-20,0,20,10
"228",0.695918886521772,0.867700462726566,0.847354578532805,0.673208930280071,1.08470141568131,0.96715529010682,0.876257750371722,0.939118181515645,4.64285714285714,5.35416666666667,4.20408163265306,4.15025906735751,0,-10,0,-10
"229",1.1382460495037,1.14093462041519,1.12337581344911,0.830317641644568,0.994642034749503,0.859577057487651,0.902432091592677,1.11229402171886,3.87437185929648,5.63541666666667,3.39393939393939,5.01570680628272,10,25,0,45
"230",1.05121468529614,0.846321084904364,1.73582497061679,0.744341913383298,0.574463876069512,0.872434687611406,0.642545339364092,1.09537419903001,2.53299492385787,5.88785046728972,4.50561797752809,4.53513513513514,-5,20,-15,-20
"231",1.63362951085881,0.99435732368017,1.1829944057629,0.401941339760556,1.29943722150556,1.00736577647292,0.875731048410682,1.21735752284708,4.66,6.34408602150538,5.07920792079208,2.4321608040201,20,0,15,0
"232",0.545448454578689,0.879760965537472,1.14230634977813,0.712642194874345,1.49439176193271,0.898861774777848,0.698734094949899,1.12835798545915,4.14070351758794,6.51960784313725,4.17525773195876,3.78391959798995,20,10,15,30
"233",1.40046892715619,0.441814011586046,0.788406780282503,0.510759567822072,0.825107757751543,0.848115702988206,0.960368059600368,1.01529270347795,4.23618090452261,5.90816326530612,4.40425531914894,5.04232804232804,30,30,30,30
"234",1.24695370104861,1.12153145755469,0.668195457993746,0.842319903958928,0.777241735638053,0.909088040535128,0.903133158199173,1.13815576412358,4.07853403141361,4.82978723404255,3.93939393939394,4.55,0,0,-5,5
"235",1.31245382089379,-0.381763530977232,1.09140317108787,0.351028838426147,1.4411220191321,0.590235136701416,0.899191611470203,1.00872271070066,4.94416243654822,4.6530612244898,4.95,4.73737373737374,0,10,10,-20
"236",1.1132447409028,1.08160805260722,1.7124104706611,1.0803946536939,1.39159571259721,1.11810247425998,0.660751127140255,1.17216616220536,3.91666666666667,6,2.62790697674419,5.38265306122449,15,20,-15,40
"237",2.71172661332673,0.509122887146807,1.31052534215609,0.255457945797403,0.234494586433919,1.00848723920339,0.719694176987995,1.05899752672206,3.75916230366492,5.10344827586207,4.58415841584158,3.76842105263158,-25,50,-20,14
"238",0.560189896857698,0.427651380874103,3.79447899402092,0.547250993303324,1.03337581471032,0.782137148870043,0.498212258240957,1.05313723735756,4.38383838383838,5.32692307692308,4.77173913043478,4.78609625668449,5,15,0,0
"239",0.95841029113557,0.283695070021429,0.975818550359286,0.572555732005696,1.12958128288938,0.832767265730134,0.85938416310141,1.06308865721046,4.52331606217617,5.10679611650485,4.72222222222222,5.11675126903553,-10,15,20,5
"240",1.02378726243714,0.595122162509495,1.22637960565923,0.257040533156863,0.75865402310642,0.561380796846823,1.21704049832053,1.15520155516419,4.56701030927835,4.9375,5.10204081632653,4.21693121693122,10,40,5,0
"241",1.15199009725247,1.71400223246699,1.65842468456804,0.594779153904372,1.37681933837768,0.938058135392226,0.842592899332146,1.0098636803821,4.57360406091371,5.70408163265306,4.33333333333333,3.88775510204082,10,-20,10,10
"242",1.32329564579769,0.513334126702711,0.106123119385964,0.746056568394666,1.08582203691076,0.839082656577447,0.491336588326139,1.03807683848551,4.22613065326633,5.12,4.92222222222222,3.24747474747475,-25,-10,-10,0
"243",1.75273281610174,-0.549393081696591,1.48539678928909,0.821854297683362,0.667289619045997,0.702825856743787,0.792563486936821,0.95832522724489,3.39784946236559,5.39252336448598,5.61904761904762,4.07035175879397,20,30,15,15
"244",0.609933043280031,0.549051304003792,1.29974812626469,0.776176121718401,1.177069836218,0.923253433324134,0.71756371800281,1.03529207880473,3.47872340425532,5.04395604395604,4.21698113207547,4.24747474747475,0,45,-15,-30
"245",1.31345254716278,0.501295887703665,0.623495167962548,0.794148348701553,1.37138695272277,0.965099697035652,0.817764673343185,0.997855023510255,4.04040404040404,5.84466019417476,4.17647058823529,4.48241206030151,40,20,-40,10
"246",1.16861680729757,-1.11828678429296,1.21052766553691,0.708564837339854,1.98651307771711,0.547490478557306,1.0547777718432,0.884989445656819,5.60621761658031,4.34285714285714,4.40217391304348,3.54358974358974,40,-30,70,0
"247",0.971319571903145,0.586619376015348,1.1719350914405,0.359828818732088,1.35961628505821,0.916305729678052,0.741802871821594,0.896997293044364,4.29292929292929,5.63,4.26595744680851,3.87958115183246,20,10,-20,30
"248",0.792053595630782,0.881792255896864,2.12899974190673,0.902444015642219,1.48655347006469,0.88707252288081,0.65812576480406,1.15684710499774,5.1530612244898,5.8,4.13861386138614,4.605,30,26,20,30
"249",1.3481683997249,0.744518218939463,1.00880878729286,0.702206293780204,1.43934096330076,0.717487939873468,0.807415775079044,0.991642260942655,4.95897435897436,5.53488372093023,3.88235294117647,3.95979899497487,44,-7,15,25
"250",1.14073899610927,1.68685596031984,1.09994586518073,1.05911803224342,1.24773575077149,0.878512263039123,0.831694766427604,1.24253815121303,4.10880829015544,5.52272727272727,4.18269230769231,4.08743169398907,10,30,0,-15
"251",1.33939626745247,0.730430880268996,2.09235341840482,0.828000564184144,0.984365541284443,0.998232830007861,0.598757733107601,1.16658318350782,3.4040404040404,6.35616438356164,3.38738738738739,4.21105527638191,40,50,0,60
"252",1.0634786694922,0.696582404603175,1.20781356903168,0.552323473440345,1.87903603414899,1.10182205854785,0.84554252023842,1.11693214150086,5.31147540983607,4.45161290322581,4.66326530612245,3.1063829787234,10,-5,20,15
"253",1.08135268755282,0.37466308024778,2.08676834531947,1.14141904749244,1.60016430034831,0.718969688507298,0.706919922007842,1.25079528842736,5.38297872340426,4.79775280898876,5.01834862385321,5.13684210526316,10,20,-10,10
"254",1.3323886949666,1.50775670167034,2.10828276131139,0.509241059769783,1.16212836479125,0.768545978733603,0.681974570081521,1.01801876007704,3.62886597938144,4.83333333333333,5.48958333333333,3.80904522613065,5,5,0,10
"255",0.852469463725816,1.29086701345251,1.71234486718478,-0.106052433032644,1.86389493010362,0.537771753279251,0.669062384368589,1.01573055298521,4.61497326203209,5.72549019607843,4.42696629213483,3.67708333333333,30,-5,-10,15
"256",0.968989836682709,0.55909371475073,0.55659261946799,1.18655746583349,1.86726657793356,0.95875205889724,0.882092187126877,0.970406496461927,4.99494949494949,5.01834862385321,4.0989010989011,4.44897959183673,15,5,-35,10
"257",0.543437878911552,0.812417651577251,0.240932123565196,0.571688991931743,1.43451804775376,0.918044913333811,0.75123335351599,1.07344137587028,2.89175257731959,3.77777777777778,2.21904761904762,3.25,-5,-5,5,10
"258",0.741412163271968,0.443204692903652,0.67122657897175,0.574409043422157,0.570118891051702,0.817620310889164,0.85128940039397,0.913239165299105,3.08,4.20833333333333,4.34782608695652,4.30927835051546,-5,-18,0,10
"259",1.70534353605207,1.44097258279554,1.62054748919146,1.08484453019626,0.671508758315679,0.846428290503701,0.898937114151499,0.922358966717199,4.8716577540107,6.48314606741573,5.25242718446602,5.18652849740933,10,10,10,-5
"260",1.00789463804259,0.414602858527517,0.52819795619065,1.15831709488316,2.16444796555753,0.802067780141832,0.877133629604383,1.05381775267562,5.66666666666667,4.36538461538461,4.53191489361702,4.73711340206186,13,0,-7,12
"261",1.10775629759521,0.483801805530229,1.74513410510668,0.594338930458052,0.980538162040156,0.778746845046983,0.693647422218203,1.1589697309426,4.53092783505155,4.29292929292929,4.07692307692308,3.82741116751269,0,30,30,20
"262",0.756132314683571,0.781030213491847,1.38287877421118,1.19793678107433,1.68288598277303,1.01422468403976,0.61748515494073,0.862234825157583,4.00515463917526,4,3.66666666666667,3,10,-40,30,35
"263",1.02969267393382,1.26588328995987,0.899777453650918,0.272712468809709,1.86877888486098,0.902051928293248,0.972937873080107,0.937518189798195,5.60655737704918,5.32291666666667,3.73863636363636,2.62244897959184,15,15,-5,-5
"264",1.10135565707413,1.23523155404213,0.787296646981615,0.971986009705599,0.681993668693895,0.702825887532265,0.859334495841086,1.05415363951723,4.56842105263158,5.61386138613861,4.36458333333333,5.68229166666667,5,20,0,30
"265",1.02548420198361,1.3110885363302,1.49209145842877,0.520945754732545,2.0904299595543,0.891244797369519,0.905420506712496,1.070665424152,5.03645833333333,5.48421052631579,4.13541666666667,2.43147208121827,45,-20,0,35
"266",0.914616888633353,0.738483029333379,1.43063082186533,0.122815237213063,1.05049091266409,0.912001357436357,0.782129304145021,1.04523801550511,3.12,4.51724137931035,3.6036036036036,2.98907103825137,5,20,15,15
"267",1.38416012244921,0.405544547961637,1.12314957816732,1.01746478135196,1.15405857673209,0.983386353322473,0.431379711870461,1.17664975129964,5.27918781725888,5.69230769230769,3.02325581395349,4.39893617021277,0,-30,-40,-10
"268",1.4135984391361,0.370563236037803,1.73832537710334,0.586061296047632,1.34025340623504,0.990395161743511,0.764381717139989,1.02168158217817,4.6497461928934,6.16161616161616,4.46236559139785,4.34736842105263,0,10,0,0
"269",0.908733350121939,0.467241261705569,1.12152990135472,0.202985120436607,1.63035302009029,0.838088021896343,0.817421130871761,1.09071536903543,4.07731958762887,4.54716981132075,3.84782608695652,3.72307692307692,0,0,20,-10
"270",1.02272188024731,0.845836129690702,0.671087491480219,-0.161038405722174,2.31438891739584,0.886536399176452,0.721811920850573,1.28738945140621,5.63829787234043,3.7787610619469,3.09411764705882,2.17766497461929,25,5,10,-5
"271",1.72430637724516,0.920247669772379,1.33484245410303,0.767170340343552,0.649995975901579,0.99898409519112,0.877208163279983,1.1341971841653,3.21938775510204,5.12222222222222,5.48453608247423,3.41145833333333,-10,20,-20,-25
"272",1.53823294904199,1.38917066810919,1.71436371261756,0.402227795036277,1.03783228744966,0.845955679643299,0.664955951789029,1.04103898818085,5.05128205128205,5.96629213483146,4.24271844660194,3.93908629441624,55,47,20,50
"273",1.02115864820335,0.494169006186338,0.868554510402668,0.884903320725445,1.52951167183391,0.928039529019577,0.959927060820942,1.1074319008451,5.27692307692308,4.46728971962617,4.31868131868132,4.77157360406091,-10,-5,-10,10
"274",1.1205156372915,0.390066435485021,1.18893843081212,0.510248905284216,1.10750334164884,0.899244040613353,0.723073200211747,1.1195086719695,3.7979797979798,5.2970297029703,3.52577319587629,3.54358974358974,0,50,10,40
"275",-0.306997466939455,-0.518618868898813,0.224222837594062,0.121804373493338,1.78066287820007,0.804507687788067,0.995369484570211,1.04900491957394,3.78461538461538,4.08910891089109,3.79591836734694,4.17435897435897,0,45,10,-5
"276",1.37088602491174,1.14703522326897,1.14239716047689,1.09216239168481,1.67399047947062,0.783292652614236,0.722688946445056,0.931055369712279,5.37113402061856,5.72340425531915,4.37755102040816,3.80203045685279,10,25,-55,5
"277",0.600985475480103,0.607653885596619,0.340702465408016,1.31216880109716,1.00290016252665,0.939385680772094,0.889253762174025,0.97597079356847,4.09326424870466,6.38888888888889,5.86734693877551,6.3248730964467,-30,15,30,5
"278",1.14976972725211,0.824088272529979,1.68750232728003,0.879115040539718,1.68666687262997,0.935077061736795,0.605153142592301,0.896446392194695,4.90452261306533,5.30188679245283,4.52222222222222,4.42639593908629,10,5,0,10
"279",0.858433683519426,-0.0932056424506635,1.05567100872671,0.59465978265769,1.61862716743103,0.81157344012321,0.969373937861458,1.14012061541154,3.83417085427136,3.69090909090909,3.98863636363636,3.00512820512821,30,-10,0,20
"280",1.10785588373273,1.2065214456579,0.358139708199079,0.884178627991896,1.28283055915778,0.836978782950184,0.954402189924475,0.913809654547074,4.77435897435897,5.31132075471698,3.43333333333333,5.41752577319588,-5,25,10,20
"281",1.19624858143943,1.23929308496402,1.30070553301961,1.01547544921605,1.18650003814792,0.933833615531777,0.857032730250101,0.925877036321587,4.91752577319588,5.56435643564356,4.53684210526316,4.5360824742268,15,10,10,15
"282",1.83271929009186,0.775058729234443,0.824379871748404,0.279022882499473,0.83442776347027,0.888411213590649,0.874764957583066,1.0865739213153,4.34517766497462,5.58415841584158,3.74468085106383,2.25252525252525,50,45,10,0
"283",1.29106386895985,1.41313854620066,1.99841783330093,1.31328403281023,1.35165716080527,0.695097051326373,0.599358156021659,1.00704918923675,4.32446808510638,5.66666666666667,4.67441860465116,5.20707070707071,5,40,30,30
"284",0.81896889067963,0.790945126281345,1.23016053437835,0.40153873910615,1.06507752841992,0.893705103867181,0.884770313375783,1.29677100842458,3.07106598984772,5.50561797752809,5.07,4.13440860215054,0,10,10,10
"285",1.03292394527796,0.644505906089297,0.316317672495324,0.799850533871837,1.31632680150316,0.903869378438183,0.837472400879765,0.963812654838399,4.77297297297297,4.78125,3.10679611650485,2.815,10,10,15,15
"286",1.18419285323661,0.373909311748859,0.684606686828229,0.888615842838076,1.97681532153385,0.994569714371794,0.742218262630943,0.994071438059331,5.37688442211055,4.54128440366972,3.06818181818182,4.84408602150538,40,0,0,40
"287",1.49133691977535,0.699370195066101,-0.263776732753018,0.663151015548849,1.3285308380553,0.814846158067342,0.975723412481543,1.07791357771272,4.42211055276382,3.95192307692308,1.89247311827957,3.5,-10,-10,30,10
"288",1.55659102921305,1.80126923025625,0.633493878783925,0.747601977860082,1.27292500259688,0.83177526690596,0.914846878264896,1.04094599532725,3.97435897435897,5.48837209302326,5.43119266055046,3.28282828282828,15,-8,-10,-10
"289",0.900660741936454,1.10272291425214,1.39005222071096,1.00820039820478,1.66407077325426,1.11121871854848,0.739027302547652,1.31381009459501,5.609375,4.66019417475728,3.51648351648352,4.77297297297297,12,26,55,18
"290",1.26925946817636,1.31725652605518,2.79448659380107,0.545277271280602,1.25374893793464,0.689516793070056,0.616774588171783,0.913845135661208,4.953125,6.11458333333333,4.81914893617021,3.93467336683417,20,-5,-30,0
"291",1.2563814597457,0.647271007732389,1.31408848561005,1.00461336776023,1.84885216541535,0.886035421574018,0.996265413849405,0.850647666918413,5.60732984293194,5.4468085106383,4.64077669902913,4.46733668341709,40,-5,-20,0
"292",1.05943986774759,1.38889300950982,1.63875644859626,1.1337556909483,1.3239698864093,0.752276511769108,0.922383719137823,0.899023770734146,4.09547738693467,5.26666666666667,4.54285714285714,4.4869109947644,-3,38,-25,15
"293",1.03512074315182,0.438085909807086,0.786454673531118,0.744896056978181,1.20793992206056,0.726750732793518,0.832763771306172,1.20944459973445,5.18229166666667,6.25263157894737,6.45,5.86931818181818,9,25,13,1
"294",1.27390990855895,1.33343588871407,1.54222596849587,1.15892302572328,1.42781288988214,0.906405908578818,0.861054114126686,0.907921025377818,4.74489795918367,4.73958333333333,4.40196078431373,4.80628272251309,-15,-10,-17,7
"295",1.28139769476765,1.29379123859544,0.943384481546594,0.628181047823267,1.28606884493401,0.875120300806597,0.80447148509711,1.20262724662421,5.20603015075377,5.63461538461539,4.48913043478261,4.23783783783784,-10,-15,-15,30
"296",1.33247039264724,1.26520517339562,2.05210017088318,1.31155433465412,1.3727011384997,0.95312614569038,0.75101674866264,0.868701885717992,4.17676767676768,5.79569892473118,4.16981132075472,4.62,-5,5,-10,0
"297",1.22072758596752,0.85564014447076,1.14461878569975,0.667049821129162,1.73980517822579,0.654671906834856,0.885061216935971,1.08664391114621,4.59067357512953,3.35227272727273,3.09433962264151,4.18686868686869,10,5,15,23
"298",1.13385287156963,0.201759570377138,1.88470118117232,0.853583753751036,1.37681933837768,0.999742217852917,0.602898499571305,1.15134584354791,4.75126903553299,5.11320754716981,5.06818181818182,4.58115183246073,-10,0,-10,-10
"299",1.61441822334771,0.583803220782782,3.39836195828149,0.964326454194403,1.3340687058809,0.639940189863928,0.523901945933654,1.03120067932085,4.06532663316583,4.79310344827586,4.63392857142857,3.11167512690355,45,25,25,40
"300",0.749777381292379,0.670601866073002,0.888040569001627,0.766781742361368,1.13177014233599,0.97800379300193,0.970790490063935,1.23658470661801,3.6701030927835,4.79545454545455,4.08653846153846,3.96428571428571,-5,10,10,30
"301",1.16256225866818,0.51965492050562,1.80589350070725,0.54692418154542,1.08511567899743,0.537237336089122,0.678967756560681,0.95054894630769,4.28787878787879,5.30909090909091,4.44444444444444,4.56,10,50,40,-20
"302",0.86009088030886,1.05572332238641,1.83385423406262,1.03201057841263,1.20813852751798,0.846827006165669,0.863514833105046,1.03574751938583,3.95477386934673,6.1505376344086,5.46666666666667,4.93939393939394,6,26,12,17
"303",1.05965259537932,1.56605991092163,1.37748901245572,0.386527354722956,1.21142058266056,0.88877316312096,0.812823909908584,0.901812203425145,4.90355329949239,6.05208333333333,5.58823529411765,5.72,30,10,30,30
"304",1.05777058472526,1.3167443063067,1.22723863839654,0.478984070710887,0.988506406801006,0.818082289723279,0.901005594463008,1.00309611688138,3.89949748743719,6.08333333333333,5.50892857142857,3.715,5,20,-25,-40
"305",1.05567616953963,1.19643490376597,1.17931591612641,0.565679418009272,1.12585297202701,0.876170144788049,0.967873612638844,1.01775215871958,3.52820512820513,4.98823529411765,4.68867924528302,3.66161616161616,-5,15,-5,15
"306",1.94757844643336,0.332353338227325,0.993128285093438,0.424814777314616,0.36255916603704,0.919741765043653,0.822267226220107,1.12199242681063,3.8936170212766,4.72727272727273,4.92391304347826,4.89583333333333,-20,-20,40,40
"307",0.889045590351798,1.32831566981979,1.62781654978612,0.545941973377512,1.17427751696097,0.920177221555678,0.673530281460564,1.17349597331953,5.25,6.40425531914894,5.54,5.75510204081633,-5,20,-5,20
"308",0.942518985340281,0.732797011558871,1.13247034702705,0.71756061970166,1.33145773114476,1.07319193013556,0.390055787004988,1.01148856647625,5.34170854271357,5.72727272727273,3.97959183673469,5.23280423280423,10,5,45,30
"309",0.998087084212567,1.45498777326705,1.26137704688502,0.204222692169105,1.58764849357061,0.894459581140903,0.872288947728874,0.978520045781674,4.22105263157895,5.41584158415842,3.58510638297872,3.80102040816327,0,40,30,-5
"310",1.22663507345813,0.679150337169819,1.43211141618363,0.389467139854101,1.72760383431567,0.855031341005008,0.832991442431718,1.04343355380735,5.53299492385787,5.97752808988764,4.72380952380952,4.20618556701031,22,-20,-2,1
"311",1.44597422990874,1.09134661129394,2.35369332081603,0.666790669056014,1.43271083014371,0.726040247204417,0.795232206846263,0.990184056852146,4.30569948186529,5.11504424778761,4.50602409638554,3.87878787878788,10,10,20,10
"312",1.35109249287862,0.64879849422374,1.23503171595021,0.243392376072845,1.332553399961,0.892470461864452,0.713660545092443,1.07250261852964,4.58115183246073,4.83962264150943,4.37349397590361,4.74489795918367,-10,0,-20,-20
"313",0.761165238036407,0.284120551416961,1.1343023269094,0.224140028087499,1.05966056812812,0.754220724585103,1.11275389093199,0.955457869679129,5.42857142857143,5.99056603773585,5.95604395604396,4.07035175879397,10,40,10,0
"314",1.08958217939338,1.5552621810638,1.10832671199578,1.10951083683365,1.69640617959283,0.841807244068479,0.685775883031843,1.11531769855585,5.44270833333333,5.73737373737374,4.70967741935484,4.42857142857143,20,15,-5,0
"315",1.0479059730775,1.31394355583585,1.04297723169243,1.03864523125395,0.961232715559041,0.777807644876862,0.827857600367603,0.981876250909807,3.70810810810811,5.56043956043956,4.2843137254902,4.3756345177665,30,30,30,10
"316",0.946447088271942,1.24326092487734,0.973506600834759,0.855758485315236,2.08623408978142,1.0447623778116,0.913375180679129,1.00338861114424,5.44791666666667,5.31182795698925,4.5,2.99,20,-15,-15,5
"317",0.988412055668119,1.44007482803507,0.166225251390568,0.994676853794108,1.59699153963507,1.01827156556534,0.822961410042153,0.91303286523665,4.45918367346939,5.83168316831683,2.15789473684211,4.49246231155779,-15,4,0,-10
