"","subject","da_memory","da_Calories","da_GDP","da_vision","mda_memory","mda_Calories","mda_GDP","mda_vision","mratio_memory","mratio_Calories","mratio_GDP","mratio_vision","c_memory","c_Calories","c_GDP","c_vision"
"1",1,1.69914434612638,0.475768323858327,0.70805366181652,0.84656290582767,1.48133350736337,0.796219093028131,0.872852150123151,0.725709112107292,0.871811456596045,1.6735437251708,1.23274858558579,0.857241803428393,0.151759124462504,0.0213500374799927,0.0353874669438846,-0.299690737643501
"2",2,1.13761649253326,1.07759154008256,0.410153547294052,0.759316734260065,0.627128561333282,0.737995569915374,0.748755357219625,0.927238179183576,0.55126535651464,0.684856499391997,1.82554890030689,1.22114808925836,0.0063010350118079,0.096861243656302,-0.0426474010057401,0.26001025409019
"3",3,0.587834828303546,0.827600051018728,0.565678354703352,0.68007641468097,0.70116890301943,0.645690585543837,0.935053058415723,0.845784313613045,1.19279918313612,0.780196406161442,1.65297655574266,1.24366070540736,-0.0604321557941557,0.0476936687087943,-0.0358001866126989,-0.0980941734603837
"4",4,0.767898595840899,0.920653396857441,0.475950048574546,0.916550076585074,1.07299822584949,0.87041761538113,0.828846642362497,0.330307851474536,1.3973176037319,0.945434642778938,1.74145720721085,0.360381674621874,0.116955172515497,0.214163051767361,0.0806643396771022,0.0201426574916681
"5",5,1.41243677096636,0.607568524825307,0.72595401689513,1.12610691133422,1.3352559321556,0.366020050813625,1.18896170798572,0.373341803644976,0.945356252118848,0.602434187845504,1.63779203684395,0.331533178499578,0.0199395830586981,0.239467427288779,0.252164096148408,-0.052087648928863
"6",6,1.39508364758069,0.494481627155561,0.686364543908938,0.898716788980808,1.92427347415983,0.728337341410762,1.33957380061201,0.633341683721431,1.37932480070054,1.47293104821796,1.95169434741334,0.704717761464847,-0.0578732025701231,-0.214252880640378,-0.310194339017066,-0.225131355705677
"7",7,0.297229896959605,0.531051570521678,0.627073757202023,0.934746868498668,0.261797498618373,0.119607692674474,-0.0961063116313866,0.217984305815755,0.880791270650517,0.225228017981338,-0.153261574938503,0.233201429351529,-0.0789300281613468,-0.0301969141913222,0.0525694781995584,-0.4320614734179
"8",8,1.53965458248125,0.487094368482632,0.612944191228694,1.0176368695342,1.84684453170497,0.71310353858095,0.743667709454509,0.583575640403312,1.19951874447623,1.4639946275757,1.21327148555527,0.573461573449505,0.347419336622454,0.17574856880008,-0.0206312207331814,-0.13279106921452
"9",9,0.222049644308854,0.905077347947231,0.641902401736001,0.979701677819891,0.429956423711813,1.05208397144311,0.222844975728485,-0.104458516096259,1.93630764440125,1.16242437602632,0.347163330633767,-0.106622779628905,-0.1300155717316,-0.107053600253817,0.0998324878704301,-0.0662747547087459
"10",10,1.1967931306365,0.874062562287194,0.409717285205155,1.03459302562287,1.63298499767025,1.38890395204057,0.304100933319794,0.657758085434753,1.36446722150032,1.58902121194411,0.7422213909465,0.635765048811106,0.174820481117052,-0.0798154465090123,0.105750782779678,0.0665523001960757
"11",11,1.3824284197649,0.620878646001185,0.500050434351326,0.663592572544801,1.32206772403216,-0.20090391137767,0.301165053015777,0.0623926789625551,0.956337199908695,-0.323579998557861,0.602269355902977,0.0940225697874924,0.0515455886622259,0.134657201984924,-0.121124106026621,0.148848145844095
"12",12,1.20588698101887,1.12060064585756,0.952163486555481,1.09030077425642,1.43521043469672,0.753521913469863,1.00435613181064,0.905074833274272,1.19016993904693,0.672426806334044,1.05481479387953,0.830114822115515,0.164433940950768,0.0210926836036782,-0.0600945230880658,0.0109752064904834
"13",13,1.37294804456735,0.925750529978229,0.963986036353791,0.819735253265281,1.57157301660758,0.231677104886613,0.355841232264088,0.66090545365604,1.14467042130703,0.250258679184403,0.369135255952495,0.806242565539827,0.0562857762609981,0.152265839606859,-0.17138359279464,0.127651479570132
"14",14,1.50016698315271,0.664558532130338,0.744615158584885,0.95955114454224,1.23884096449645,0.44938659350441,0.591675503996402,0.709537133908644,0.825802046311494,0.676218228759831,0.794605773431822,0.739446915304481,0.0117592853097342,0.156497145049501,-0.0205232343572866,-0.171752158235474
"15",15,0.904791270566365,0.935702127828275,0.571576825783709,1.07747598369941,1.33450207897161,0.863286566865978,0.379961880544063,0.781684878229196,1.47492811036545,0.922608318599884,0.664760821999884,0.72547777403386,0.123750915526091,0.0505669245251158,-0.0248210124904014,-0.366990902212196
"16",16,0.966377927896695,0.720946843955317,0.581080812899731,0.706555626821984,0.371549011069555,0.589435730394542,-0.169058168227181,0.240069158109568,0.384475887066486,0.817585561732585,-0.290937447036911,0.339773896061624,0.234461274311431,0.01498834825786,-0.0755659503507041,-0.0183836406813764
"17",17,1.40929007839273,0.888705482041052,0.77683632888368,0.431994191147342,1.28561770856468,-0.0909555240202236,0.930043716154182,0.435728895196109,0.912244915561245,-0.102346081866548,1.19721964791562,1.00864526450888,0.167125932993593,-0.209023869951009,0.12842856321077,0.0788431221623024
"18",18,1.23969874064107,0.375461770235518,0.58017773290923,0.586377436732141,1.96163694224577,0.0418606652218679,0.515309697413202,0.235905504802256,1.58234970960071,0.111491151803843,0.888192821239871,0.402309996982401,-0.00132825611081605,0.187730885117759,-0.105636429359872,-0.104070292093278
"19",19,1.08417851413385,0.425654015099623,1.01059244560612,0.945155288275302,1.49870995586292,0.544164719272446,1.00879735250656,0.583258867315759,1.38234611397021,1.27842026615228,0.998223722028233,0.617103744274739,-0.0270954921774127,-0.0471625936812585,0.148080388168475,-0.103568906671623
"20",20,1.95598279891502,0.691971515338672,0.225168283970723,1.02269597957002,1.65458857680841,1.34500978264048,0.833277139979341,0.688577156120702,0.84591161932825,1.94373576487782,3.70068610589797,0.673296042886768,0.000995997188188935,0.0741057522700752,-0.147405459245709,0.511347989785011
"21",21,0.776830750578044,0.568133300356281,0.421062439592704,1.1042678420737,0.922595491815703,1.19715535865092,0.711284243585007,0.0536287606506486,1.18764028217111,2.10717336565235,1.68926072881978,0.0485649935707078,-0.00730992052546542,-0.134304637733514,0.0481018471550659,-0.272048232959526
"22",22,1.74975004033523,0.929469678497235,0.758629995873433,0.947846998811725,2.15649165688386,0.801354133760967,1.60188509972344,0.982495368674917,1.23245698366763,0.862162749683879,2.11154991028155,1.03655481307282,-0.0626572186677009,0.0665259181149572,-0.0934741230555508,0.18920793978369
"23",23,1.21084575501211,0.717213145456548,0.418126827708989,0.760024935228203,1.12258638170855,1.13277442023067,1.42756634039766,0.896158410290716,0.927109317649897,1.57941112402449,3.41419455962589,1.17911711675833,0.023481340126137,-0.0842150848682371,-0.0731527332080139,0.114120719734112
"24",24,1.96605217618674,0.636453288591122,0.836893943247106,0.754237558260301,2.26728348625983,0.495760109554692,0.749457581090651,0.608263329823961,1.15321633562002,0.778941861785531,0.895522768611269,0.806461204646133,-0.00512854415282765,0.0711876535565835,-0.0227216758090658,0.21728989842688
"25",25,1.11183293063776,0.682936873030924,0.756554901422042,1.22999295456627,1.14615840253497,0.978658484093512,0.308009952165382,0.444983479266745,1.03087286853207,1.43301456216613,0.40712174567429,0.36177725865402,0.145034954265331,-0.197739202809638,-0.10639744531176,-0.0125470241187132
"26",26,0.923241656700709,0.77649129497687,0.566837136376216,0.617645199384811,1.22045729825834,1.22509727103464,0.14991978757049,0.910394833924923,1.32192616028588,1.57773471378212,0.26448476634563,1.47397702569646,0.261351362206981,0.0696062835240599,-0.0826877886124616,0.233927917237888
"27",27,0.722029277256143,0.623955671611872,0.475122267435683,1.17647942304213,1.17553438740613,1.08557629469197,0.43293295958673,0.525942704544992,1.62809795175259,1.73982919633952,0.911203261264397,0.447047941718363,0.0176754250965192,0.10731791723546,-0.0368303541421953,-0.454918551797389
"28",28,0.22491649860582,1.02726837031583,0.762500675890623,1.01618256820207,0.33200350097014,0.540418206664774,1.03782135522958,0.416118825707826,1.47611892870517,0.52607305187312,1.36107598070962,0.409492190408326,-0.259203204789458,-0.00321254249469521,-0.0626109739809362,-0.276256921648027
"29",29,0.625644764614052,0.924981131950012,0.637282628795369,0.970561252613335,0.969792197916255,-0.220562028147333,0.269255962066691,0.298341832170159,1.55006842982935,-0.238450299718387,0.42250635730595,0.307391039325795,-0.11001516207482,0.0423990560355949,-0.174912080691861,0.104175171543111
"30",30,0.936243290128766,0.551603218235748,0.849445399080849,0.944745350261112,1.49468916001153,0.556156697376884,0.407672021878449,0.32480715794733,1.59647516384973,1.00825499016431,0.479927282341602,0.343803923308602,-0.183406085442211,0.0428377548465014,0.164733098309354,0.238887416772939
"31",31,0.952482783484133,0.667130500678388,0.434949541396803,0.89069412084496,0.614973753795382,1.08300521309549,1.1930216579537,0.570552443245904,0.645653406506561,1.62337835250256,2.74289669124014,0.640570572874836,0.184509735398189,-0.0865262596002169,-0.0425148305326688,0.187203736001585
"32",32,0.444237874037525,0.852684215980114,0.589641867708599,0.770043027972438,0.112979735791373,0.74573803260234,0.977510694770988,0.531816826713927,0.254322610462136,0.874577034060792,1.65780408126323,0.690632610640249,0.0843347206718389,-0.125005587130481,-0.177968187137968,-0.326238577917276
"33",33,0.270703561103294,0.730838542684141,0.653055364210783,1.05475958901684,0.777087139465326,0.673666804694196,1.11122747967339,1.45285023359611,2.87062030620575,0.921772409840386,1.70158234748797,1.37742311018034,0.215779054237817,0.119255624680711,0.0935638278340194,-0.065037140873814
"34",34,0.86969756014775,0.535297140455031,0.465735148798696,1.13174006832641,0.83027854808242,0.633784331787275,0.935294596563315,0.596069349898303,0.954675034320399,1.18398602176078,2.00821131704529,0.526683967971337,0.121276813544816,-0.0429608551547402,0.146324206484332,0.175724009698314
"35",35,1.20783782825847,0.573658681359168,0.824288305869197,0.438146418110326,1.78571353783497,0.769229201492584,0.522973358562292,0.889036211343519,1.47843816119728,1.34091791249468,0.634454419453187,2.02908474107315,0.109785726781024,-0.0538654864082114,-0.0329523720509181,0.261571223061333
"36",36,1.79157693202748,0.644300368430908,0.70980252416479,0.868842257207882,1.27635385557822,0.399709601413922,0.775741901776933,0.12910070618449,0.71241922842454,0.620377732186235,1.09289820107322,0.14858934992339,0.176069608488506,-0.00351082025107896,0.064394490959001,-0.357217479139434
"37",37,1.54638834076249,0.690024958587607,0.468842887650336,0.692895023965892,0.963487860391207,1.00675574112297,0.697508869918423,0.561914566776228,0.623056857707639,1.45901351624103,1.48772411460495,0.810966376349511,0.228137127144448,0.0988488326324441,0.0133027308275976,-0.283740734039732
"38",38,1.99884974572458,0.509095029545327,0.680500866355355,0.721684826002523,1.93426244728645,0.985139586834884,0.837912534241226,0.689416568283944,0.967687767138939,1.93507995494419,1.23131736588219,0.955287604012246,0.053647786672969,0.0972368301624928,0.241142573354778,-0.119802019115234
"39",39,0.490749685646093,0.605474674950869,0.341583371226009,0.751847820662132,0.527844971348179,0.608180454021021,0.88891110690846,1.49438194189325,1.07558901571837,1.00446885589455,2.60232546952735,1.98761225453469,-0.265590963915201,-0.0427477362443641,0.099112401784373,-0.180201683287625
"40",40,1.47265166155054,1.04426717025021,0.365714789610241,0.889642512485345,1.4997515211275,1.28446634497372,0.623571665635647,1.33619020554804,1.01840208399889,1.23001697416759,1.70507642389912,1.50194059613361,0.221332065885759,0.0374586891023256,-0.151519412783694,0.059500789835105
"41",41,1.30155795139798,0.604709864564225,0.76992497394404,1.20212458272527,1.72544653823596,1.13932715382002,1.20655038123677,1.27102632250834,1.32567784352797,1.88408891699007,1.56710123982089,1.05731663820306,0.197016785529109,0.197721476668037,0.0578591706244913,0.376835252577908
"42",42,1.09603049715259,0.346534116670171,0.591445398904323,0.918284900325822,1.8077450583764,-0.0251901152328312,0.988959310654304,0.604068758943491,1.64935653074691,-0.0726915879881664,1.67210584863183,0.657822815913838,0.139015277725333,0.020761084088841,0,-0.135266227394119
"43",43,0.0955879885026442,0.236135351204284,0.764415738015511,0.849487485984367,0.477165717463884,-0.0797362333295304,-0.447397840380618,0.107077557809635,4.99190039395676,-0.337671733278723,-0.585280781295923,0.126049599995644,0.391133207782874,0.0568922645635907,0.207247928842023,0.029018447177696
"44",44,0.84551518657718,0.456417800549231,0.309119115506617,0.709467710532951,1.36900920997566,0.821406696104934,1.16546546463629,0.0784179258693232,1.61914207066782,1.79968155299047,3.77027950124082,0.110530648125502,0.0440675295639993,0.12357544466054,0.261427662436366,0.221412695542799
"45",45,0.744030200660001,0.935054044462951,0.450867719213958,0.749095248433396,1.20058740264937,0.429950163259079,1.18693415165252,0.835431625826751,1.61362724467955,0.459813168880545,2.63255518430511,1.11525420508796,0.315015425971626,-0.0920652519959571,0.120800403992904,0.0499089394645223
"46",46,1.49619712762258,0.602868839704136,0.804490747917787,0.82642861644797,1.54657316951226,0.645779870059027,1.03409808158439,0.866932265648763,1.03366938818398,1.07117805321627,1.28540705317106,1.0490104630874,0.0471471442270757,0.0967745012815922,0.239816001317608,0.0698750946924328
"47",47,0.811734122673509,0.526269723057108,0.740934637157211,1.10235564912255,0.816475263370359,0.394282389694561,0.920634722678826,0.535826630465454,1.00584075569133,0.749202115227471,1.24253163033528,0.486074191112422,0.0772223415796633,0.0712419460602604,-0.153933194129435,0.471518155008744
"48",48,0.817334071365127,0.629464075736026,0.699204805362594,0.794695548994376,1.64759191834141,1.13463847415798,1.06130402951615,0.648081472832316,2.01581210922674,1.80254682974761,1.51787290558705,0.815509126296746,-0.175181777324946,0.178821357221532,-0.139174008433372,0.165513412044178
"49",49,1.87041878425271,0.451872190866925,0.66555913250659,0.82150147952846,2.68430366781076,1.00762636144471,0.673122236867455,1.05977939798674,1.43513511006746,2.22989239393458,1.01136353479575,1.29005172162935,0.055077527209415,-0.10335525154466,-0.0550891264317183,0.0120868046176163
"50",50,0.34459163283959,0.75542786570054,0.620625751459919,0.8091692470199,0.93756709553692,-0.017028397695019,1.17852286885131,0.635733631934043,2.72080632896088,-0.0225413947091134,1.89892679457634,0.785662127268671,0.319040771906344,0.132707709812949,0.0359213878699227,-0.210556481086024
"51",51,1.27397520488512,0.692762775771691,0.742505168292195,1.25617160279969,0.930389262453751,0.626123581718487,1.36884637169868,0.310432613589873,0.730304058419764,0.903806618392606,1.84355130462878,0.247125960257338,0.142854415094345,-0.0719899000258086,-0.0699160632865214,0.30944643743547
"52",52,0.934990652258043,0.593030851824412,0.518133259113843,0.920645863013928,0.963780230182757,0.0362099397436418,0.902136468327133,0.766664547355124,1.03079130027149,0.0610591162875335,1.74112827628561,0.832746420915081,0.0297052445525325,-0.0221239380521691,0.141296754977826,0.141683567542589
"53",54,1.37235731484225,0.693940598885577,0.442821657596511,0.643066398304375,2.33799557356863,0.340355704628735,0.657144305207842,0.639678945924792,1.70363472273791,0.490468067692428,1.48399314698067,0.994732344298326,-0.116993908176791,0.122282584370013,0.221410828798256,-0.218338213048874
"54",55,1.47964633431028,0.843268551429229,0.575104347888731,0.953586877849267,2.83111792642943,1.3016063615542,0.706777970650049,1.44749491316199,1.91337474420814,1.54352532102394,1.22895605509627,1.51794760056545,0.194766123918341,0.292733164565573,0.072577717845204,0.07812950377802
"55",56,1.5425552811141,0.595077874057064,0.689164144788282,0.959403793751649,1.54456781732556,0.835068558133828,0.803090788042253,0.579643941399224,1.00130467688004,1.40329290423887,1.16531133274348,0.60417099158279,-0.0640935030150619,0.121756816012864,0.0727020669948804,-0.0688203858222739
"56",57,0.9498604819116,0.718428655131967,0.690952976443411,0.805177751404384,1.46437292926633,0.833020947885796,0.801240208128417,0.0695039931240188,1.54167160035889,1.159504067572,1.15961611780399,0.0863213035914002,0.0222703297257539,-0.165186185142057,-0.12078877314893,0.00532986524284285
"57",58,2.22175936027799,0.744664497253851,0.570731270643667,0.907567170991239,2.04136181714926,0.487531038648228,0.767931469562398,1.01246701588699,0.918804193490086,0.65469891534527,1.34552198041703,1.11558356036742,0.0292379733513339,0.112342647395855,0.285365635321834,-0.393102133006625
"58",60,1.52199520259706,0.998861684691334,0.559914207330261,0.931876114946843,1.23967192723673,0.304279377036225,0.774573471318597,0.473722248438761,0.8145044906327,0.304626137632111,1.38337884836296,0.508353246574824,0.063184552697846,-0.153945768625868,-0.0955046665703877,0.308627372863251
"59",61,0.662103840640127,0.811202101561384,0.836893943247106,0.835076497124327,1.37852010364903,0.777914136554989,0.841391541307795,0.74038139927425,2.08203006693974,0.958964646489053,1.00537415534785,0.886603085853608,-0.160284668006075,-0.0127702371309624,0.0227216758090659,0.151646500682173
"60",62,0.652152962302441,0.523929208655471,0.784904625335011,0.864157684442424,1.5118052755704,1.50452405684202,-0.0929988311293094,0.982108783930815,2.31817589271225,2.87161706579213,-0.118484243980109,1.13649256566467,0.408353750560994,-0.15733114871366,-0.0738129487031303,-0.149862695158704
"61",63,1.15398034580463,0.819534204710747,0.504889622010601,1.07184890996643,1.29118482499037,0.0426660944671101,0.6718403307779,0.341590032100732,1.11889672097498,0.0520613956340835,1.3306677370441,0.318692335201825,-0.152801980655458,-0.00751703703364817,0.2524448110053,-0.264044449583954
"62",64,0.962604862839547,0.642917075756701,0.648906692183348,0.875443066338608,0.800351459840368,0.402064186734578,0.274416345515136,0.210249833986533,0.831443399817704,0.625374876318779,0.422890299669771,0.240163914788734,0.328277200699061,-0.177729304172526,0.260136510967799,-0.179578208748409
"63",65,1.24633358811537,0.503091801059118,0.588070716748981,0.6122207632103,1.02494741527719,0.506124290861572,-0.326887676764834,0.0523080159692536,0.822370050081899,1.0060277066652,-0.555864571138587,0.0854397941274749,0.102991174484191,0.0670934634348161,0.0330679579730378,0.197854985606195
"64",66,1.61459417043326,0.793833058147173,0.650247993660394,1.09345620331438,1.40067984076323,0.466263158992367,0.432394640940346,1.12556875310774,0.867512014110251,0.5873566919481,0.664968819828722,1.02936793416693,0.0935924443063707,0.0214547588380679,0.0921601425588246,-0.54672810165719
"65",67,0.795079452966835,0.660070981084678,0.869761792531097,1.20846066258505,0.841129559887062,0.476042107889769,0.345561278182312,1.43828930069498,1.05791887433186,0.721198358254594,0.397305654432914,1.19018297014178,0.117454038406094,0.115061034443177,-0.259920956099816,-0.10702976061097
"66",68,1.52137546869833,0.664883373745862,0.457147648773604,0.612685577843255,0.410032774720165,0.236043283012432,0.236063808356492,0.354738280419082,0.269514517064604,0.355014566964724,0.516384168199889,0.578989114886323,0.0861979841530812,-0.0714742864714781,-0.164256989262927,-0.0175334338471644
"67",69,1.50348902010438,0.796088680349235,0.639428177663783,1.16019869765528,1.45138291167093,0.272724125224255,0.147170405096529,1.80373765505601,0.965343206543783,0.34258008178764,0.230159399034042,1.55467995154736,-0.153984384009712,0.00231904436013036,0.0183775679723154,0.170116026640302
"68",70,1.4985550157447,0.51925812940277,0.528941972827214,0.896725514075695,1.17546155168308,0.677196958452473,0.689240076405334,0.276959482213957,0.784396661672742,1.30416245814266,1.3030542324356,0.308856475996933,0.128099881440996,0.102318380091214,0.306260284230061,0.361216875080987
"69",71,1.27468929441172,0.497603243392062,0.400356155066237,0.946793098578259,1.07952446198684,0.355537830215724,-0.125094452476764,0.655648280457323,0.846892232263584,0.714500628637573,-0.312457922511688,0.692493725864573,-0.108299589418041,-0.217463639674605,-0.095544621919043,-0.0207366380590837
"70",72,1.71521145562381,0.515724992460398,0.497191710559858,0.860315574307333,1.10248858769572,0.034964218789655,0.27018225857962,0.340056330038577,0.642771236211663,0.0677962466446493,0.543416659693267,0.395269294424161,-0.00980996658380878,-0.0279783786509669,0.0113937459511413,0.00732024277182
"71",73,1.01416552779744,0.578448927991171,0.603259207897654,0.873229522972149,0.817231114935495,0.616413039487974,0.51679355265919,0.725928869196809,0.805816301713937,1.06563087882044,0.856669149668192,0.831315078223669,0.0554244473561034,-0.056260609724213,-0.0912012097009023,0.206730643906842
"72",74,1.07695564111682,0.708852949802784,0.877334498834957,0.771677104289984,1.15182923460137,0.401141536385085,0.657591246087879,0.562682766256695,1.06952337740383,0.565902330655026,0.749533099360753,0.729168667994131,0.164382410360688,0.169974037806649,0.085733263290562,0.183031331912786
"73",75,1.26759438927078,0.614909709344392,0.305873509827448,0.729013629947607,0.97354774267189,0.317980927051989,1.17237795917987,0.818275400226123,0.768027809930552,0.517118078019968,3.83288490670944,1.12244184005851,0.300792096438092,0.133713792760423,0.187758072174072,-0.204677934270533
"74",76,1.28468785222427,0.93074657803096,0.302091627958415,0.835966388329356,0.808634635801085,0.71065568977359,0.690088806688734,0.488231175309022,0.629440555852566,0.763532960042697,2.28436918742988,0.584032064117712,0.375349800707183,-0.00387959479732186,-0.0654883104699633,-0.0346767170653682
"75",77,0.552124622321993,0.689876001739363,0.417298479954029,1.00522651651372,1.17743059565995,0.379889843180034,0.33629684930791,0.269204189757112,2.13254498723168,0.550663948625883,0.805890424870364,0.267804505088815,0.0425770528033788,-0.00684634406547452,-0.0657422478830222,-0.00170878782091571
"76",78,1.4510150764834,0.686232066937881,0.738455041338955,0.793237700324284,1.50447076065906,1.20216675379398,0.970751312198353,0.764681832809592,1.03684019900414,1.75183704130632,1.31457063443998,0.964000869470755,0.110366433645728,0.0526092623455467,0.0311358638652705,-0.30433256942207
"77",79,0.541158913609848,0.628613578846185,0.349977345985802,0.86030042543702,0.476931447153256,0.415849860215778,0.40155495361894,0.90847192686802,0.881314961573566,0.6615349623517,1.14737413213948,1.05599381333158,0.0211521995389539,-0.0681431427617329,-0.143650690971474,0.16425846483852
"78",80,1.4163419433086,0.932311031858045,0.278167321101318,1.12374406185256,1.40102166572443,1.38965515568114,0.88077909771538,0.888183790263694,0.989183207023875,1.49054887070427,3.16636438179799,0.790379073326954,0.324864494554991,0.28170307883428,0.0134223136955851,0.234310540851112
"79",81,1.03009042158487,0.80871005089354,0.592621553862977,0.883105464348325,0.901888290322488,1.13738911954785,0.598768609961325,0.849312768030325,0.875542837234492,1.40642387007699,1.01037265023231,0.961734246154918,-0.0600640704860049,0.0149407275946258,0.00502574392808758,0.0348284803027987
"80",82,1.53230664494645,0.942009499647388,0.78006144411807,0.804493293878411,1.75861092002902,0.74763056862833,1.26526450026613,0.963627697668643,1.14768863388338,0.793655020366761,1.62200620195583,1.19780699851835,0.245977702899732,0.0281830922271827,0.0987456890556342,0.098333458527534
"81",83,1.32436941727521,0.722461094619611,0.289159902362283,1.0222995237166,1.65817881354918,0.663992016964185,0.647137082310368,0.547246641218053,1.25205157406968,0.919069582997806,2.23799038879043,0.535309494450824,0.137784195929564,-0.100263146908353,-0.00792602306510262,0.00384400303120919
"82",84,0.998473504173053,0.649074768746776,0.474365188823959,0.793505831876608,0.775547245445903,0.152376783627507,1.60149062852933,0.208343364772363,0.776732925014589,0.234759986005486,3.37607114995037,0.262560596788105,0.186375352326415,-0.139170367083791,-0.114601750523177,-0.083891516178192
"83",85,1.5809095172897,0.611773946166226,0.63727872792875,0.72655810490941,1.02172553239361,0.396047288470739,0.534439680807723,0.846836558191614,0.646289696671094,0.647375212613464,0.838627836433095,1.16554553926172,-0.0350397322843832,-0.0458973718520429,0,0.0446396884903298
"84",86,1.853426181842,0.831800434806252,0.593674621678863,0.870223053966449,1.79603559837465,0.292755704613716,0.695177322091591,1.12556867190545,0.969035409109033,0.351954257732393,1.17097362209233,1.29342548071457,-0.0209841968590947,0.258589532792955,0.144331336593187,-0.0721942318438683
"85",87,1.23858181837579,0.840560756049826,0.353236753821891,1.0235247826855,1.31979014335842,0.726206672681869,0.26627105125803,0.272737088207915,1.0655655716706,0.86395500557823,0.753803358164393,0.266468475235463,0.0431443583786222,-0.0684960330897566,0.0241124026647011,-0.238452984125189
"86",88,0.098643950527941,0.351784344935156,0.730838542684141,0.907134525627626,0.834601305102533,0.236345846088606,0.698914211314913,0.501525039600734,8.46074493809056,0.67184867516538,0.956318215987926,0.552867326104406,0.306168442575561,0.175892172467578,-0.119255624680711,0.130281550193697
"87",89,-0.205236289207554,0.599950838698335,0.864365748511133,0.766553987866616,-0.0241899387530154,0.545223396602113,0.638641082208283,0.508585143582244,0.117863847794248,0.908780122359759,0.738855147035083,0.663469438072691,-0.12160889418095,-0.00869038634576658,0.199219019984194,0.172848599685383
"88",90,0.767334156698938,0.481114979139643,0.648701082186463,0.842620303597178,0.917346165334666,0.427863802865627,0.984781058132031,0.68325781736826,1.19549762945661,0.889317151652099,1.51808141711866,0.810872719837638,0.0700951118204104,-0.240557489569822,-0.0137411157109757,-0.301662038758747
"89",91,1.3141583714163,0.690900302665225,0.62528018296283,1.05532492866297,1.61244677003051,0.339459636034537,0.324682066003533,0.817597518943055,1.22698055660729,0.491329407043294,0.519258525778089,0.774735341444931,0.0174105644879293,0.0984111605936352,0.127273074191819,-0.135468974858067
"90",92,1.77725635718946,1.01672294070712,0.834930338777261,0.928160252627502,2.39035590059164,0.485351155070757,0.468130715334488,0.630532257827257,1.3449696724516,0.477368155707394,0.560682363058044,0.679335552284535,0.104279972845667,0.342697056485008,0.121742469936469,-0.371793845573678
"91",93,0.798704616318391,0.697649103588814,0.656094499102054,0.482359020270143,1.00580797758979,0.838589303405894,0.496321137285864,0.7275088171069,1.2592990663132,1.20202161672976,0.756478126192401,1.50823097845141,0.249139872433662,-0.132290427345236,0.0174378241687715,0.182396574066128
"92",94,1.86813898467942,0.613183377232822,0.660491686525282,0.799775161812711,1.37967314665512,1.06703125242708,0.610237715465417,0.479306485138298,0.738528106297125,1.74015032377817,0.923914301897968,0.599301538762391,0.128151012566059,-0.0916172325172494,0.0679630778710193,0.111078225831892
"93",95,0.788000078033265,0.759066383882818,0.546271493259298,1.04138009624756,1.31352350725583,0.558238320680784,0.671583588669952,1.14991842044773,1.6669078390629,0.735427536423432,1.22939526765892,1.1042254644498,0.189848773990878,-0.105141704081372,-0.00125574123038805,-0.166340478177849
"94",96,1.17344032178963,0.617610087470922,0.766876350787604,0.898454399714734,1.08777631351813,-0.0934567988845888,1.02134103320936,0.7681598047234,0.926997558648018,-0.15132006549195,1.33181970230326,0.85497917865091,-0.163495214573126,-0.0182982726120673,-0.0379531016740032,-0.225262550338715
"95",97,1.51079166783306,0.735146344929648,0.412776778287911,0.933444495196678,1.61334697130938,0.402177591627319,0.933865990554253,0.321069989673753,1.06788183020854,0.547071470056491,2.26239953329662,0.343962593733121,-0.0809060837204483,0.0762881394614233,0.112250974820419,0.289901412407897
"96",98,1.0329182271157,0.593030851824412,0.628694634011921,0.898329778063675,0.769543105306228,0.367532768381986,1.30498672031352,0.453354483298739,0.745018419759216,0.619753200446993,2.07570838005399,0.504663759756391,0.0779495639991821,0.0221239380521691,0.151917944364675,0.157433232687959
"97",99,0.945519919100001,0.70184068023436,0.532066709329415,1.01360095984584,0.995404203383395,0.924466326768241,0.529836304139156,0.283051296082491,1.05275857575891,1.31720254012569,0.995808034685971,0.279253184730152,-0.126055765865696,0.185255926248627,-0.0307044835951906,0.296372085674996
"98",100,1.62782868072473,0.548196864190438,0.728487083221958,0.851395082786495,2.5583520353485,0.220803515779632,1.10004590949965,1.48176872208069,1.57163469696915,0.402781427992494,1.51004174931195,1.74040084566976,0.289513827654326,-0.145197320946177,-0.105009342201823,0.260581261031232
"99",101,0.78315764290025,0.976404976186491,0.598295701873776,0.61025278833071,1.14269028520331,0.536743493862664,0.964599619230751,0.514018067308692,1.45908080647929,0.549714008995532,1.61224561067339,0.842303512802852,0.334579147091751,-0.0286442395593635,0.200039991113989,0.104856928021982
"100",102,1.20163950052393,0.76276921310882,0.386849602676583,0.556546106045365,1.5159194217338,1.07101620929457,0.558896926299764,0.560190951363253,1.26154260164787,1.40411567599776,1.44473956398765,1.00654904468524,0.0880438764469106,0.0358995328346116,0.0887913457242164,-0.144951893299005
"101",104,1.20757315207075,0.934479351427152,0.956957991572653,0.711360019656519,1.45729271720733,0.932396993202737,0.780469345062897,0.0351808443946391,1.20679456537135,0.997771638055742,0.815573256021702,0.0494557515498639,0.180561629713688,-0.207250074482506,0.0931585293787591,0.374112143729512
"102",105,1.31736112373968,0.647481576166987,0.561326122090646,0.751362048105547,1.70204250935596,1.03302278451613,0.910044444756807,0.678805185873326,1.29200906166432,1.59544738034323,1.62124014711335,0.903432889091001,-0.121161455667065,0.119080869513018,-0.020673459814253,-0.0621090575237152
"103",106,1.21191722632246,0.545354745658271,0.670041913312378,1.17647942304213,0.743472388136185,0.0548703201882167,0.495166715521626,1.31043349891963,0.613467959682559,0.100613995981616,0.739008568991976,1.11386010945361,0.0949928064229822,0.0680174542586598,-0.149653939366592,0.454918551797389
"104",107,0.597818113621728,0.602823725006397,0.721623231923135,1.03513631467229,0.821315917745958,0.0962773030072822,0.216700148769129,0.735206932724793,1.37385585854906,0.159710540600008,0.300295416198866,0.710251318887939,0.0640082383284921,-0.116959425408456,0.0564725234274543,-0.193691934567351
"105",109,1.33063268387479,0.619102067487301,0.36981945438434,0.745809326969671,1.93670934020961,0.670051483569475,1.03716382670741,1.22242040882753,1.45548006123668,1.08229566457266,2.80451397137567,1.63905218749999,0.102455155396029,-0.108820254168004,-0.000457290097426774,0.18995652305653
"106",110,1.04684841332613,0.610790641305035,0.400927674060917,0.934398069068076,1.09699709766774,0.181644435584306,0.786322876704319,0.477125930561315,1.04790443745554,0.297392303189516,1.96125866977405,0.510623840476444,0.199547983894272,-0.0700664495830007,0.165642519770111,0.154337634773926
"107",111,0.972592163126569,0.796088680349235,0.617190594233723,0.803896438377059,1.1642850924479,1.38491195814647,0.766301300517403,0.715313403409575,1.19709487346176,1.73964533390793,1.24159588249852,0.889807902189095,0.188193668632797,-0.00231904436013036,0.111496212822549,-0.0358418623879596
"108",112,1.69639868507002,0.451862995518688,0.388991999762606,0.826578275345275,1.80120613561869,0.423368884766476,0.609497928397768,-0.105169848865932,1.06178232244052,0.936940818268369,1.56686494521669,-0.127235195991572,0.0683573249981045,0.009397373310173,-0.00260308441300942,0.155895611571699
"109",113,0.742045569212541,0.696764860706808,0.735662972040816,0.809932951351266,1.48898052484382,0.494664081999613,0.889189122766869,1.23287103459167,2.00658906490599,0.709944071372684,1.20869087688368,1.52218900655268,0.0671095961945987,0.276703146524772,-0.192871545854675,-0.245137594972362
"110",114,0.97387015996083,0.539252494453248,0.568133300356281,0.856078444913725,1.56829890408131,0.655744791711457,0.66142313071575,0.833541689621435,1.61037781889157,1.21602551394096,1.16420412304817,0.973674427353955,0.292906937556489,0.230450161723526,0.134304637733514,0.19313840397449
"111",116,0.793376301653541,0.740728746858265,0.777918689507736,0.760649879271237,1.32571915116173,0.502102868428855,0.758451575906212,1.10857140047202,1.67098405687022,0.677849847948361,0.974975387705567,1.45740035025592,0.233500095195908,0.0690278525695561,0.080293539058934,-0.467470821592479
"112",117,1.13954161730401,0.73796544065018,0.367739078858095,0.765056903546186,1.60299923673851,0.959624042284644,1.18653521738078,1.52270615558974,1.40670530360354,1.30036447430272,3.22656819902093,1.99031751564061,0.0453702959439665,-0.147864007327519,0.026558854818877,-0.245015049628757
"113",118,1.56716239121857,0.631172775405033,0.511372450881999,0.931721485850093,1.43151179275039,0.0433279363756096,0.542024229723769,0.819831723022932,0.913441900323618,0.0686467130142067,1.05994022319525,0.87991071953753,-0.0965506693076561,0.082622533431144,0.119775544794519,0.424756904729935
"114",119,1.07174876065543,0.606478194271801,0.548375511598553,0.839239712846582,1.22344343387596,0.501907619624541,0.757854630715463,0.799535109171043,1.14153939690843,0.827577354577738,1.38199940494473,0.952689794026945,0.138615369868366,0.0679102260663834,0.0271487650602994,-0.311364460424337
"115",120,1.21792438623685,0.617205435865655,0.52254409389895,0.959643226899493,1.77022032042145,0.46974930033668,0.366730364064622,0.461585261026098,1.4534730894839,0.76109067263453,0.701817068351633,0.48099673721184,0.00236407139862677,-0.0486131167017572,-0.076819609854732,-0.246336355092129
"116",121,1.11196778012157,0.671146078186332,0.772373557152113,0.944786601749341,1.29080534883542,0.525979240924503,0.435007869516938,1.11090123915641,1.16082981171838,0.78370306855682,0.563209169305193,1.17582238899185,0.118505860135298,0.00991203462663279,0.0775209728811225,-0.125366825167808
"117",122,1.1809024515171,0.924976291065891,0.704581754882319,0.923917007462052,1.8526020814262,1.00160102688971,1.09512548555537,0.957008128676059,1.56880196077684,1.08283967552889,1.55429157506113,1.03581611870627,-0.107361822842133,0.0186268336066978,0.116962006371642,-0.212531246465056
"118",123,0.382046798178544,0.621878442913634,0.65699019808345,0.944401264093722,0.585162314108787,0.43692718579307,1.0220562629898,0.395217368064446,1.5316508786322,0.702592589873307,1.55566440103871,0.418484581809311,-0.040810963363738,0.249763810418266,-0.0426542241605592,-0.269393411814655
"119",124,0.936530575537506,0.688553513101891,0.60234253831452,1.0049873950383,0.94048200550623,1.03611458360296,0.596173567272919,0.803214988833689,1.00421922153097,1.50476987465408,0.989758367292367,0.799228918491138,-0.0175210751533936,-0.048554057098784,0.138741896515974,-0.1591544839876
"120",125,1.33777304246098,0.877299296129306,0.676497518502136,1.14365097758922,1.26466453731113,0.569613582149931,0.851079105447612,1.07224285013339,0.9453505917451,0.649280792385333,1.25806685489701,0.937561258762395,0.246478566612322,0.100557991260446,0.102919888181551,-0.299945483395349
"121",126,1.34547080212703,0.433694633847019,0.864702718291829,0.918173595793293,0.884702703487656,0.466921913661209,0.125424814046004,0.219840315367481,0.657541361796217,1.07661445916324,0.145049635432827,0.239432190573441,0.261853890009965,0.0161165373478629,0.0612020359436307,0.0536890759184064
"122",127,0.88173128381789,0.653583268743717,0.710598281062805,0.942320838188294,1.10745166953717,1.12960515329715,1.15133592996991,0.579070608591291,1.25599679841449,1.72832630105176,1.62023461166823,0.614515338220273,0.128004242148833,-0.0524001465118216,-0.0647923694080087,0.425569570855294
"123",128,1.42033765885591,0.790112931974245,0.67585519859896,0.970965521279576,1.76556508647845,0.919606105237451,0.305712164893759,1.17776056941016,1.24306011001681,1.16389198052947,0.452333821693607,1.21297877586637,-0.190720700095046,-0.0937199451275467,0.0192882353351047,0.24550155620784
"124",129,1.40547406704371,0.549570445220838,0.564328693765183,0.880507047780864,1.05018394561461,1.19118746432578,0.883112683513937,0.5968582721433,0.747209763765741,2.16748821681472,1.56489062716595,0.677857461388365,0.028247283325773,-0.00290521721115797,0.0221747456515214,0.0569470467911221
"125",130,1.60164457565936,0.932960635269981,0.609529502486118,0.879542214776648,1.63239918164689,0.433941803718928,0.637324156609782,0.614525372544616,1.0192018918897,0.465123379608994,1.04560017851523,0.698687751673942,0.126332537633599,-0.00277256617781152,0.20565689142016,-0.222664160178194
"126",132,1.47445865476325,0.863325803452783,0.568197210944971,0.863934501084834,1.49584591032456,0.980149346072215,0.90876523165861,0.809541741185231,1.0145051578708,1.13531802495907,1.59938347840047,0.937040643901474,0.0627395771855434,0.0102716246585865,-0.00640816565090857,-0.151881562465093
"127",133,0.736597652342898,0.413087615012196,0.836459240957937,0.839046426350596,1.29557751161235,0.600812400528239,0.681196461255018,0.669592142330766,1.75886728323326,1.454443025387,0.814380938005889,0.798039442517065,0.00477847904631848,0.0839629636172956,0.0664452755438125,0.342319563710791
"128",134,1.2311608862748,0.62021768246998,0.635769122042462,0.725721961584364,1.53594431473375,0.867837111385687,1.48874099306983,0.0716672620898914,1.24755775776889,1.39924600009722,2.34163777612717,0.0987530567952369,0.00898232141760508,-0.0242679663538243,0.00921875532629723,0.0878832318231773
"129",135,1.42908748462361,0.723634845575509,0.268123596909328,0.760692617114567,0.984120540037729,0.803343977971824,0.953847603564474,0.809270572299805,0.688635615822307,1.1101510421778,3.55749219598542,1.06386016387211,0.12212680692957,-0.0574783302536415,-0.0232488861555069,-0.0296370136300529
"130",136,1.45582610762019,0.502067300435223,0.488776411114669,0.805395971759829,1.67630501233319,0.98072967870513,0.815612662819648,0.3135569290487,1.15144590659486,1.95338289877666,1.66868253924042,0.38932021023592,0.289780673009225,-0.0503028706419649,0.244388205557335,0.0522831544265139
"131",137,1.0064928984284,0.696925171232128,0.584897881138443,1.00683239116667,0.601385037885461,0.780151409737636,0.2688130712312,0.570685995845927,0.597505495393458,1.11941918866034,0.459589750450085,0.566813305623435,0.134237711748175,0.182798171747511,0.148719706863397,0.320765958413041
"132",138,0.846732372478849,0.559704400964074,0.589620175131605,0.998791611193216,1.22526447012038,-0.202407120488717,1.24236371840688,0.60599475221124,1.44705046121405,-0.361632176091659,2.10705768019146,0.606727915433013,0.225125994353433,-0.162082325902942,-0.0843816933178777,0.107202316123189
"133",139,1.27959743330263,0.870553073954621,0.36042332174254,0.998561659322997,1.87441949859552,0.501113921760526,1.33993661992846,0.799684911330473,1.46485093656186,0.575627077490105,3.71767457624625,0.800836787457514,0.411539135175375,0.100899729388496,0.0797779403598002,0.709709223909423
"134",140,1.42170922702816,0.648160188551922,0.852191138146754,0.849195759716988,1.60093453349581,0.805323493488457,1.39206467343806,1.03282843768163,1.12606326459756,1.24247602323071,1.63351226165689,1.21624304627456,-0.0623624329212232,0.139627657181218,0.209561444624206,0.0584915230579241
"135",141,0.672767092028083,0.532772454845689,0.48000284501035,0.776910662958961,0.874526082638181,0.434550081449118,1.11617464554748,0.486631773737242,1.29989426207202,0.815639167334542,2.32535006229684,0.626367736907927,0.132232280988287,-0.109075542812674,-0.00703756823380239,-0.174405855061885
"136",142,0.729585828037254,0.282216147062508,0.580478962768066,0.867415694395715,0.966301180155746,0.887681964843571,1.04520454252221,1.35023520245464,1.32445168617832,3.14539750500866,1.8005898741585,1.55661836784644,0.00930249617909637,0.141108073531254,-0.0626945047428836,-0.433707847197857
"137",143,1.32830656938726,0.642031347947372,0.591995894684689,0.643996948860819,1.48392367646592,0.37595106587363,0.53883017287513,0.483864453425112,1.11715451136438,0.585564968245829,0.9101924146993,0.751345878704909,0.134213738393311,0.0196791531141096,-0.0794638228931738,-0.220752042499885
"138",144,1.54404632570705,0.523299282534851,0.686071195617774,0.548522282698098,0.698357723422181,0.402062464874521,0.67714448196046,0.982905908855977,0.452290654622936,0.768322216928979,0.986988648241854,1.7919160986883,0.0153995028472897,0.0569897226969496,0.0324261724266314,-0.274261141349049
"139",145,1.08682980353663,0.768271963780147,0.759485806862073,0.703369777805476,0.882567715241316,0.293505162735572,0.465488848387582,0.892145534734122,0.812056968229409,0.382032895345329,0.612899996526357,1.2683876431507,0.218776217016137,-0.0570326655425452,0.214078489562483,0.0857931410227482
"140",146,0.847025736628701,0.592397910261242,0.652820414880799,0.617604226625126,1.07817045243573,0.58393864777257,1.37852074614093,0.794080468735311,1.27288983771263,0.985720303292525,2.11163853751822,1.28574325514988,-0.000675323932504523,-0.0500353084692614,0.0664206062093296,0.114773970888637
"141",147,1.04774918286679,0.752748095500468,0.646594444955454,0.968555809964993,1.47592104846764,1.27966974364673,0.925888807642703,0.626461291249552,1.40865874448054,1.69999731822096,1.43194674013398,0.646799373669746,-0.00888082654388339,0.04199724016142,-0.118637303907251,0.118171548181927
"142",148,1.32203771151256,0.40419686747362,0.733949736393919,0.856078444913725,1.80856426556542,0.591711463403842,1.42194649952507,0.18426458420994,1.36801261402462,1.46391897369779,1.9373894818894,0.215242639625753,-0.0260116705453476,-0.116540930227565,-0.0925833803369227,-0.19313840397449
"143",149,1.66797795900164,0.67682516619762,0.612270003461929,0.721394200986172,1.63934737690379,0.621059652150687,0.892205677510277,0.506947954132902,0.982835155618611,0.917607209613346,1.45720951943672,0.702733614215203,0.122728887597327,-0.105448728827437,0.0599713550696051,-0.150268706245161
"144",150,1.10176238719061,0.707272253193076,0.594449611559642,0.974558889305433,1.61647022145685,1.00122692913086,1.21494525463241,-0.442454165608075,1.46716773076516,1.41561742965412,2.04381537308906,-0.454004545506133,0.0992228770526897,0.062351093593137,0.221193182659432,0.0166859225586287
"145",151,1.23159926770192,0.714672108087116,0.720632273900972,0.864194857679974,1.69657244864137,1.4983806020654,1.43726558543956,0.0511798613169997,1.37753609727867,2.09659868506125,1.99445075871951,0.0592225941431747,0.220074338036471,0.136217341045987,-0.05897961609091,-0.0509919740764306
"146",152,0.972490533442159,0.617716647400647,0.463573115188148,1.04138009624756,1.46260227891696,0.359776224242361,0.589907151426756,0.208463723017503,1.50397585233044,0.582429218568579,1.2725223532157,0.200180245204098,0.0762619445337429,-0.133076202684655,-0.0152524331449032,0.166340478177849
"147",153,1.37658415812536,0.907858523377962,0.79103973478339,1.18919336392247,1.75888223498849,0.49713952991816,1.07337841649566,1.04960934826438,1.27771500536788,0.547595817097583,1.35692098550471,0.882622944348026,0.107890492714711,0.23739513723981,-0.00268905374196546,0.391789461729027
"148",154,1.25096752989912,0.514878556908108,0.899862282943559,0.789726287020628,1.57108681864369,0.519350223256397,0.385972119729102,0.713915457132493,1.25589736031789,1.00868489527927,0.42892354424117,0.904003664137679,0.13670735383489,-0.11371004474823,-0.0744693712362612,-0.117912730304739
"149",155,1.88154749966158,0.134478698533315,0.821031068045475,0.610049131352055,2.1640888785252,1.14532680466538,0.538549512905514,1.31387398251333,1.15016436147078,8.51678977530887,0.655942916006298,2.15371830724745,-0.0574274223220971,0.037394106347418,0.0999061086404816,0.0639841717900005
"150",156,0.866882662350701,0.400356155066237,0.783634712117197,0.548377712369855,1.10847283919664,0.863574626466716,0.284859023232276,0.0669085276396916,1.27868844001428,2.1570159857386,0.363509960479742,0.12201175600398,-0.0705240360359946,0.0955446219190431,0.132583156649442,0.0801607137610015
"151",157,1.09696309664737,0.778684275404062,0.577873563373531,1.0136188308371,1.3327087410081,0.211201983043713,1.25057069934063,0.383693555882724,1.2149075434545,0.271229289860926,2.16409051841722,0.378538306718165,-0.00861013612262301,0.325025302578157,-0.0297025822776094,-0.0682998658598859
"152",158,0.945438139627962,0.649074768746775,0.617365079119059,1.03345433486954,1.33662626502262,0.823753661717727,0.986452381683455,0.758969754835559,1.41376385085184,1.26911983238575,1.59784285675999,0.734400862454524,-0.0345866890131118,0.139170367083791,0.036802534160269,-0.267621038314293
"153",159,1.56974456604533,0.679681278060727,0.595577592487449,0.878915935659595,1.68920387628062,0.962729987770475,0.946562240834757,0.310901971129315,1.07610111404064,1.41644329312313,1.58931808848182,0.353733455630196,0.0736121911191686,-0.129412244782439,0.23347196111985,0.190730278192881
"154",160,0.899218756858807,0.631138924433354,0.636338932652636,0.735770612888101,1.56686388332706,0.749352596980761,1.04876474447044,-0.0576053509362824,1.74247241994874,1.18730214216076,1.64812286449073,-0.0782925410817451,-0.0267718340475575,-0.0555798609856068,-0.0437779784662809,-0.234564146720373
"155",161,0.76605389518574,0.481266920977962,0.617190594233723,0.832895793173647,0.58613328537911,0.273767770515792,0.611285345172722,0.0893050956442294,0.765133222430773,0.568848093609841,0.990432049489779,0.107222411706443,0.267077123055125,-0.17945804945043,0.111496212822549,0.00744792573586406
"156",162,1.26930771137957,0.718252799786285,0.875130705827044,0.688212726196821,1.14638331339667,0.971144624247023,0.659402124107185,0.259668119385626,0.903156345084127,1.3520930576755,0.753489872674524,0.377307930384542,-0.255963791965195,0.0847349120331053,0.177575751682452,-0.094403186460256
"157",163,0.91603116301113,1.15599378024908,0.475950048574546,0.866676962032563,0.592660623497104,1.15583165905129,0.160941405605133,0.409246994785921,0.64698740329853,0.999859755994743,0.338147681856841,0.47220246148708,0.251086921903459,0.0611501624719316,0.0806643396771022,-0.0910620316917589
"158",164,1.021326842933,0.345485073719798,0.859925734316953,0.863297169123799,0.862145830914198,0.148947982999971,0.430260657001753,-0.12690779546838,0.844142927290866,0.431127114686215,0.50034629716427,-0.147003604329184,0.0731853915410122,-0.172742536859899,-0.0588135439561927,0.299335732285728
"159",165,1.29206025085388,0.661619464541529,0.66485225591943,1.05259982286389,1.64699971478297,0.843789409533068,0.443463339134732,1.32255488680868,1.27470813663258,1.27533945833618,0.667010354836599,1.25646504785675,0.321391440674763,-0.109691019273194,-0.166761714091162,-0.276872654165974
"160",166,1.12363156397654,0.625794667921102,0.731540355660789,0.787825581181333,1.01659649677888,0.416286992492102,0.649697133052345,0.577334526261986,0.904741847212922,0.665213390000609,0.888122067395015,0.732820233377395,-0.01329349929017,-0.0799334796891784,-0.144651464832824,0.227264835840686
"161",168,0.87764468965991,0.811758163522795,1.07471925827582,0.784131493611479,1.24093082387143,0.457838276546316,0.786417305031065,1.11672949817451,1.41393303975017,0.564008219590218,0.731742079594552,1.42416100778095,-0.103928172100339,-0.104542560901821,0.118063876096515,-0.100044357722779
"162",169,1.20165410984147,0.682804553538596,0.859925734316953,0.6898819587888,0.921552958043873,1.17354269215087,1.02575404729775,0.47742470022479,0.766903679267115,1.71870952832557,1.19284027255274,0.692038245300669,0.246477484974806,-0.147374134345372,0.0588135439561927,0.110040160912028
"163",170,0.888774750340702,0.714364659778862,0.646105708302849,1.15558789241651,0.924462490731592,0.6651259856796,0.561121521897797,0.459914298778084,1.04015386393145,0.931073474275023,0.868467055293036,0.397991621231277,-0.195281246049872,-0.0385429659250561,-0.247021231031036,0.389627619893444
"164",171,0.573518589310142,0.665881640329519,0.586288595345982,0.893060972013129,1.04715217481102,0.434838525799941,0.567685834160689,-0.0565705095663973,1.82583824540123,0.653026753500451,0.968270300099707,-0.0633445098814213,0.307649382901959,-0.0242750144698253,0.170563453784188,-0.122654263237772
"165",172,0.944331362714347,0.619029767148076,0.522142109164888,1.03042443505502,1.32604827162035,0.306284405366031,1.11268292257378,0.798319261164126,1.40421924334782,0.494781384709672,2.13099633805325,0.774747991221208,0.139160583159877,0.251188148301045,0.332750338411076,0.301162741109915
"166",173,1.26846805162756,0.47150482046783,0.171947434947529,0.966248188733796,2.02490454016455,0.814755069073324,0.847774860554215,0.474583381665723,1.59633862087927,1.7279888427544,4.93043040050538,0.491160953468522,-0.0650492765694417,0.0599702892182466,0.24840309011505,0.158485409614723
"167",175,1.8013737377508,0.521430478599014,0.817504674175056,0.881527380895395,1.36215171645871,0.14497090023824,0.750238277727074,0.0834005678799401,0.756173851051862,0.278025367116532,0.917717416703628,0.0946091632403154,0.0975143032774844,-0.0136762485605298,-0.0105434159538679,0.107758592250401
"168",174,1.29063549728412,0.589308351636856,0.764224611634947,0.66452570151279,0.749545613398117,0.74521622213657,0.646004674279843,1.32264357419451,0.580757010771348,1.26456076868191,0.845307340858612,1.99035728969326,0.166900052857854,0.190020720204353,0.149148451546101,-0.105869530044474
"169",176,1.22301203289418,0.474959208218137,0.542205748293578,1.02323967314774,1.41924994031853,0.35400716884278,0.825288287770806,0.302192233712678,1.16045460072863,0.745342258277037,1.52209431635157,0.29532888690981,-0.0629837337489919,-0.0530271670143254,0.011113272915719,-0.148099489448737
"170",177,1.00652401385799,0.704432265580907,0.586858473749155,0.990292901263843,1.57582369101291,0.643830897286229,0.569689524004422,0.672334603055414,1.56560963207703,0.913971333716942,0.970744309722498,0.678924995016484,0.184622642964622,0.20848689908463,-0.0472655902132179,-0.16650173087483
"171",178,1.23393799729558,0.843517530564347,0.650339309891334,0.574215536222073,1.17359353532609,0.468348155788728,0.801778709480755,0.928074311222128,0.951096033916004,0.555232272974084,1.23286213409847,1.61624730206395,0.106003191909544,-0.149878759882912,0.159505241077114,0.252763644090025
"172",179,1.04864754946351,0.537151362224753,1.08683353317817,0.662327980300773,1.34848826454817,0.7412039175981,1.57392164079546,0.977462722084565,1.28593087852831,1.37987906151482,1.4481717694088,1.47579862418116,0.0385374118096097,0.0832086638227798,0.0771515052184512,0.0448633754021948
"173",180,1.03084340615894,0.635769122042462,0.69791066172238,0.929567989124721,2.02277157753537,0.558677126209662,0.565813032105318,1.15429981516981,1.96224913061478,0.878742151576761,0.810724155881131,1.24175942876077,-0.0296353401573257,-0.00921875532629723,-0.00826050377339457,-0.137222504487193
"174",181,0.785193746705819,0.628439837207105,0.582489430781516,1.28386247714185,1.26613877349899,0.726328220302567,1.12197269832209,0.258262901013718,1.61251764779192,1.15576412776519,1.92616833719499,0.201160876349207,0.224702868564804,0.0128833977439761,0.0193647099914975,-0.281212692559196
"175",182,0.873990021820977,0.439510536531298,0.623955671611872,0.815090485710386,0.784045391979937,0.620613731891031,0.963732727222575,1.57510457173488,0.897087349288452,1.41205654997269,1.54455319675668,1.93242909756469,0.187567753644518,-0.0908541571166071,-0.10731791723546,-0.167564038423245
"176",183,1.09236554666705,0.691377811797391,0.750046648284314,0.747865784965655,1.56984488794535,0.674404343178502,1.08124660890651,0.0553363512612802,1.43710582298677,0.975449792675929,1.44157248269798,0.0739923558126429,0.165077318569969,-0.115804788319463,-0.0178074895075724,0.528007359278578
"177",184,1.16027611311823,0.985099175578337,0.969329292762952,0.867919185847276,1.84718638821441,1.45230692851832,1.48267301074039,1.23127120927501,1.59202311185233,1.47427483904419,1.52958651080709,1.418647299602,0.0943516936369677,-0.181940162406913,0.0154117625686741,0.599075873285653
"178",185,0.903475661452545,0.882603448918612,0.473551110001139,0.7785595000888,1.48379581687264,1.12354607725701,0.801736042016777,2.11007482426665,1.64231963314551,1.27299080763123,1.69302959086053,2.71022937107053,0.210697436840246,0.266341784293573,0.27364608766265,0.148239356158373
"179",186,1.57030420359964,0.731540355660789,0.618183235036037,1.13461713342301,1.72981745228616,1.26361762668526,-0.242026050240763,0.0158078810941185,1.10158111295942,1.72733823487271,-0.39151183099725,0.0139323483036326,0.0507218700876077,-0.144651464832824,0.0481242171165659,0.084219163795088
"180",187,0.878814698730905,0.375483225956928,0.450110151850614,1.04638465891838,0.867046901227925,0.805988126760822,0.932392454739518,0.46043273266769,0.986609466682824,2.14653564005886,2.07147617290127,0.440022441788881,0.0436820535509653,-0.0980992619027016,-0.0571610711372014,0.265049005038294
"181",188,0.248935244725764,0.49320080133404,0.890991984260255,0.845679541578253,0.955892867097982,1.1923350614109,0.782076126872572,1.27137743798864,3.83992579335653,2.41754485837371,0.877758880762423,1.50337967927653,0.438039588891941,0.0940944264207756,0.0937116471949715,0.375527252297815
"182",189,0.907497596748933,0.674489750196082,0.556694369384911,0.735198905268315,1.29407108126949,-0.0713108398972339,0.683342453438986,0.366310554575361,1.4259774195606,-0.105725609435137,1.22750020661069,0.498246871629486,0.196355272273529,0.337244875098041,0.142436504045975,0.387815573726312
"183",190,1.12610691133422,0.691713613571343,0.539021025496133,0.944177086452336,0.980633867507836,0.976681012112209,0.360755071405609,0.657717012102224,0.870817732879352,1.41197309543984,0.669278292203088,0.696603446047965,0.0520876489288631,0.193350832539427,0.170402652925167,0.312259662522897
"184",191,1.32854207999109,0.58017773290923,0.836078730129086,0.952733839117631,1.42115719630434,0.679452202442364,1.38162429678494,1.21949930286052,1.06971184255892,1.17111044409673,1.65250501776504,1.27999998823381,0.241863085377377,-0.105636429359872,0.00205214487486821,0.0663835973714787
"185",192,1.01631275770492,0.753599255387109,0.835486091616984,0.867495280884118,1.47856522126226,0.572949903527078,0.753654097260953,1.36279611749593,1.45483288490958,0.76028459347769,0.902054630020644,1.57095507897982,0.0842605565297726,-0.00565030449127066,-0.0991036818441171,-0.327634969244367
"186",193,0.730844377133622,0.936993534557159,0.821037228747958,0.928475952966678,1.14484093301338,0.675972111255204,0.658488384382759,1.5082597183936,1.56646335229869,0.721426654853795,0.802020129327049,1.62444672215191,0.345837903336684,-0.167160246419003,0.058734269438823,0.160324788071668
"187",194,1.31615409407468,0.498809152819147,0.779260304236826,1.05530098953014,1.56155860957969,0.357386463878614,0.531976906865994,1.69115515536229,1.18645576274831,0.716479362615447,0.682669069595415,1.6025334687834,0.0556275938729187,-0.0282858634120031,0.051538495314206,-0.173300924819141
"188",195,0.606110280715944,0.618188313941261,0.616844008812058,0.916642150588426,0.819391995475832,0.415067059555166,1.1556669863618,0.524276627677618,1.35188598765881,0.671424952873834,1.87351578332977,0.571953436072152,0.169733980634295,-0.0620551662316533,0.0873032914084584,-0.479211163541101
"189",196,0.903625463003343,0.949986146996117,0.656731020768582,0.967495925777547,0.963737649507352,1.10237153408567,1.31894910031885,0.418648562801111,1.06652334287285,1.16040800970772,2.00835510826833,0.432713515010056,0.0857063747011016,0.0298965485125423,-0.00972614641991595,-0.385675810400112
"190",197,1.00282501181261,0.582661358228403,0.511149487588352,0.952238422009355,1.14273546638029,0.677854725138314,0.300546558976402,0.677736070779516,1.13951631931755,1.16337683212655,0.587981727995868,0.711729389525576,0.273152924430366,-0.106878242019459,-0.0899103299256227,0.0244608944620619
"191",198,1.22309931255346,0.508663636241168,0.75473117429901,0.987495541757952,1.27217861973873,0.437603520802201,1.26664783969942,0.900411090425674,1.04012700087518,0.860300382460846,1.67827682601805,0.911812815704211,0.200668145223181,-0.0919024454792983,-0.183337444725579,-0.453949516901117
"192",199,0.835833860318617,0.656731020768582,0.947671588155066,0.716987764202251,0.815335076807745,1.19937302739073,0.452121298904543,0.748787613986042,0.975475050145661,1.82627740956577,0.477086476534277,1.04435201180758,-0.0489081926932809,0.00972614641991595,-0.146732477730005,-0.315995868094956
"193",200,1.46058820025409,0.573866734946887,0.659634836188514,0.852643445618611,1.41290878256515,0.382721410671233,1.37797817656743,0.403712078839546,0.967356016103209,0.666916876976072,2.089001521705,0.473482885389032,-0.00413613158516918,0.102480930378701,0.154857477928524,0.222170457783551
"194",201,0.769439264088837,0.612270003461929,0.830738429760606,0.948010992020136,1.33926559168022,0.616298608669072,1.07933098908072,1.03811946109489,1.74057349837244,1.00657978536326,1.29924287888277,1.09505002561494,0.651713757449371,0.0599713550696051,0.133153067817795,-0.225277806373152
"195",202,1.05332616430025,0.657034875993129,0.769042294154216,1.00004237313196,1.23159515618285,0.221666207280201,0.594818891031,0.757416564571721,1.16924386569381,0.33737357844992,0.773454068199428,0.757384471819551,0.0294625114685687,-0.111983313547394,-0.200068709982365,-0.0761253642432932
"196",203,1.68523169845451,0.919027358850663,0.555913467967723,0.794319167686616,1.64066951384704,0.459712743459658,0.897358318634215,-0.259890204440783,0.973557235691485,0.500216602947028,1.61420503430997,-0.327186117386152,0.15558532292563,0.254853760854856,-0.0675283397359369,0.251332596749549
"197",204,1.05399100669419,0.654355131339178,0.42327281957845,0.663220050377732,1.48175208176772,0.948183565476728,0.871716530738435,0.58055574618684,1.40584888519608,1.44903511879889,2.05946729961683,0.875359159989491,0.160889146546525,0.0942137113982164,0.10700295417515,-0.309999478792754
"198",205,1.5930369612235,0.572861175321646,0.569790113635266,0.819301380015687,1.91717899186097,0.366445237268783,0.378757295081844,0.883705103506484,1.20347426866262,0.639675462494092,0.664731251066061,1.07860809838934,0.276342861038255,0.155503938724155,0.132389082571389,0.0139253941933561
"199",206,1.49867190419246,0.792259624775177,0.69137781179739,0.892925866496041,2.29205691715034,1.58608400424726,1.25285066018884,1.30853389165269,1.52939206422595,2.00197505293463,1.8121071269727,1.46544516263993,-0.0748462019001472,0.278359937808493,0.115804788319463,0.0507376374335334
"200",207,0.579402158050233,0.514878556908108,0.705721895195242,1.1730783871632,1.22847450048306,0.368849938545934,0.796714261930851,1.01301266926752,2.12024495148076,0.716382404349699,1.12893516178981,0.863550705863091,-0.201635509301022,0.11371004474823,0.106697300936261,-0.414792103944091
"201",208,1.51775666836149,0.594911299063971,0.546109263368016,0.966108915806028,1.03885286619242,0.454621719236502,0.386938877610563,0.665399422519382,0.6844660200465,0.764184038783261,0.708537473296455,0.688741622847188,0.208543231920958,-0.0644917952606131,0.0980946915182757,-0.0730711357156772
"202",209,1.56958402079064,0.839038468809344,0.820923586091764,1.02489374447667,0.832148634800342,0.991119348870672,1.37673724130768,0.2392391271945,0.530171449108641,1.18125614702404,1.67705894267458,0.233428224617236,0.0869789617946373,0.0740341606848734,0.0532459584112972,0.210525318319002
"203",210,0.554319423050563,0.645425391248024,0.762500675890623,0.816421901791001,1.13031221527503,-0.26845165453303,0.940513195463941,0.675636084304932,2.03909906143038,-0.415929800985889,1.2334588351222,0.827557519981735,0.223420393941458,0.0433936611765578,-0.0626109739809362,-0.11618956181254
"204",211,1.46612835793946,1.05631242118787,0.797927130981627,0.777350703787275,1.93244493536619,1.34542314500052,0.786447230648615,1.12235001036866,1.31805985806189,1.27369812000084,0.985612846227087,1.44381423326761,-0.0585744287736464,0.0434813145711523,-0.182429441041643,0.00536887479432752
"205",213,2.06585424288847,0.672339834807557,0.808511883929168,1.16698453974233,2.4657332600998,-0.0673948545138681,-0.0773151192457287,0.235168815384478,1.1935659394112,-0.100239270417702,-0.095626447529746,0.201518364104809,0.0102311418742165,0.139070833109466,0.144266340733514,-0.146299883686606
"206",214,0.799884192097703,0.492953455502443,-0.89603850853629,1.01278628220589,0.86628058692611,0.314744284051033,-0.383648504948269,0.521778157916009,1.08300750969247,0.638486819673939,0.428160733376262,0.515190783172495,0.189513701800927,-0.0135128734798488,0.0688274733844647,0.41675079002718
"207",215,1.64613135003104,0.533625687269193,0.656731020768582,0.849487485984367,1.91719985036512,-0.608623283940867,0.378960709459617,0.840912617181801,1.16467003093585,-1.14054345295008,0.57704097640479,0.989905832700255,-0.260204488474153,0.00757864422544033,-0.00972614641991595,0.029018447177696
"208",216,0.530418661540941,0.555519605743831,0.584960166909949,0.923383803242682,0.898906764341202,0.412976221051508,0.365685762257255,0.373936151057701,1.69471179941096,0.743405303397961,0.625146433797347,0.404962865651894,0.172923050030398,0.120449118261745,0.126815669586421,-0.394499546911114
"209",217,-0.175456920392825,0.539513216143725,1.07844893497429,1.16037557130165,0.115506067890432,0.632430779839865,0.856154488064399,1.03669917960277,-0.658315828363045,1.1722248147326,0.793875778721787,0.893416929175663,0.685488586238891,0.0757284656479362,0.220585103522772,-0.204160420098242
"210",218,0.621177626431353,0.845459909520264,0.951748576785753,0.840539784213106,1.10037454527301,0.647607701666712,0.359492486626733,0.641519450719026,1.77143299831101,0.765982744272501,0.377717913527973,0.763223184396443,0.310588813215676,-0.0223665702253842,0.310209874524324,0.0769306785750009
"211",219,1.66523594249717,0.750341104085964,1.06041393627976,0.586382000627642,1.61259681263368,0.763422431217376,1.1036833015688,0.527110834575693,0.968389386440608,1.01743384050291,1.04080422164278,0.898920556926189,0.230168518084161,-0.00402122884069811,0.0414305570252082,0.313407121405976
"212",220,1.30056717932656,0.448150426754865,0.903328739475514,0.881146575219198,1.5254902918079,1.00704856506711,-0.220380884821667,0.905683081320899,1.17294232551509,2.24712173624228,-0.243965319812169,1.02784611186351,-0.095360646960625,0.346656057266235,0.241235975489832,-0.121933923645224
"213",221,1.294166519322,0.631325948600964,0.663053239382549,1.1447383841285,1.36180919945991,0.735460225962195,1.20420719958586,1.23836062135094,1.05226736986933,1.16494534652345,1.81615461332674,1.08178483269233,0.0985609769629027,0.0298220994193164,-0.110407906693704,0.0521935724907566
"214",222,1.25833856320359,0.396653787180323,0.819659137576144,1.03156146900391,1.41235020901414,0.36882608268506,1.19358593634921,0.491317297529394,1.12239285222131,0.92984384520042,1.45619792622434,0.476285041941142,-0.0453204685942856,-0.0875139812910044,-0.00946618425332399,0.298673787291827
"215",223,1.09794351332481,0.857218990032646,0.637889454350174,1.21553443006606,1.34098319916203,-0.00422584427610107,0.328966584938171,0.429195950002999,1.22135900698683,-0.00492971378986849,0.515710963231542,0.353092384211341,-0.111779370477848,-0.0328841992018356,-0.124916584751161,-0.183871392710343
"216",224,1.29911874136661,0.843185042131259,0.362934368494169,0.858777615939138,1.69553535166328,0.864066243016531,1.04321062902384,0.623421081174342,1.30514270764785,1.02476467185956,2.87437817849042,0.725940068305791,-0.0734128198740307,0.0212291365308816,-0.0289612100008402,-0.257641718332057
"217",225,1.97822171984383,0.286597094672677,0.534300375130948,0.71561677238261,2.31650146041102,0.755010922530829,0.940958544595295,0.981847419959155,1.17100193429981,2.63439838213687,1.76110403135068,1.37202963632356,0.20926884238501,0.0316613928293938,0.0341863332941019,-0.397606640169164
"218",226,0.895796189877949,0.887031051370494,0.592621553862977,0.819735253265281,1.40172159439528,0.279782305546047,0.937297083752706,-0.0015520616529295,1.56477735698592,0.315414330889289,1.5816115320865,-0.00189336941012006,-0.159088739864511,-0.00158099930026914,-0.00502574392808769,0.127651479570132
"219",227,1.20680240065837,0.799150361019563,0.779283182238063,0.764608449092471,1.03741233552978,0.920054176155082,1.03201006116422,0.896724621951521,0.859637281931007,1.15129044674555,1.32430685620641,1.17278931852749,0.12275676821269,-0.0423593458751969,0.0991348199956378,0.464581493956009
"220",228,1.21954679343288,0.903098543144261,0.77339030015369,0.539894511905992,1.30828036379336,1.85230168474512,1.22779269475768,0.781560439781585,1.07275946346487,2.05105156996054,1.58754602238183,1.44761693728362,0.0647163534796419,0.0533403504384704,-0.127460950667689,-0.0935730911721345
"221",229,0.917709271549413,0.660293403794562,0.481108314228641,0.937231048382248,1.49375737401099,0.86494293803717,0.586470401680965,0.901322056813237,1.62770217139574,1.30993726889672,1.2189986835319,0.961686084097414,0.0352785515735068,0.136118559473355,-0.0194354441167498,0.0875100694275674
"222",230,0.553498734882326,0.44413807503329,0.578334547632155,0.879437703987648,0.833053883884162,0.847662217313103,0.451378995860047,0.532873858082765,1.5050691742977,1.90855561583989,0.780480774852729,0.605925645064508,0.298359913837275,0.0249699532223325,0.068048560818507,-0.0152622883126041
"223",231,1.2311608862748,0.700587434974162,0.555206433687876,0.824146459726924,0.982359327142166,0.559951549549195,1.15407567811556,0.652405871148257,0.797913041336579,0.799260051773332,2.07864247978861,0.791613994634434,0.00898232141760508,-0.068077570424573,0.141692536197458,0.372274975885603
"224",232,1.04753567294134,0.837659822199465,0.504889622010601,1.05744831624392,0.71307129062809,1.16003589430626,0.80970005281966,0.22995976035697,0.680713133735945,1.38485321077036,1.60371696608701,0.217466666525881,-0.0265672657891153,0.0231046152852454,0.2524448110053,-0.0897969560877622
"225",233,1.29766212229667,0.505397846070516,0.566189810524495,1.15009756309098,1.64284654398209,0.916921944066454,0.582759260420381,-0.329996462977526,1.26600485269193,1.81425772031984,1.02926483237227,-0.286929103728065,0.267725606384778,0.00653527637389839,0.241305607445793,0.066560722436132
"226",234,1.16582633852222,0.500382618022637,0.921497888578748,0.897839115926089,1.39263285416252,-0.271404545457245,0.694292436712981,0.611411752207291,1.19454571246674,-0.542394031450882,0.753438988106427,0.680981415670047,0.0915765809349716,-0.0455313904408427,-0.174908069408209,0.0516605475036953
"227",235,-0.326309778584986,0.644010685628625,0.581393006532456,1.13227214442797,0.371111070297876,0.386067581656983,0.0371917735430601,0.326173337917016,-1.13729681012677,0.599473875623879,0.0639701082145437,0.288069736169127,-0.0859512398279855,0.13755290571957,-0.290696503266228,0.0100104785952914
"228",236,1.04922067736131,0.769358244335944,0.856538565106908,0.803983262330713,1.02828956796162,0.936520797401099,1.09378919166054,0.53161433505539,0.980050803561808,1.21727531263337,1.27698767600035,0.661225624914458,0.0044347191071637,-0.0135297989656882,0.0354384689037248,0.00473262070600725
"229",237,0.371808398595947,0.876223218924149,0.511764915107501,0.834389881988979,0.471064622227554,0.512092869956697,0.548896952212184,0.597184941713026,1.26695530280227,0.584431979085716,1.07255682444914,0.715714505417401,0.540253769243902,0.0197403215504204,-0.0454540633058258,-0.177213736562541
"230",238,0.943675435814267,1.05956210057467,0.3984666459294,0.999266495313457,1.69634388761568,1.03405850106331,1.09581179533789,1.08062282249796,1.79759250186688,0.975930056862615,2.75007157194293,1.08141604623598,0.507149678738568,0.239274279163943,0.267031938405936,0.0488890350413694
"231",239,0.615032687387051,0.773670691369179,0.435492110680707,1.00100030349031,1.13394210990469,0.51854315001926,0.361933913044576,0.545693100073022,1.843710315174,0.670237551718013,0.831091779088366,0.545147786839109,-0.225239074283752,-0.0113735754490709,-0.100893308624022,0.0336750288925674
"232",240,0.983080592450046,1.03276103441464,0.725299364773345,0.755278070150285,0.623932706786871,0.557779321908422,0.501912593560004,0.721978897898428,0.634670963478078,0.540085560281197,0.692007490888746,0.955911374144319,0.106219829817455,-0.022827122117777,0.27300733131091,0.489776659320572
"233",241,1.13900773735064,0.801799408261386,0.866731918468897,1.24044973053062,2.15942057782797,1.18845710232517,1.16674091399,0.114925297965838,1.89587876097386,1.48223744003778,1.34613816467159,0.0926480897510267,-0.00664268213395419,-0.062808047326486,-0.187202312573089,0.197816910647142
"234",242,1.45005725548424,0.926163784820976,0.56045952981896,0.918608692897755,1.56793922623582,0.698332103576119,0.128502321128661,0.831198635933715,1.08129470081663,0.754004977328177,0.229280285715135,0.904845166783361,-0.100465863187114,0.172575121287094,0.0652553088103186,0.361487741883503
"235",243,0.624018702144793,0.887996050854893,0.548992621088453,1.1375147580007,0.803723067521026,0.772828807115048,0.517718263576707,1.21199907073438,1.28797913389226,0.870306581173451,0.943033191503121,1.06547986495101,0.0386999438548341,-0.0728487022251627,-0.145595199395185,-0.211084638536551
"236",244,1.31863769359887,0.521169745950683,0.658468650834149,1.00266431192098,0.513020738715483,0.817700915570599,0.383567406088766,0.408383245222533,0.389053597668158,1.56897233948031,0.582514301330614,0.407298076102982,0.278213392035879,0.0252560019058243,0.112700200967904,-0.324162334968748
"237",245,0.647209223442726,0.463277918737856,0.780805518464527,0.881590708413569,0.8866211606109,-0.537374430594981,0.973052513727542,0.846466970263385,1.36991428505091,-1.15993965794656,1.24621623530668,0.960158679288499,0.231318330981291,0.102737848219886,0.22473834536371,-0.200814149774836
"238",246,1.49619712762258,0.417747223787274,0.659217808958098,0.959766221714172,2.08840900080924,-0.12734641498391,1.02520284736985,0.0342218870559675,1.39581139560646,-0.304840840902289,1.55518075124547,0.0356564820491871,-0.0471471442270757,0.109765752070738,0.163944490610496,-0.0826241003977367
"239",247,1.61741520881386,0.846951589040927,0.418391245673136,0.778001687319059,1.22901922764317,0.627085366830672,0.759736592367711,0.427774711779637,0.75986624890493,0.740402845858962,1.81585202899118,0.549837768673381,-0.0630633677830276,0.0231124099857155,-0.148020211798017,-0.243173856565771
"240",248,1.17418745105842,0.417300285841241,0.509683560366061,0.752665766534691,1.74227097401088,1.24726735041048,1.31147936894486,0.507302043337823,1.48380990823943,2.98889646791421,2.57312472076389,0.674007063817271,0.0242325389878422,0.0513394583104498,0.137989033466699,0.0744113293480134
"241",249,0.928070920187653,0.504996840148823,0.833564649639691,0.925626198767861,0.91464739930135,0.342421751323761,0.764435016534058,0.171465868968073,0.98553610441367,0.678067116663241,0.917067460651655,0.185243102665329,0.2229950662078,-0.147864964460336,0.0824055172310311,0.144173735419555
"242",250,0.951419724170642,0.895608463193652,0.59988294515604,0.7785595000888,1.22757298091743,0.71176009357747,0.107298721917915,0.562649797883584,1.29025386980232,0.794722384644963,0.178866098435261,0.722680537350594,0.151833639316529,-0.226685518599256,0.410754384877177,0.148239356158373
"243",252,1.01831366231024,0.421422337681413,0.578628965195445,0.790551935315949,0.607820791425744,0.418677259126518,0.791167900729152,0.709382437211633,0.596889557630785,0.993486157924143,1.36731471861578,0.897325533619906,0.125850354055811,-0.0998982565415494,0.0293248813666525,0.173593916399803
"244",253,0.75291203548515,0.81710163224474,0.333561029719518,0.81682244452546,0.124955867656152,0.0351623691036813,1.71168955870771,0.455433984790463,0.16596343499229,0.0430330422998707,5.13156336082492,0.5575679119041,-0.0157374717308445,-0.122709941241204,-0.0378794037107171,0.0297211585381391
"245",254,0.952471794814997,0.472506629454046,0.966893570609752,1.05786636328695,0.935395815939166,0.0839705940867484,0.61872960967289,0.449177330864367,0.982071932241156,0.177713049621699,0.639914907369485,0.424606875171553,0.0387578674820125,0.204915332705596,-0.065075497393222,-0.19403900891386
"246",255,-0.0935162319397953,1.07422355183627,0.701468151945411,0.722557117591359,0.683533584344411,0.609745340972192,0.868731141024801,0.444858868309652,-7.30925070617112,0.567614943770221,1.23844701803712,0.615672944711399,-0.170348831240232,0.0942901183216249,0.0897666755712527,-0.276205602166698
"247",256,1.0765223457663,0.400356155066237,0.520957001632523,0.780090318010458,1.64045289615566,0.382405765244633,0.522363161422947,0.583860229846286,1.52384472334194,0.955163946914633,1.00269918589445,0.748452091208315,0.0730650916339002,0.0955446219190431,0.000488899585191382,-0.307767889595455
"248",257,1.18736390355786,0.593030851824412,0.837445739791905,0.743731931224566,1.64276688085159,0.744140521405775,0.37453916914975,0.428453905558757,1.38354120074658,1.25480912016042,0.447239924156541,0.57608647359446,0.197956655964444,0.0221239380521691,0.18883875231672,0.0348582862590806
"249",258,1.30107005313668,0.611357255003472,0.293491246150451,0.999642632733911,1.12407613165707,1.18096564255705,1.15800215269361,0.941488397795916,0.863962804267988,1.93171117688027,3.94561053483685,0.941824975212442,0.18533894531909,-0.183097783612933,-0.00301638936940139,0.250394059100985
"250",259,0.602733184592676,0.553677824077007,0.667635317762781,1.17960321860732,1.3961244496744,0.461675742023985,0.982394936414512,0.75391566998236,2.31632252108019,0.833834627192463,1.47145441572276,0.639126494477063,0.18505728233225,-0.0749454328966526,-0.305329393715082,-0.165613417056807
"251",260,1.46058820025409,0.851297093929834,0.535082478852195,0.687884649893619,1.76964765734003,0.637179928268952,-0.0158164500120183,0.816563553683719,1.21159931117626,0.748481267952584,-0.0295589009865286,1.18706465365959,-0.00413613158516918,0.155744459567539,0.11777922698147,-0.343942324946809
"252",261,1.39131738842439,0.584748199206529,0.344370463623333,0.998201172152887,1.59387384666145,0.205864366824006,1.09139110805053,1.44342078346605,1.14558608978965,0.352056435750214,3.16923552783051,1.44602192797763,0.271762871889507,0.0594102453318919,-0.207006549072014,-0.499100586076443
"253",262,1.56181168145326,0.538538630188364,0.483401478389192,1.02595957162776,1.19428022527097,0.550485696500021,0.61380574196671,-0.0433856092344116,0.76467620229329,1.02218423274014,1.26976389069404,-0.0422878351488814,0.0190630638405398,-0.0320672057653943,-0.0205820261970256,0.00201397907563183
"254",263,0.916813879473853,0.887624171724456,0.731713886761758,1.03744254952711,1.05607208132278,0.80186945597742,0.804895778600354,1.3697770909091,1.1518936449008,0.903388485263495,1.10001435419309,1.32034018802629,-0.0337031647915923,-0.0254407979505739,0.118817952641902,0.361410590153384
"255",264,1.76435242876121,0.808511883929168,0.667732327273389,1.02872443357803,1.85633491015019,0.690235572593239,0.564559760060281,0.547231486090661,1.05213384802806,0.853711103464385,0.845488134992053,0.531951481104927,-0.0343804531525077,0.144266340733514,-0.176555479026524,-0.241052809571453
"256",265,1.1261480667387,0.523299282534851,0.6305584187847,0.846663705341966,1.22556839258506,0.952806643320232,1.30054149045972,0.709939435340243,1.08828352930027,1.82076810559505,2.0625233946861,0.838514076912627,-0.111415716826733,-0.0569897226969496,0.00336015457202496,0.119418664259311
"257",266,1.21139231440936,0.600658160779682,0.619327634131231,0.688179105000771,0.717676115032551,0.591275098854086,0.221915244536874,0.42000974915624,0.592439052564461,0.984378699003412,0.358316393952239,0.610320403662604,-0.0218473441971698,-0.0526049057370754,0.0885451040680448,0.0791353938213026
"258",267,0.656721576853287,0.804356918174843,0.63332723880612,0.674658484898478,0.0630190826495725,0.221947794791013,0.673914984463562,0.271336988315314,0.095960122022382,0.275931977180768,1.06408653089666,0.402184207845759,0.241214906469783,-0.0640868022832144,0.0836997651316878,0.1540073458769
"259",268,0.554687149455467,0.587092917578599,0.81828342783203,0.896061966800409,0.905464340405171,0.909009084033567,1.18801746962758,0.704224732747302,1.63238744812109,1.54832234696797,1.45184104824795,0.78591075041595,-0.0556615234695629,-0.0335568575582291,-0.0336799436804964,0.0763695293078361
"260",269,1.85217937791075,0.952356169048197,0.587177395740742,0.895437200157509,1.85812457073492,0.343244975579673,0.43723907106976,1.32838485796403,1.00320983642031,0.360416603299497,0.744645611771498,1.4835042119429,0.16470707926895,0.0342435581391202,-0.00774782298920532,0.108406993539937
"261",270,0.546427714350277,0.573289662984675,0.83015996974258,0.739140121280103,0.383644764179362,1.0210492030575,0.869728404397674,0.752497513005748,0.702096094513672,1.78103543284156,1.04766362640608,1.01807152844377,0.0690625921493843,-0.134138857246093,-0.0695949111514912,0.137735698187041
"262",271,1.38723022200869,0.692135515724494,0.658198522364731,0.851533637379973,0.908642919744244,0.612493288902759,0.676668957891932,0.899482769165763,0.655005135649756,0.884932610720938,1.02806210421263,1.0563091458528,0.00733630857986611,0.0990287671232695,-0.069109659951295,0.211717342272391
"263",273,1.66434580789786,0.909677541302339,0.977238709400679,0.931400277564101,1.65634867738992,0.977102838798005,0.514199166762914,0.0919803660028025,0.995195030702158,1.07411999794909,0.526175602559032,0.0987549265535539,-0.18552082287039,-0.06200795700144,0.150527697896133,-0.173968482438173
"264",274,1.66797795900164,0.72898071329391,0.647722605757979,0.944243517891867,1.67156914694867,1.00686541132317,1.22776169452532,0.469241070202904,1.00215301882597,1.38119622777622,1.8955053963086,0.496949209935313,0.122728887597327,-0.0538809312646993,0.0333545317555954,0.278093616522007
"265",275,0.752339184382512,0.870201699609688,0.693931620585822,0.938218711211199,0.70029699661146,0.490421419633122,1.37742906503589,-0.189860006787301,0.930826163449448,0.563572123397474,1.98496368254995,-0.202362204588949,0.0328303786597037,-0.124491424422588,0.0512431108407494,-0.0458844092839116
"266",276,0.657738362864218,0.428514221912351,0.383548244290255,0.918579187046752,0.939445656792578,0.00331569079499627,0.956132772466787,0.472981336755104,1.42829688799301,0.00773764469286265,2.4928618151703,0.514905348852663,0.0939683629497372,0.120119696632639,0.0691932782563252,-0.377012324113602
"267",277,0.975921585829422,0.976886967959559,0.479692190258591,1.15909818349586,1.53640629148491,0.309481962452886,0.363230892627477,0.984367269725026,1.57431325814885,0.31680426968875,0.757216606823779,0.849252706751863,-0.0193449659123819,0.142958410259981,0.202975562467215,-0.0224574073016229
"268",278,1.8496685161305,0.729242485043872,0.563644217978423,1.02007391818078,2.17065747152864,0.270873155421366,0.362875395645913,-0.154949772408487,1.17353863819321,0.371444561962225,0.643802214360343,-0.151900533526851,-0.0530632858752916,-0.104631641290866,-0.0973696718944686,0.0719045782895237
"269",279,1.39194659176345,0.649289056060703,0.372912974064555,1.07027973815749,0.915694469129242,0.19640407711697,0.934010422134877,0.446316333086584,0.657851726889285,0.302490971137835,2.50463375396854,0.417009046489966,0.175797676308233,-0.077605537291374,-0.15163516977193,0.0410066817305304
"270",280,1.26394554804586,0.83741458457292,0.550421710401251,0.808071738421786,1.70311426334622,0.402353813565473,0.962307771989378,0.285184611997728,1.34745857207167,0.480471466556405,1.7483099845169,0.352919918415549,0.0425169761731516,-0.0475579690841759,0.100250915034893,0.146299233048891
"271",281,1.0408074462161,0.795018251307398,0.571755692778782,0.905836634730093,1.36559390098332,1.28189111807991,0.683013818438104,0.427031932175873,1.31205239350274,1.61240464099014,1.19459032426699,0.471422678000999,0.391026062716865,-0.187080731405774,0.214198562560759,-0.081256863272678
"272",282,1.55211970308249,0.257675648010178,0.77015563284681,0.887146559018876,-0.416781828293376,-0.243516015607977,0.322158321721874,0.329378684917348,-0.268524281642487,-0.94504862018765,0.418302883186149,0.371278771888174,-0.00828835420782065,0.0958498910676862,0.033293471488249,-0.443573279509438
"273",283,1.43538165129643,0.721428030798987,0.802687602533775,1.23960474647146,1.29110653051342,0.331324314909739,0.813954994982393,0.753298398775845,0.899486578602496,0.459261770772609,1.01403708293619,0.60769241237589,-0.0167394060640012,0.0593774945399174,0.115502926385722,-0.100354243902821
"274",284,1.09230348957724,0.716291874551779,0.355591581513837,1.19606737953292,1.1179307293355,0.308767351099315,0.839883007207671,0.359556078492414,1.0234616477955,0.431063595817734,2.36193163975393,0.300615236771047,0.266066056711295,-0.111106946536912,0.14930752559061,0.238636859474912
"275",285,0.750122775750305,0.929717395704615,0.688985304257871,0.989283310763387,0.817769173101747,0.88308707468148,1.06810459240626,0.418255641536165,1.09018043384135,0.949844628874784,1.55025743772105,0.422786513211686,0.00096597767742887,-0.0455629448109113,-0.0983290054675758,-0.352662884513847
"276",286,1.50242287960665,0.512470333637125,0.745155468969826,0.562349306530638,2.24526116289635,0.379536980437278,0.803814110002725,0.577809150550384,1.49442689762831,0.740602832057834,1.07872000337593,1.02749153211395,0.116204254592392,-0.0708681495289659,-0.18812529739017,-0.155513306410245
"277",287,1.4313697480435,0.682655905649066,0.453329157973295,0.784572991303112,1.96277494513158,0.8632017224384,0.42592047815849,0.608264027223102,1.37125641212863,1.26447558029645,0.939539120013059,0.775280355002821,0.0641571435151549,0.136668034254057,0.0919747849777277,-0.304220925927462
"278",288,1.31439060756195,0.389012717785676,0.808928014397081,0.891636320361733,1.19851445253528,-0.160284262156159,0.845756182798369,0.321379913882938,0.911840396332712,-0.41202833436532,1.04552712694558,0.360438338528601,0.299522563317174,0.0266123541047326,-0.0383576503979707,0.283973993376904
"279",289,1.37480224767274,0.92194143330557,0.527016667229306,0.853645075453042,1.97537378845394,0.716069280522689,-0.145320400231353,0.00849970491572762,1.43684212896644,0.776697146537023,-0.275741564295013,0.00995695419576655,0.235742807293754,0.266942574228859,0.623638225404223,0.0281586025799073
"280",290,1.24387949911981,0.616868933144053,0.476672586295783,0.754690737168035,1.41103704990676,0.687474928525938,0.988954575312646,1.31337219306629,1.13438403873143,1.11445866631996,2.07470411293798,1.74027867096223,0.323837336629416,0.151123781961856,0.157389002666596,-0.323606051000194
"281",291,0.784307933377537,0.696671605728551,0.97374867050179,0.846750788917065,0.53368505220112,0.237595067145834,0.319094534840035,0.889595239168434,0.68045346666693,0.341043133080422,0.327697017214514,1.05059865406936,-0.41376451308488,-0.115371948592903,0.148782678446688,0.057269037657963
"282",292,0.656403352038773,0.874062562287194,0.68024187590635,0.983659760431743,1.18526776530696,0.58579184853358,0.445160314090642,0.0428115644600209,1.80570035424948,0.670194416061838,0.654414745486689,0.0435227363994541,0.0140747733051363,-0.0798154465090123,0.123586813504004,0.154822200862669
"283",293,0.941483875601034,0.670423708899531,0.761461021560886,0.788000078033265,1.53535551037941,0.787139319039613,0.436589788023803,1.04048662243685,1.63078258711468,1.17409230698548,0.573358025771111,1.32041436472159,-0.203747812395565,0.0165724904853905,0.062091146816068,0.189848773990878
"284",294,1.09643345787744,0.474569630058418,0.696613712521564,0.859334495841086,1.32606903279014,1.17086125474941,0.950712111465243,0.932096579003155,1.20943867889369,2.46720645525775,1.36476226978637,1.08467259665964,0.386372562134759,-0.13817695520631,0.212396175614301,-0.0509771841959525
"285",295,1.27468929441172,0.415146855421497,0.687332294093979,1.11925769989904,1.43082446918779,1.22523065041608,0.55271295057451,0.654354456760429,1.12248880998732,2.95131863439531,0.804142269065184,0.584632526378378,-0.108299589418041,-0.0135452852868221,0.0975025003856298,0.600732688144633
"286",296,0.916835710109532,0.464004138178978,0.495976442671852,0.599388120091091,1.18516801078423,0.80002106521507,1.0395662160508,0.362376161378327,1.2926721742139,1.72416795323166,2.09599917780489,0.604576816309366,-0.12352368232515,0.114232194510394,0.0626212040463295,-0.107030191825818
"287",297,1.23517823949893,0.734940057776029,0.622500760974496,0.977478599076913,1.85500751122197,1.05802310441809,1.04738182610268,1.07730690336378,1.50181362648883,1.43960462247727,1.68253902929058,1.10212837844341,0.309565705713816,-0.121306382226655,-0.0642113897482706,0.256904937085447
"288",298,1.57467166163672,0.471207892170762,0.803140762762835,0.652451982876416,1.70317522448516,0.783414572932088,1.12253974417881,0.853924399808091,1.08160657613847,1.66256674802931,1.3976874244525,1.30879271152409,0.135808100311765,-0.0502369287957845,0.129690375982157,0.0281235785077211
"289",299,1.23204560802791,0.702216738084174,0.696534498379948,0.650710322697894,1.71888220822429,0.846663094901974,0.81956025417244,0.96673341440549,1.39514495001174,1.20570053230558,1.17662550251084,1.485658642078,0.0340812666340395,0.118144514770715,0.0396014434950398,0.178610205862398
"290",300,1.61614393517388,0.752147729469904,0.836579892430418,1.07286216222618,1.71948993363659,0.386586985139346,-0.0431960347284704,0.765048304526047,1.06394603612555,0.513977467447523,-0.0516340819559719,0.713090955634579,-0.0282299500500374,0.024289519799796,0.0010058068261872,0.189726887428786
"291",301,1.55218093377822,0.57580924177276,0.761987960822797,1.07027973815749,1.38262385754353,0.412262596486438,0.702109328829781,0.281805053249359,0.890762041624902,0.715970787855356,0.921417876565452,0.26330037204525,-0.246150920588788,0.083244702315904,0.0852712809592371,0.0410066817305304
"292",302,1.1319721614083,0.780221401728981,0.770515770903947,0.943400565895181,1.99658735281631,1.57272977234933,0.745152961754698,0.383078252367303,1.76381312269406,2.0157480541602,0.967083335465679,0.406061079689734,0.156986109853188,0.0299808090749209,-0.0994170105708078,0.0484753366259028
"293",303,1.05647949425448,0.536071940708514,0.744158178456087,1.05266509781285,1.07617422259817,0.204378216305058,0.540305397893677,1.24014032989473,1.01864184629308,0.381251471649375,0.726062567792582,1.17809579938711,-0.134195520439277,0.173898556030721,-0.0707425683684675,-0.0432431459900046
"294",304,1.26394554804586,1.00456434380133,0.81587188417162,0.445935034605701,1.24186124114455,1.17447941593539,1.52758830568164,0.6410507870914,0.982527485511181,1.1691430451245,1.87233845817918,1.43754299919095,0.0425169761731516,0.0584208599744179,0.207205162510164,0.243857605549739
"295",305,1.02780486735189,1.07422355183627,0.905738117332683,0.981420029481956,0.731098871344078,0.91887934316249,0.784375073453801,0.470032477003971,0.711320693808089,0.855389310345842,0.866006474105026,0.478931000880508,0.0622441171333292,-0.0942901183216249,-0.0956532240317568,-0.549492950809921
"296",306,0.70654630180246,0.726517249360918,0.634000491997664,0.663131439189553,1.09700360727269,0.407032888384523,0.151734416267874,0.666139439796808,1.5526280506658,0.560252201503227,0.239328546559603,1.00453605488971,-0.2411355266558,-0.130294770409086,0.034784098936324,-0.331565719594776
"297",307,1.13564317950762,0.678025411620895,0.768738577310797,0.951984684980709,1.78858374222555,0.568676638243546,-0.36919780427473,0.48027819017124,1.57495221606582,0.838724667979716,-0.480264442518624,0.504502013266077,-0.0387765319659878,-0.0270936509901222,-0.149040417585882,-0.211038183811272
"298",308,1.63240233967416,0.924763897242789,0.300719338193164,0.860862110431447,1.6418357293272,1.10868115070848,0.866755742186224,1.14397416609331,1.0057788386011,1.19888022663304,2.88227470635584,1.32887038729114,0.118388121236398,0.0620185640866463,0.0743280459761935,-0.145715495593551
"299",309,0.789072304018042,0.556444263505632,0.592237063557586,0.660710227235417,1.37214523359033,0.887923242980637,1.59931795104564,0.86726726409548,1.73893472955928,1.59570922231576,2.70046920305609,1.31262878694091,0.0706599292402288,0.0735622131823402,0.102090389354867,0.368928188765511
"300",310,1.00936882133913,0.515724992460398,0.788035245549135,0.703959830371943,0.880339644371802,1.0988949019075,1.08146847013225,0.397860806801508,0.872168453949128,2.130776902366,1.37236053366958,0.565175439898744,0.191823010909453,0.0279783786509667,-0.0279112659739979,-0.0333405512215962
"301",311,1.13572677722509,1.08732666069827,0.64305670951575,1.12544423779722,0.665191661068494,0.417916672358467,0.504798001331119,0.714952842626757,0.585696907396821,0.384352455857273,0.784997643071408,0.635262786565151,0.0434628759045047,0.037729676183322,0.0356874798767094,-0.205049378434811
"302",312,0.959766221714172,0.271462273385706,0.670116783674524,0.944897249610359,1.27088060571241,0.369673301850914,1.22958049165274,0.29807925906039,1.3241564215946,1.3617851837764,1.83487493763468,0.315462087738436,0.0826241003977367,0.264632247841895,0.0606669039772252,-0.0964212592525983
"303",313,0.724129796802445,0.896832768840336,0.69137781179739,1.12159294725264,0.759851263049795,0.961218259696492,0.910189196403313,0.536366320279414,1.04933019799087,1.07179208108041,1.31648598041796,0.478218342575399,0.121024504515196,0.10293131070037,0.115804788319463,-0.330912356047088
"304",314,0.404698631404517,0.648521230496723,0.665968541358912,0.950457536581215,0.588816390162769,0.163005561340991,0.761695299101598,0.565357657031408,1.45495028762333,0.251349614593403,1.14374066010288,0.594826844200734,0.46008595186426,0.119600696677886,0.0424774995560623,-0.186419413216144
"305",315,1.20240827443755,0.719697273996382,0.722727797927381,1.04372121998001,1.75453413982723,0.581430376402566,1.36464476536479,0.655296511405297,1.45918335487832,0.807881865626586,1.8881863535321,0.627846304991141,0.235097780418204,-0.0254718294093767,0.0600273781041145,-0.129667120516587
"306",316,1.10573178954572,0.670423708899531,0.828142124004079,0.706508056649389,1.06553863785169,0.937735462839752,1.03421468325695,0.609412088349623,0.963650179841044,1.39872061562232,1.24883719023555,0.86256919877143,-0.144947153827825,0.0165724904853905,-0.0287505955944718,-0.0346146643603192
"307",317,1.25907568441996,0.670923962685497,0.421751555527646,0.830348380267206,1.29762340068486,0.904544038549386,0.0941622076159931,0.662764844943719,1.03061588492407,1.34820648666174,0.223264636210265,0.798176838413824,0.113221956334695,0.182956007096505,0.0749650971173426,-0.0364841264090125
"308",318,1.30635098884813,0.0649692087165114,0.323795574895674,1.07287696772702,0.827225587325567,0.376157994213998,0.916692804013907,0.98963511263352,0.633233789683868,5.7897887575534,2.83108502736414,0.922412487547521,0.15904230707585,-0.143297516657413,0.0627899276249381,-0.0506521209413623
"309",319,1.66417071986552,0.565678354703352,0.299129336753663,0.822017341498681,1.53392403211354,0.530173232559329,1.31501287464526,0.512951090153413,0.921734779853289,0.937234433934382,4.39613475868529,0.624014925546721,0.0157104012953355,0.0358001866126989,0.122315337022429,-0.145116922869351
"310",320,1.11138346923946,0.941460610835093,0.459758505149634,0.862232967789966,1.08122544489233,-0.018523104720794,0.853837940068559,0.903055147953617,0.972864429621421,-0.0196748589453611,1.85714441495904,1.0473447220051,-0.00716945192163387,-0.0725213842838864,-0.0445122352852201,0.303313747817231
"311",321,1.31550154550457,0.758183166743618,0.557409872350558,0.918483439395206,1.20313947738757,1.0341949245658,1.27033571477185,0.138795047369914,0.91458613750704,1.36404363738072,2.27899751652216,0.151113282414005,0.189134945749958,0.040999926567602,0.103744996009546,-0.00758340315498676
"312",323,0.831491424157113,0.612259420263658,0.411139041197662,0.939443908875164,1.02873117163049,0.731759762391796,0.887221428574734,0.898320402004123,1.23721200452948,1.19517926253658,2.15795957005257,0.956225692154116,0.20881705247645,0.0895955856826582,0.0530635463525868,0.204767795758499
"313",324,1.5711848707775,0.721423746459772,0.194028142423926,0.79702797380286,1.69545440031195,1.08335689702675,0.625661716683471,1.1664720792002,1.07909287560346,1.50169287099722,3.22459262283964,1.46352715028885,0.0743323434852537,0.144177748780715,0.0970140712119631,0.349344607861872
"314",325,1.07027973815749,0.524248887274773,0.787892247777177,1.00633035321565,1.80840880194114,0.740855447176781,1.23034332495403,0.554463118267486,1.68965994353435,1.41317504940831,1.56156292744992,0.55097525031988,0.0410066817305304,0.0291605893660143,-0.0753067599242134,-0.0118285882816862
"315",326,1.30379633508197,0.327101268594909,0.796325240237861,0.900883070908003,1.1377652161505,1.08767594618555,0.872916847808066,0.0278221889502272,0.872655633043302,3.32519635542154,1.0961813134886,0.0308832409539954,-0.132450038208078,-0.069413219973918,-0.173474905046155,-0.22404821474208
"316",327,1.00147776924604,0.882883817156441,0.961715324512225,0.862022608475689,0.708820096978265,0.483817899214046,1.13644785502694,0.388454190174061,0.707774170076582,0.547997244725029,1.18168841242427,0.450631092914098,0.112870191938008,-0.0432329874445604,-0.00381723376666887,-0.199176941784834
"317",328,1.62372458333779,0.745519225705611,1.00534465097422,0.719378094811829,1.91630772483152,1.22821314108613,0.614467447443264,0.457766519762735,1.18019259207881,1.64746005030745,0.611200792532015,0.63633647321785,-0.0244396259680815,-0.151640899855235,0.0588110135608612,-0.0281796452790991
"318",329,1.42183236671144,0.736714712410134,0.469352175136795,0.783208806580176,1.73202882445747,1.21490711746227,0.0453416299753875,0.981539822398167,1.21816668758461,1.64908762781151,0.0966047083134802,1.25322878669354,0.0734320223933438,0.182990338915471,-0.0739897181265365,-0.188797183057882
"319",330,1.19569420038166,0.311613868281772,0.440312511827157,0.985388563614436,1.64571251857454,0.175436688348331,0.304721492935516,-0.1751821864167,1.37636572800072,0.562993840151219,0.692057311001721,-0.177779804724064,0.202121804376341,0.0191530060248467,-0.00972786166565373,0.413034612254685
"320",131,NA,0.795284321405037,0.738315887369528,0.984644210582159,NA,1.04022085626147,0.632482206910703,0.146016702743848,NA,1.30798612303045,0.856655284994761,0.148293872217577,NA,-0.0870327353202627,0.0236728699649654,-0.0271260240418298
