"","subject","modality","da","mda","mratio"
"1",1,"memory",1.93298539333995,1.7814760810515,0.921619008187817
"2",1,"Calories",0.902674111174736,0.814414892803426,0.902224715122881
"3",1,"GDP",0.814009063235991,1.11232752226881,1.36648051294035
"4",1,"vision",1.0154146742754,0.550179098977304,0.54182701207259
"5",2,"memory",1.2826436438281,0.954947888304388,0.744515355375178
"6",2,"Calories",0.843520327397112,0.706130812861648,0.837123647085764
"7",2,"GDP",0.606759272556298,0.865375588535645,1.42622556865062
"8",2,"vision",1.06694379245046,1.12207368521832,1.05167085010283
"9",3,"memory",0.456824885867111,0.789348100666154,1.72790083265247
"10",3,"Calories",0.859334495841087,0.71080320056852,0.827155437153504
"11",3,"GDP",0.848917327001965,1.04136739679246,1.22670060283744
"12",3,"vision",0.855686397355384,1.03510928323991,1.20968299418929
"13",4,"memory",1.0114281984729,1.03206858057667,1.0204071649722
"14",4,"Calories",0.821004510962261,0.9023839225716,1.09912175940904
"15",4,"GDP",0.656963862643128,0.911238272638229,1.38704474394085
"16",4,"vision",1.02295502150616,0.601898216897694,0.588391673381185
"17",5,"memory",1.7563955442132,1.58872458306826,0.904536901327628
"18",5,"Calories",0.769410500113037,0.671093187047416,0.872217349449771
"19",5,"GDP",0.786757305155663,1.70555785351148,2.16783224297362
"20",5,"vision",1.02150332644357,0.451532134962032,0.442027082314132
"21",6,"memory",1.58240310623427,2.40872096812866,1.52219175925458
"22",6,"Calories",0.75797755647108,1.09291033492259,1.44187690729374
"23",6,"GDP",0.79596333658868,1.8480293623807,2.32175186648789
"24",6,"vision",0.998657278500089,0.786177876333232,0.787234913577173
"25",7,"memory",0.295605797714133,0.437811480317692,1.48106526902791
"26",7,"Calories",0.526287353959857,0.187038573334745,0.355392490295352
"27",7,"GDP",0.755831750148935,-0.188593680478412,-0.249518071239069
"28",7,"vision",1.09406143203712,-0.0335784678610591,-0.030691574419671
"29",8,"memory",1.94340443744165,2.06543709923812,1.06279324027742
"30",8,"Calories",0.904540254439184,0.884275849999518,0.977597012028801
"31",8,"GDP",0.733847878247203,0.804350697004528,1.09607279771077
"32",8,"vision",1.04855020823584,0.556099669987253,0.530351017642616
"33",9,"memory",0.418752531569132,0.697639380658773,1.66599441929248
"34",9,"Calories",0.705765456002478,1.03017098610792,1.45965062096253
"35",9,"GDP",0.729816805000696,0.496642665606945,0.680503192313407
"36",9,"vision",1.10235280701273,0.316380138882389,0.287004429861024
"37",10,"memory",1.47881136244577,1.80197230868216,1.21852749745033
"38",10,"Calories",0.97870151634669,1.26934914013429,1.29697269180958
"39",10,"GDP",0.850373536791369,0.77537640393066,0.911806835918616
"40",10,"vision",1.03761694322959,0.83890498559592,0.808491988367904
"41",11,"memory",1.5000146501556,1.81744974170661,1.21162132751043
"42",11,"Calories",0.851390331475601,-0.121062752178359,-0.142194182506791
"43",11,"GDP",0.78478244734159,0.615398240098989,0.784164123679905
"44",11,"vision",0.938440053973766,0.63799320442042,0.679844388268464
"45",12,"memory",1.16292373688121,1.50027521696806,1.29008908270423
"46",12,"Calories",1.0141856644208,1.03433100673379,1.01986356445345
"47",12,"GDP",1.01259287642193,1.37848376952656,1.36134057588627
"48",12,"vision",1.07654493673007,0.787949763544178,0.731924638406196
"49",13,"memory",1.64172186426517,1.63165232254417,0.993866475229346
"50",13,"Calories",0.876624824619539,0.558949870999108,0.63761583667414
"51",13,"GDP",0.890401207053789,0.618397703014593,0.694515795930672
"52",13,"vision",1.08726345137305,0.666834771653262,0.613314804991515
"53",14,"memory",1.94154176891764,1.69069821624506,0.870801876792781
"54",14,"Calories",0.795302983612041,0.78586541684222,0.98813336933937
"55",14,"GDP",0.790294549047425,1.02469301145769,1.29659632942274
"56",14,"vision",1.02775417524125,0.835269122208799,0.812712944720201
"57",15,"memory",0.993129114160457,1.55028692553754,1.56101246397159
"58",15,"Calories",0.974643828920421,0.930773594372507,0.954988444756781
"59",15,"GDP",0.713018639584309,0.756293729310272,1.06069278883255
"60",15,"vision",1.0951269862329,0.858398721774524,0.783834872636378
"61",16,"memory",1.33529595232801,0.589393401920802,0.441395333291641
"62",16,"Calories",0.906839139451342,0.72527982492743,0.799788841675096
"63",16,"GDP",0.65322133219242,-0.337086200298966,-0.516036730104324
"64",16,"vision",0.979734519809678,0.121376930857161,0.123887571993216
"65",17,"memory",1.30357857928293,1.3402630168817,1.0281413320085
"66",17,"Calories",0.778703832537506,0.379453183714073,0.487288193352762
"67",17,"GDP",0.975324315982771,1.0041743360167,1.02957992491437
"68",17,"vision",0.757091289000869,0.271779921254648,0.35897906263499
"69",18,"memory",1.33926977254821,2.28632219905807,1.70714089567475
"70",18,"Calories",0.415581360631832,0.236365620195,0.568758954529722
"71",18,"GDP",0.621364630730523,0.600241720421237,0.966005612059939
"72",18,"vision",0.846095707407058,0.527594420457459,0.623563523415481
"73",19,"memory",1.25480833201941,1.33728229308651,1.06572634159543
"74",19,"Calories",0.679684868128015,0.703212613568222,1.0346156675593
"75",19,"GDP",1.10088538564123,0.926969363796348,0.842021681717958
"76",19,"vision",0.951700147636647,0.37279325274544,0.391712929404494
"77",20,"memory",2.10162716309916,2.13656169389865,1.01662261100013
"78",20,"Calories",0.879795555527296,1.58379849976831,1.80018924830676
"79",20,"GDP",0.635718221811477,0.789429924061834,1.24179219184933
"80",20,"vision",1.37637308065374,0.753859054943558,0.547714181234564
"81",21,"memory",0.916784618615232,1.118590424223,1.22012346358143
"82",21,"Calories",0.854305371428328,1.26293618988065,1.47831938334781
"83",21,"GDP",0.770436604161011,0.570199999994393,0.7400998302973
"84",21,"vision",1.19740184717915,0.585526620988827,0.488997592886812
"85",22,"memory",1.81131876576671,2.25321198675926,1.24396215030959
"86",22,"Calories",0.981578976228019,0.84170903712964,0.857505160067846
"87",22,"GDP",0.725363615835739,1.3548125651533,1.86777022665016
"88",22,"vision",1.11057352171813,1.07946982991665,0.971993126800505
"89",23,"memory",1.35826130700851,1.19116826790366,0.876980196488947
"90",23,"Calories",0.773889512684303,1.01161443370314,1.30718199061035
"91",23,"GDP",0.72628738499995,1.98824713841909,2.73754877130247
"92",23,"vision",1.02395146052486,1.13461159456166,1.1080716599399
"93",24,"memory",2.42567992259876,2.57369804495383,1.06102129179372
"94",24,"Calories",0.854445061336786,0.292244268338855,0.342028155539499
"95",24,"GDP",0.936602621452546,0.866800805352367,0.925473392342287
"96",24,"vision",1.041267486102,0.784629219668519,0.753532814710072
"97",25,"memory",1.52703341645603,1.23615029120291,0.809510962812977
"98",25,"Calories",1.04922067736131,1.00999080791513,0.962610468614821
"99",25,"GDP",0.76945421538771,0.896475940362934,1.1650802899445
"100",25,"vision",0.9751447253234,0.629849136978212,0.645903239408209
"101",26,"memory",1.14416880760092,1.30917360695873,1.14421368443332
"102",26,"Calories",0.922295747503751,1.28834384857727,1.39688798529566
"103",26,"GDP",0.86162572366891,0.583668418956533,0.67740366022407
"104",26,"vision",1.0148306476033,0.767133757262907,0.755922930662992
"105",27,"memory",1.02015004536559,1.22489836837724,1.20070412577228
"106",27,"Calories",0.866209308147582,1.35820261109419,1.56798431778429
"107",27,"GDP",0.43078812594231,0.308733094689814,0.716670391075632
"108",27,"vision",0.994290140627822,0.599144507909386,0.602585184573056
"109",28,"memory",0.276712127037275,0.338045323089505,1.2216498304896
"110",28,"Calories",0.950035277325589,1.00567934059676,1.05857052322079
"111",28,"GDP",0.853936293409896,1.26930260477093,1.4864136992028
"112",28,"vision",1.1805088358754,0.458556573850258,0.388439764205762
"113",29,"memory",0.622911943587172,0.808124184054492,1.29733294147602
"114",29,"Calories",0.817793414439121,0.549405058577187,0.671813992234204
"115",29,"GDP",0.808150329069577,0.688242950933498,0.851627384382645
"116",29,"vision",1.03590898501393,0.594287938015029,0.573687405565881
"117",30,"memory",1.4847228417755,1.50646407625065,1.01464329493924
"118",30,"Calories",0.774415359539078,0.276525701524794,0.357076726486131
"119",30,"GDP",1.0019934188024,0.64025493318979,0.638981176098974
"120",30,"vision",0.948838891632464,0.527050423933119,0.555468824666678
"121",31,"memory",1.05696516178798,1.15230133726156,1.09019803009619
"122",31,"Calories",0.770836036084391,0.906708449742692,1.17626629697866
"123",31,"GDP",0.706919922007842,1.56839802683728,2.21863605482019
"124",31,"vision",0.965218526809134,0.801248181676004,0.830121013450507
"125",32,"memory",0.393348605026395,0.373859639475211,0.950453706198154
"126",32,"Calories",0.902719051623071,1.02919672070666,1.14010745520014
"127",32,"GDP",0.864902392166009,0.978194160595781,1.13098792355754
"128",32,"vision",0.959810161941534,0.797075204306969,0.830450891137286
"129",33,"memory",0.518713715121463,0.842683177418295,1.62456313155508
"130",33,"Calories",0.873797699278839,0.910029241884774,1.0414644518243
"131",33,"GDP",0.768920464551717,1.41109475389148,1.83516347781711
"132",33,"vision",1.08562687427225,1.57262893349888,1.44859064450951
"133",34,"memory",0.994167274756777,1.03457367778226,1.04064346519087
"134",34,"Calories",0.804238737601438,0.764715313973218,0.9508561055563
"135",34,"GDP",0.733465849227168,1.18390500134164,1.61412423303565
"136",34,"vision",1.09994876208393,0.885441408631421,0.804984231223542
"137",35,"memory",1.46830173484864,1.97772365552417,1.34694634528103
"138",35,"Calories",0.670902698475654,1.30415696761707,1.94388392024689
"139",35,"GDP",0.726636065511621,0.721805743173511,0.993352487486691
"140",35,"vision",0.618944930895825,0.537659464742456,0.868670923541257
"141",36,"memory",1.71221485055383,1.61693934512276,0.944355402944752
"142",36,"Calories",0.817537333740404,0.576477657231653,0.705139243726214
"143",36,"GDP",1.005669890266,1.21552638270165,1.20867333751053
"144",36,"vision",1.00585025793585,0.723002390493224,0.71879724122846
"145",37,"memory",1.83767180300352,1.29850723148952,0.706604535895487
"146",37,"Calories",0.810141042906908,1.27613172824779,1.57519698504453
"147",37,"GDP",0.96623744397238,0.916686150730053,0.948717270737705
"148",37,"vision",0.901192147972788,0.442903488201352,0.491463989336407
"149",38,"memory",2.24773445252227,2.35717459866721,1.04868909048493
"150",38,"Calories",0.622118616526408,1.11746299999972,1.7962217659376
"151",38,"GDP",0.897100086876223,0.899044979541298,1.00216797734559
"152",38,"vision",0.943344323667524,0.890028059287178,0.943481650291738
"153",39,"memory",0.473239375751262,0.560908806717406,1.18525388092859
"154",39,"Calories",0.781685648239308,0.486973807320748,0.622979081703268
"155",39,"GDP",0.606674188132184,1.10048455969145,1.81396304840263
"156",39,"vision",1.22837432238192,1.54334222540979,1.25641036066036
"157",40,"memory",1.39606199668526,1.46461587300126,1.04910518048537
"158",40,"Calories",0.89422098214699,0.803759962784814,0.898838182990313
"159",40,"GDP",0.87890141349302,0.765266441433085,0.870707942534402
"160",40,"vision",0.969035510761843,1.50697940871786,1.55513331759441
"161",41,"memory",1.57480468364689,1.93505354421728,1.22875780362562
"162",41,"Calories",0.781602875117234,1.31617712896013,1.68394612003278
"163",41,"GDP",0.793879234714204,1.43385202069128,1.80613367624796
"164",41,"vision",1.10705108015832,1.25394553042472,1.13268985767612
"165",42,"memory",1.16551708856342,1.63301031715268,1.40110371025574
"166",42,"Calories",0.631299983151504,-0.00889825328104968,-0.0140951267519901
"167",42,"GDP",0.590477587957934,1.29992539185152,2.20148134046389
"168",42,"vision",0.870527127092998,0.804342070931651,0.923971288083391
"169",43,"memory",0.273589476537093,0.230468544934802,0.842388193624674
"170",43,"Calories",0.877439664447523,0.0413465477493562,0.0471218129572361
"171",43,"GDP",0.798920188591791,-0.186516112947378,-0.233460257495982
"172",43,"vision",1.05066445041343,0.587058482121992,0.558749733933596
"173",44,"memory",1.00097682954676,1.52598761614372,1.52449844102254
"174",44,"Calories",0.873227936234135,0.894077284830107,1.023876181385
"175",44,"GDP",0.700005777156133,1.18340371409479,1.69056278207093
"176",44,"vision",0.897850102267293,0.46955351421861,0.522975397600192
"177",45,"memory",0.856679047183403,1.53933670683273,1.79686512923804
"178",45,"Calories",0.847684421752196,0.590147106624828,0.696187273802876
"179",45,"GDP",0.85208748035387,1.11384206552478,1.30719215010906
"180",45,"vision",1.00209803865387,1.01257112781519,1.010451162219
"181",46,"memory",1.74240139285164,2.00817087736875,1.15253057395814
"182",46,"Calories",0.945840513365745,0.971304251241197,1.02692180924334
"183",46,"GDP",0.910937639806646,1.28357073799596,1.40906543094256
"184",46,"vision",1.06742815562448,1.08272127692053,1.01432707317627
"185",47,"memory",0.870353355095289,0.831612143839603,0.955487950923744
"186",47,"Calories",0.686355742397992,0.630569332963508,0.918720852775884
"187",47,"GDP",0.994055209654665,1.2345901349123,1.241973406428
"188",47,"vision",1.21243950381205,0.722698342940191,0.596069610622173
"189",48,"memory",1.19662995536708,1.74617199494335,1.45924141971499
"190",48,"Calories",0.874688658804461,0.956053052528795,1.0930209771275
"191",48,"GDP",1.02010800803032,1.31359577364383,1.28770263864529
"192",48,"vision",1.03414048341858,0.792517090316622,0.766353414283505
"193",49,"memory",1.91588045122742,3.13244274525668,1.63498862533404
"194",49,"Calories",0.349161410148386,1.75775302596228,5.03421333192368
"195",49,"GDP",0.841914292468119,1.12567043691916,1.33703685397618
"196",49,"vision",1.0024742283585,1.18655362654976,1.18362506784108
"197",50,"memory",0.739346969277652,1.10135190498944,1.48962794297442
"198",50,"Calories",0.911221732171502,0.365702718703935,0.401332305620544
"199",50,"GDP",0.782661691212565,1.05185060777936,1.34394032516111
"200",50,"vision",1.0069088732375,0.47689505004586,0.473622849814109
"201",51,"memory",1.354506299729,1.02447527745959,0.75634589345547
"202",51,"Calories",0.956441023643133,0.379286017287515,0.396559754246839
"203",51,"GDP",0.879308367263109,1.75501551884494,1.99590449060267
"204",51,"vision",1.12753529644475,0.429593102538029,0.381001910887034
"205",52,"memory",0.994691534440086,1.51370105702164,1.52177937039919
"206",52,"Calories",0.875554138865304,0.307498927614526,0.351204927216765
"207",52,"GDP",0.734225095991089,0.922351620586228,1.25622459055448
"208",52,"vision",1.08697553319811,0.929276913942682,0.854919807816242
"209",54,"memory",1.7563955442132,2.12327120667661,1.20887986403299
"210",54,"Calories",0.88016667534464,0.240586987645167,0.273342532027769
"211",54,"GDP",0.761959549398131,0.902116481682763,1.18394274656094
"212",54,"vision",1.05139468660619,0.796512377983859,0.757576948153439
"213",55,"memory",1.79711783908958,3.0847436034898,1.7164948988835
"214",55,"Calories",0.795330016868996,1.62010833650938,2.03702651999395
"215",55,"GDP",0.881303486019202,1.64544427536349,1.86705749093978
"216",55,"vision",1.1470502646536,1.29093217603704,1.12543644844273
"217",56,"memory",1.60420365808559,2.02510473945036,1.26237384464455
"218",56,"Calories",1.02303140664087,1.11768762802393,1.09252523506963
"219",56,"GDP",1.07021504601057,0.768304944208609,0.717897722586327
"220",56,"vision",0.973994953041679,0.923165665370336,0.94781360261405
"221",57,"memory",1.22532853234368,1.67633553850738,1.36807027197927
"222",57,"Calories",0.677522181696194,0.298789442848947,0.441003189151564
"223",57,"GDP",0.919777362591982,0.869002808998074,0.944796908840176
"224",57,"vision",1.09612418227868,0.0335776527196866,0.0306330735719047
"225",58,"memory",2.31055001499783,2.31298506106147,1.00105388156405
"226",58,"Calories",0.903643565104809,0.804581583734066,0.890374938530931
"227",58,"GDP",0.897618287343077,0.897618371744907,1.00000009402864
"228",58,"vision",1.01015311525637,1.24284472894497,1.23035281500818
"229",60,"memory",1.8547473949261,1.67712106550262,0.904231525053279
"230",60,"Calories",0.927159590459624,0.601396237540487,0.64864371110302
"231",60,"GDP",0.687721302794658,1.07033899930036,1.55635574316351
"232",60,"vision",1.05576306366487,0.670744988929648,0.635317726120563
"233",61,"memory",0.744927943277521,1.77917760523694,2.38838886538334
"234",61,"Calories",0.91047286720007,1.06478527696634,1.16948600592659
"235",61,"GDP",0.651087234482195,0.603888471963482,0.92750777465903
"236",61,"vision",0.940922397414111,0.94924049197654,1.00884036195258
"237",62,"memory",0.847119818826632,1.42410350947702,1.68111225570142
"238",62,"Calories",0.904220516317695,1.37308530484303,1.51852925261497
"239",62,"GDP",1.05049106651301,0.146696326988475,0.139645477876759
"240",62,"vision",1.00038420119127,0.920394480153051,0.920040999305105
"241",63,"memory",1.28572136577485,1.47347204779241,1.14602750410421
"242",63,"Calories",0.891821596606828,0.494911235666447,0.554944214795277
"243",63,"GDP",0.62250676585942,0.963726361993574,1.54813797190312
"244",63,"vision",1.01132409751001,0.672661731895762,0.665129737887124
"245",64,"memory",1.0421011179194,1.03568492367694,0.993843021438006
"246",64,"Calories",0.776604993960824,0.548524378386304,0.706310650397356
"247",64,"GDP",0.98180834707239,0.497255850162313,0.506469365070135
"248",64,"vision",0.909729181969293,0.409745551654813,0.450403878182555
"249",65,"memory",1.61684431091419,1.28429649574074,0.794322920933913
"250",65,"Calories",0.86162572366891,0.646730478219495,0.750593280183925
"251",65,"GDP",0.624027851926429,0.0980018593740332,0.157047252092183
"252",65,"vision",0.966864646422886,0.160616594664686,0.16612107522901
"253",66,"memory",1.7142102104396,1.51476806011836,0.883653621296485
"254",66,"Calories",0.87697075866782,0.488697938697151,0.557256822838103
"255",66,"GDP",0.715991842372443,0.634268248177888,0.885859601523163
"256",66,"vision",1.27379364540921,1.63369212248012,1.28254064413651
"257",67,"memory",0.743234866907612,1.03920166289801,1.3982143588363
"258",67,"Calories",0.801620925199625,0.789587957808076,0.984989204980456
"259",67,"GDP",0.803867410587268,0.408820083918533,0.50856656027375
"260",67,"vision",1.10695649665083,1.4778430030832,1.33505066147994
"261",68,"memory",1.69148539667011,0.990259484338507,0.585437797032092
"262",68,"Calories",0.870445648502949,0.196821679115232,0.226115989497724
"263",68,"GDP",0.669864688138903,0.243249691658544,0.363132578811355
"264",68,"vision",1.01594801240429,0.586709039617322,0.577499077171129
"265",69,"memory",1.36946492345718,1.68301143067832,1.22895548608109
"266",69,"Calories",0.904303152778076,0.264125801287042,0.292076612224155
"267",69,"GDP",0.831353727043727,0.261291870360539,0.314296865294255
"268",69,"vision",1.25113344436376,1.69246389772526,1.35274450966814
"269",70,"memory",1.58374757765163,1.42248676959823,0.898177708159456
"270",70,"Calories",0.709807555054309,0.670588745803061,0.94474726428032
"271",70,"GDP",0.754408144381419,1.01471821105811,1.34505203664011
"272",70,"vision",1.09315210448573,0.609258559656582,0.557341066404665
"273",71,"memory",1.36511729488721,1.38521758752607,1.01472422385545
"274",71,"Calories",0.745281769326573,0.805357932117229,1.08060865737389
"275",71,"GDP",0.664616443437263,0.184738726117729,0.277962918224377
"276",71,"vision",1.00222161074214,1.05514242241042,1.05280350283915
"277",72,"memory",1.96260297036673,1.39764134013543,0.712136566202316
"278",72,"Calories",0.726750732793518,-0.147970613910485,-0.203605730594462
"279",72,"GDP",0.861400137734369,0.285288335838237,0.331191421200134
"280",72,"vision",0.938314148624558,0.318386524949294,0.33931762130626
"281",73,"memory",1.15538532354378,0.93924880561902,0.812931224310668
"282",73,"Calories",0.64123316045815,0.651367430928967,1.0158043455887
"283",73,"GDP",0.781248824665001,0.482782691960397,0.617962775390305
"284",73,"vision",1.00038420119126,0.88407637995832,0.883736847208858
"285",74,"memory",1.13445825086063,1.3927525244514,1.22768072196119
"286",74,"Calories",1.00384158061729,0.48894870517517,0.487077557471272
"287",74,"GDP",0.778238808573013,0.748821770099784,0.962200499192312
"288",74,"vision",0.832748190256244,0.71109325558779,0.853911499187985
"289",75,"memory",1.4498449004327,1.10441405925081,0.761746348813729
"290",75,"Calories",0.699204805362594,0.0116670393662881,0.0166861544383091
"291",75,"GDP",0.718463838455538,1.0929453520318,1.52122527750495
"292",75,"vision",1.11988785818433,1.04203480776246,0.930481387173806
"293",76,"memory",1.58626818295359,1.217368567558,0.767441836531885
"294",76,"Calories",0.86746647483926,1.07617438242388,1.24059478220561
"295",76,"GDP",0.748627551492767,0.909733209001299,1.2152013470347
"296",76,"vision",0.933755072421616,0.87785201207377,0.940130916555166
"297",77,"memory",0.774281329618276,1.2060512994121,1.55763965018592
"298",77,"Calories",0.873227936234135,0.447769819027034,0.512775416872343
"299",77,"GDP",0.455340358053768,0.272228280002755,0.597856691566552
"300",77,"vision",0.946405703417163,0.365578251128911,0.386280693162485
"301",78,"memory",1.81754670771658,1.99920052530267,1.09994451136516
"302",78,"Calories",0.791541956130488,1.17588055457134,1.48555682420136
"303",78,"GDP",0.790030728970673,0.998051495616807,1.26330718416126
"304",78,"vision",1.15311689236068,0.761530778927855,0.660410738905089
"305",79,"memory",0.490990848573441,0.774133909816577,1.57667686081278
"306",79,"Calories",0.7988509268126,0.606351689646861,0.759029838102827
"307",79,"GDP",0.449644362575246,0.773081001805503,1.71931656693712
"308",79,"vision",1.19730607997695,0.700020126883389,0.584662634384071
"309",80,"memory",1.55337863166011,1.69438706086872,1.09077531152718
"310",80,"Calories",0.965824793478338,1.15561785258177,1.19650878749955
"311",80,"GDP",0.57644721596605,1.40182773294597,2.43184058161629
"312",80,"vision",1.04162106423373,1.031571011649,0.990351527124576
"313",81,"memory",1.19317509340217,1.15972939916775,0.971969164945389
"314",81,"Calories",0.743493274059231,1.41787635079058,1.90704664085183
"315",81,"GDP",0.887824113208712,0.81906650945357,0.922554926440731
"316",81,"vision",1.07606143541387,0.890686827385851,0.827728601799842
"317",82,"memory",1.58662729365967,1.67848666323214,1.05789599733948
"318",82,"Calories",0.843324352101702,0.766106587689279,0.908436458380476
"319",82,"GDP",0.746140127267888,1.72367570035102,2.31012330976293
"320",82,"vision",0.959880724710107,1.07143130950508,1.11621296471878
"321",83,"memory",1.75000212388549,1.85194615769886,1.05825366290815
"322",83,"Calories",0.872434687611406,1.00277135194446,1.14939417951147
"323",83,"GDP",0.686793517908148,1.35535793804721,1.97345767353104
"324",83,"vision",1.02378219128192,0.52570038171849,0.513488499990644
"325",84,"memory",1.05104015221478,1.09355022198609,1.04044571435423
"326",84,"Calories",0.817620310889164,-0.0463103542962737,-0.0566404157033612
"327",84,"GDP",0.757356279761312,1.48635367673861,1.96255542663097
"328",84,"vision",1.02262941109095,0.364079812190311,0.356023216466958
"329",85,"memory",1.49826317733422,1.64582113604975,1.09848600763056
"330",85,"Calories",0.879593492945048,0.837000174881234,0.951576133287204
"331",85,"GDP",0.807804972815701,0.465902737265515,0.576751509267832
"332",85,"vision",0.968888814566579,0.871643429921007,0.899632049432758
"333",86,"memory",1.8132790845618,2.08457569929716,1.14961657973402
"334",86,"Calories",0.892497660080933,0.290702788717018,0.325718264281675
"335",86,"GDP",0.765726824320245,0.842247004621181,1.09993143490678
"336",86,"vision",0.869995388906083,1.14454317421197,1.31557383959368
"337",87,"memory",1.3877030290168,1.44225664627604,1.0393121699085
"338",87,"Calories",1.03219875913352,0.487093156996368,0.471898607401213
"339",87,"GDP",0.785953677741059,0.566215003694692,0.720417779991912
"340",87,"vision",1.15782976957846,0.215307679636873,0.18595797525163
"341",88,"memory",0.257424811387226,0.80696814937524,3.13477222738012
"342",88,"Calories",0.832300983773313,0.207073358154245,0.248796243416004
"343",88,"GDP",0.830620074194051,0.973545828210553,1.17207115317455
"344",88,"vision",0.935021110915725,0.635889832077927,0.680080721872857
"345",89,"memory",-0.0508405395393613,0.0726790673809874,-1.42954949021968
"346",89,"Calories",0.697688783477481,0.560130715050273,0.802837494761519
"347",89,"GDP",0.637414019469304,0.544965300044473,0.85496283953434
"348",89,"vision",0.869451518361014,0.711354114796795,0.818164210165226
"349",90,"memory",0.966759218103926,1.00748113179334,1.04212208472062
"350",90,"Calories",0.94680846732621,0.516735228438475,0.545765322418099
"351",90,"GDP",0.853087527837093,1.00193643357838,1.17448257169892
"352",90,"vision",0.938440053973766,0.913881142171717,0.973830068635651
"353",91,"memory",1.68326221569846,1.66269301166411,0.987780154605434
"354",91,"Calories",0.821302817021319,0.881824265951835,1.07368956696145
"355",91,"GDP",0.738342469382121,0.737612740847065,0.999011666583846
"356",91,"vision",1.00010910594694,0.979180773614739,0.979073950824208
"357",92,"memory",2.08340554430583,2.94488077180286,1.41349377698045
"358",92,"Calories",0.872010887074277,0.513865431841877,0.589287862638929
"359",92,"GDP",0.904791270566365,1.0872943008927,1.20170732882081
"360",92,"vision",1.20045756810284,0.697068541668851,0.58066903836549
"361",93,"memory",0.95439520908354,1.27810041617243,1.33917312661254
"362",93,"Calories",0.841032717359196,1.09681555366177,1.30412947204447
"363",93,"GDP",0.80226614792579,0.20748486083967,0.258623477228984
"364",93,"vision",0.825731596832952,0.842727642034451,1.0205830142224
"365",94,"memory",2.04483022685798,1.76469905081031,0.863005166703687
"366",94,"Calories",0.934522640633734,1.12755046102237,1.20655232093439
"367",94,"GDP",0.67579597874367,1.19244073061405,1.76449811499447
"368",94,"vision",1.03894612953421,1.02784763020516,0.989317541099046
"369",95,"memory",1.1596091265327,1.31074682921373,1.13033504068129
"370",95,"Calories",0.87631449629312,0.356901847506048,0.407275982556229
"371",95,"GDP",0.541158913609848,0.914929035577579,1.69068458925395
"372",95,"vision",1.00584336037385,1.34960707165922,1.34176664561129
"373",96,"memory",1.44515134937398,1.20955633678718,0.836975543987929
"374",96,"Calories",0.795223412945942,-0.113153852440311,-0.14229190262536
"375",96,"GDP",0.860727534802696,1.20479286929715,1.3997378038723
"376",96,"vision",1.02756275244895,0.929302761307277,0.904375678363687
"377",97,"memory",1.83860529393527,1.85860858999079,1.01087960320875
"378",97,"Calories",0.767219717881252,0.412067731430259,0.537092206869008
"379",97,"GDP",0.689423120033977,1.32280244666317,1.91870914714606
"380",97,"vision",0.986269825865898,0.643096204114574,0.652048949738441
"381",98,"memory",0.973549610217159,1.33809304279166,1.37444772074141
"382",98,"Calories",0.858836131114325,0.705347660595579,0.821283170376638
"383",98,"GDP",0.907501251861611,1.57326203487493,1.73361968553498
"384",98,"vision",0.873343775810802,0.82206323263267,0.941282522875343
"385",99,"memory",0.905802700786856,1.22468073014342,1.35203916822014
"386",99,"Calories",0.883260300252358,0.931618079890678,1.0547491827998
"387",99,"GDP",0.650980488539822,1.15108120444615,1.76822688960782
"388",99,"vision",1.17077727329562,0.527166962143162,0.450270921863081
"389",100,"memory",1.86292639281549,2.49709514219465,1.34041535501611
"390",100,"Calories",0.783790910816321,0.197195719966808,0.251592251511858
"391",100,"GDP",0.551117558714084,1.30652583206232,2.37068445997406
"392",100,"vision",0.954332185672082,1.26884573280728,1.32956401539963
"393",101,"memory",1.01641239551801,1.2609490558705,1.24058803437542
"394",101,"Calories",0.823531725296674,0.686612835269988,0.833741814891999
"395",101,"GDP",0.922142986672651,1.08571558108531,1.17738311387356
"396",101,"vision",0.860734042378335,0.538249684767635,0.625337976967162
"397",102,"memory",1.3491033136677,1.94210395635165,1.43955169087222
"398",102,"Calories",1.00210224879743,1.3629052611995,1.3600461059089
"399",102,"GDP",0.697970845612281,0.550591190897323,0.788845543275276
"400",102,"vision",1.03062519973465,0.791081326808264,0.767574213217318
"401",104,"memory",1.29654696322043,1.30647003093245,1.00765345798765
"402",104,"Calories",0.893259656837649,1.10792537719495,1.24031726801283
"403",104,"GDP",1.04661165264842,1.03079071914253,0.984883663901648
"404",104,"vision",1.18366153626623,0.46123324967446,0.389666501396492
"405",105,"memory",1.35564792974883,1.96522151779624,1.44965479212612
"406",105,"Calories",0.760764111891151,1.17228789347603,1.5409347985171
"407",105,"GDP",0.929458851224367,0.691982947845802,0.744500896337971
"408",105,"vision",0.968273848451509,0.822762391924246,0.849720761580033
"409",106,"memory",1.22349066305143,1.12107015688946,0.916288281345337
"410",106,"Calories",0.842733841953025,0.112356065320801,0.13332331007429
"411",106,"GDP",0.757585442394463,0.599909809633902,0.791870825471245
"412",106,"vision",1.19597758080519,1.40163327821787,1.17195614760122
"413",107,"memory",0.896712752793653,0.812410006067094,0.905986898854824
"414",107,"Calories",0.834204818715277,-0.0604034531325373,-0.0724084203032561
"415",107,"GDP",0.663538892486707,0.590394102812242,0.889765633178871
"416",107,"vision",1.02839390432155,0.885798533028224,0.86134167978427
"417",109,"memory",1.72736803718924,2.22711507349521,1.28931126751607
"418",109,"Calories",0.76677710055796,1.08971171585457,1.42115839800331
"419",109,"GDP",0.833559406388536,1.25675857921228,1.50770127429464
"420",109,"vision",0.862298890070849,1.09392755553776,1.26861760827255
"421",110,"memory",1.19705149543289,1.32607585034676,1.10778513322621
"422",110,"Calories",0.59361711293338,0.242700641742149,0.408850480308486
"423",110,"GDP",0.690295902403906,1.1678841974824,1.69186024922838
"424",110,"vision",0.983710746983684,0.801743894807934,0.81501996116876
"425",111,"memory",1.23426896102533,1.50160655612526,1.21659589890185
"426",111,"Calories",0.8736208148799,1.27816295394933,1.46306375967592
"427",111,"GDP",0.781510703582769,0.853687705368545,1.0923557431202
"428",111,"vision",0.921592846214955,0.886193952265644,0.961589443652155
"429",112,"memory",1.84360404468813,1.60673349527623,0.87151766666255
"430",112,"Calories",0.859468786377056,0.741247679152226,0.862448632110107
"431",112,"GDP",0.605193594477685,0.958462604802993,1.583728931616
"432",112,"vision",0.838899638300238,0.318978503776355,0.380234403751398
"433",113,"memory",1.28196504481541,1.52923239055741,1.19288150386159
"434",113,"Calories",0.7951889396745,0.864096981652676,1.08665618765571
"435",113,"GDP",0.718398900216153,1.40402489801144,1.95438063391939
"436",113,"vision",1.07094652008214,1.51080120644119,1.41071582764499
"437",114,"memory",1.17290358375304,1.82567974231259,1.55654716005795
"438",114,"Calories",0.763381972094917,0.842374677139401,1.1034772996115
"439",114,"GDP",0.857371094061316,0.884523575306234,1.03166946195526
"440",114,"vision",0.904049690879603,0.711968174285673,0.787532125134579
"441",115,"memory",0.850740398541546,0.532513668566824,0.625941438163429
"442",115,"Calories",0.837972479237099,0.930583759516516,1.11051828380299
"443",115,"GDP",0.574480277880035,1.87419012570857,3.26240986483429
"444",115,"vision",1.10359977562828,0.531589360787289,0.481686724233568
"445",116,"memory",0.908477921108815,1.34895236960416,1.48484882049499
"446",116,"Calories",0.725111279528245,0.480395448107418,0.662512722764375
"447",116,"GDP",0.857530946611009,0.93098832698968,1.08566149206507
"448",116,"vision",1.04199417632816,0.884929213014672,0.84926502769242
"449",117,"memory",1.39242961349747,2.03957653713854,1.46476095981296
"450",117,"Calories",1.00096264384959,1.023927375509,1.02294264606229
"451",117,"GDP",0.688042799148611,1.07491554518508,1.56228005948931
"452",117,"vision",0.993034006282425,1.52222162480973,1.53289979515243
"453",118,"memory",1.78441585794644,1.88648098397545,1.05719806040418
"454",118,"Calories",0.763130652684739,0.137317380886641,0.179939542991164
"455",118,"GDP",0.896330231476363,0.780400798722563,0.870662141381921
"456",118,"vision",0.813627998790019,0.96887952057874,1.19081388794339
"457",119,"memory",1.32429510242988,1.51588328053192,1.14467181653885
"458",119,"Calories",0.78790168111179,0.417554406973788,0.529957502292147
"459",119,"GDP",0.740908842750243,0.698769106248016,0.94312426297167
"460",119,"vision",1.12643650698394,0.73518928969872,0.652668202016294
"461",120,"memory",1.44651824547512,2.12607832185554,1.46979018654356
"462",120,"Calories",0.813311868513821,0.72614471897007,0.892824446662714
"463",120,"GDP",0.964516839962905,0.671852600096841,0.696569071953871
"464",120,"vision",0.876119214357601,0.792511783500814,0.904570714251381
"465",121,"memory",0.866572002045542,1.64885245221855,1.90272989241105
"466",121,"Calories",0.895005949599876,0.595339873755633,0.665179794639117
"467",121,"GDP",0.804027548875302,0.656917787547419,0.817033929330326
"468",121,"vision",1.07647191171659,1.45026703970854,1.34724094881016
"469",122,"memory",1.51780689546086,1.76376514112111,1.16204844397255
"470",122,"Calories",0.950241961006998,1.04123845593977,1.09576139411518
"471",122,"GDP",0.926260006856428,1.1536089659254,1.24544831622447
"472",122,"vision",1.03259583046885,0.990596156804626,0.959326125067581
"473",123,"memory",0.462365972348435,0.466376053781418,1.00867295967438
"474",123,"Calories",0.953799345003029,0.35955509596891,0.376971422608566
"475",123,"GDP",0.819301380015687,1.22168319541719,1.49112796001124
"476",123,"vision",0.97924717257026,0.613813016063569,0.626821330974564
"477",124,"memory",1.03509666859569,1.402361972699,1.35481256509266
"478",124,"Calories",0.80145350754259,1.10521937815584,1.37901870508328
"479",124,"GDP",0.917011233758687,0.891018599797006,0.971655053935226
"480",124,"vision",1.03033117193107,1.10987617207801,1.07720333259243
"481",125,"memory",1.52377090810271,1.61319578900323,1.05868656529994
"482",125,"Calories",1.02725764607752,1.24583448154221,1.21277703436845
"483",125,"GDP",0.713318514266577,0.918504024915737,1.28764921496553
"484",125,"vision",1.08702515427304,1.16325769882724,1.07012951287699
"485",126,"memory",1.44402986214477,1.36156537398259,0.942892809682134
"486",126,"Calories",0.642515586733167,0.751895619013974,1.170237165509
"487",126,"GDP",0.870362637029796,0.294566190432544,0.338440757794685
"488",126,"vision",0.933499003226086,0.26707115046126,0.286096878023744
"489",127,"memory",0.888428472368825,1.20564393321896,1.35705233534934
"490",127,"Calories",0.944944288383968,1.27046282176581,1.34448436525135
"491",127,"GDP",0.840236043725444,1.33975842021366,1.59450243799758
"492",127,"vision",0.993714013205721,0.730076392978815,0.73469467399739
"493",128,"memory",1.52515022879373,1.89605556854867,1.24319265915745
"494",128,"Calories",0.858047147538024,0.860820170516174,1.00323178392482
"495",128,"GDP",0.619192735619924,0.610056510822054,0.985244941885951
"496",128,"vision",1.04292782168133,1.37949530509844,1.32271407130987
"497",129,"memory",1.55800243235331,1.51908037461583,0.975017973701945
"498",129,"Calories",1.00566821931856,1.26781479795049,1.26066904929099
"499",129,"GDP",0.732285683471075,1.11278736737823,1.51960825193736
"500",129,"vision",0.855110045878796,0.795137825203898,0.929866078683166
"501",130,"memory",2.03806927712861,1.86924319868699,0.917163719439666
"502",130,"Calories",0.793289799286646,0.772090931320124,0.973277271451637
"503",130,"GDP",0.872413278932389,0.84507980654584,0.968669123858364
"504",130,"vision",1.00505872870372,0.507599565570205,0.505044681543021
"505",132,"memory",1.86788252827522,1.45928494828756,0.781250922473722
"506",132,"Calories",0.822559757469301,1.04885103409592,1.27510618477475
"507",132,"GDP",0.807923058824688,0.963731083178494,1.19285007730868
"508",132,"vision",0.877782794535914,1.01519143895405,1.15654059896536
"509",133,"memory",0.79515243153218,1.62658493034603,2.04562655642235
"510",133,"Calories",0.859885984543655,0.945931764808942,1.10006649929403
"511",133,"GDP",0.878503999278457,0.7648628305618,0.870642400250887
"512",133,"vision",0.973060938254632,0.993035835773329,1.0205278998811
"513",134,"memory",1.39110292013165,1.6712283840899,1.2013693306975
"514",134,"Calories",1.02092862435387,0.586389912313399,0.574369156006881
"515",134,"GDP",0.904540254439184,1.53203792642179,1.6937200073773
"516",134,"vision",0.90193325376068,0.213489693825028,0.236702320193724
"517",135,"memory",1.58238110138532,1.05388167115369,0.666010021372888
"518",135,"Calories",0.942835666643866,0.756566055537441,0.802436821498837
"519",135,"GDP",0.649009282730354,1.07239287923738,1.65235368395021
"520",135,"vision",1.01631176672973,0.825402616825597,0.812154934977837
"521",136,"memory",1.56825979588919,2.00896800472633,1.28101734801361
"522",136,"Calories",0.884545581909636,1.46222906120249,1.65308503157711
"523",136,"GDP",0.829437002281727,1.21414833732026,1.46382224807938
"524",136,"vision",1.04660255531383,0.378570944989575,0.361714141693509
"525",137,"memory",1.21204202914231,0.768589743701792,0.634127963570434
"526",137,"Calories",0.943202128519382,0.611868710142796,0.64871430167709
"527",137,"GDP",0.899221478205286,0.383572310200465,0.426560440889401
"528",137,"vision",1.13829606409645,0.935231478585609,0.821606529341705
"529",138,"memory",1.02989508142288,1.08877314257444,1.05716898955398
"530",138,"Calories",0.763207428861505,0.219018523840936,0.286971163485202
"531",138,"GDP",0.528914185900465,1.270047557612,2.40123557179653
"532",138,"vision",0.983504329326539,0.843518283250654,0.857666060126302
"533",139,"memory",1.4598614200245,1.60576056101221,1.09994040460722
"534",139,"Calories",0.858865492041356,0.51837451710047,0.603557276318548
"535",139,"GDP",0.678861090575595,1.72340720869537,2.53867430704288
"536",139,"vision",1.13131621987284,1.09921162614871,0.9716219098072
"537",140,"memory",1.56682115681555,1.54957286395953,0.988991536921114
"538",140,"Calories",0.902061530452978,0.814629581419778,0.903075404413604
"539",140,"GDP",0.834283815617433,1.34184499794444,1.60837951405227
"540",140,"vision",1.02096126394129,0.952158198735327,0.932609524341447
"541",141,"memory",0.737741158481272,1.12883703381865,1.53012614362264
"542",141,"Calories",0.727809648447861,0.666082809323435,0.915188209917159
"543",141,"GDP",0.82009708226962,1.29351812091448,1.5772743848017
"544",141,"vision",0.92661702659624,0.71897756526467,0.775916635058719
"545",142,"memory",0.717893602216687,1.06952210179921,1.48980586885964
"546",142,"Calories",0.694079161625346,0.965090821413293,1.3904621760338
"547",142,"GDP",0.828961293818693,0.890643830272878,1.07440942890112
"548",142,"vision",1.03727537939036,1.62464696660655,1.56626388602939
"549",143,"memory",1.40596451615086,1.85798448967101,1.32150169391021
"550",143,"Calories",0.889448398119105,0.29325052341107,0.329699310304229
"551",143,"GDP",0.718001670263408,1.01047377731641,1.40734181989536
"552",143,"vision",1.0015323917904,0.647998111344987,0.647006643675884
"553",144,"memory",1.40925371561444,1.35218264073757,0.959502625932773
"554",144,"Calories",0.737644690608051,1.02901789054351,1.39500480874509
"555",144,"GDP",0.727286342156041,0.902770420182354,1.24128609029848
"556",144,"vision",0.906266351533605,1.07343444941702,1.18445802119932
"557",145,"memory",1.41794605894745,1.13664320436774,0.801612443008925
"558",145,"Calories",0.803019357995996,0.52284534723173,0.651099306667445
"559",145,"GDP",0.884635671734613,0.864892571335252,0.977682224411493
"560",145,"vision",0.984979397349199,0.758550818952643,0.770118462369948
"561",146,"memory",0.971900520973133,1.25662971677479,1.29296125442609
"562",146,"Calories",0.905545761196497,0.883112562575612,0.975226874684672
"563",146,"GDP",0.768553106835487,1.53217495618701,1.99358371277131
"564",146,"vision",1.00844194454066,0.873486842297482,0.866174643990388
"565",147,"memory",1.01953764018796,1.76519363181797,1.73136681004984
"566",147,"Calories",0.734507574882319,1.42333134654892,1.93780349614088
"567",147,"GDP",0.827841589980137,0.938615375583878,1.13381036534586
"568",147,"vision",0.991642260942655,0.894419132425041,0.901957457495615
"569",148,"memory",1.41786608805447,1.32243632633,0.932694799227893
"570",148,"Calories",0.947799157413645,1.01849762720928,1.07459224799119
"571",148,"GDP",0.733235012841133,1.52209303792514,2.07585973292157
"572",148,"vision",0.899092039446248,0.585527740685737,0.651243382208527
"573",149,"memory",1.83436657682133,1.8893509435838,1.0299745794855
"574",149,"Calories",0.741618424600979,0.916224267602231,1.23543892277919
"575",149,"GDP",0.81561091270265,0.922967456111247,1.13162715424301
"576",149,"vision",0.887724329139729,0.589676183080359,0.664255967448588
"577",150,"memory",1.28935587069969,1.51136805598917,1.17218844721978
"578",150,"Calories",0.806354225937431,1.17480608275172,1.45693548190429
"579",150,"GDP",0.613609076561029,1.17357506342071,1.9125777441201
"580",150,"vision",1.06521567646585,-0.104443441794798,-0.0980491032025729
"581",151,"memory",1.45207943463353,1.91073182285608,1.31585902071418
"582",151,"Calories",0.877514394169277,1.32784658178236,1.51319065602269
"583",151,"GDP",0.726681477929829,0.954691614198264,1.3137690214948
"584",151,"vision",0.901927503654823,0.17128308594355,0.18990781991842
"585",152,"memory",1.21718851170693,1.64595420511391,1.35225907021231
"586",152,"Calories",0.863514833105046,0.801165164274053,0.927795486029124
"587",152,"GDP",0.721490707474093,0.98761264544865,1.36885012546626
"588",152,"vision",1.05277482197838,0.664555660318852,0.63124197733948
"589",153,"memory",1.91646389680433,2.30233018038972,1.2013428399193
"590",153,"Calories",0.776534279881002,0.0810239124527883,0.104340419414845
"591",153,"GDP",0.835449071443057,1.52952893772424,1.83078656737545
"592",153,"vision",1.08642723055736,1.23746000671405,1.13901784851178
"593",154,"memory",1.54935793002531,1.69263700827566,1.09247642231257
"594",154,"Calories",0.541745631962305,0.806648566612266,1.48898028709605
"595",154,"GDP",0.914846878264896,0.538263778762645,0.588364885480638
"596",154,"vision",0.91611074552039,1.17593019200161,1.28361139496692
"597",155,"memory",1.94453404096966,2.49383200845316,1.28248308124736
"598",155,"Calories",0.587144333924083,1.43496086441518,2.4439661280981
"599",155,"GDP",0.944498145011652,0.95348030189683,1.009509978323
"600",155,"vision",0.928192766823878,1.37904880789014,1.48573535280717
"601",156,"memory",1.17628150210848,1.35802225313828,1.15450447082951
"602",156,"Calories",0.822401009455235,0.800553546742399,0.973434538063969
"603",156,"GDP",0.714045944398087,0.195638665469598,0.273986102721322
"604",156,"vision",0.89797035337493,0.277287896910888,0.308794044111512
"605",157,"memory",1.37529751347609,1.44935275998422,1.05384671009907
"606",157,"Calories",0.8330522110763,0.765592957213504,0.919021577560379
"607",157,"GDP",0.759082364976471,1.35555928341968,1.78578682098838
"608",157,"vision",0.971866482062113,0.763051169157894,0.785139917099359
"609",158,"memory",1.22878007881743,1.3144220986521,1.06969678407961
"610",158,"Calories",0.984609799327841,1.08476927467642,1.10172504419208
"611",158,"GDP",0.744022749902913,1.05778222739648,1.42170683293556
"612",158,"vision",1.10595708454956,0.936521497253886,0.846797321828554
"613",159,"memory",2.08625878163945,1.79692341808142,0.861313770801405
"614",159,"Calories",0.883045373381495,0.73953321445713,0.837480424845208
"615",159,"GDP",0.743539715722061,1.05794108967411,1.42284408929888
"616",159,"vision",0.856501241301627,0.475584174470643,0.555263847309663
"617",160,"memory",1.02983514056115,1.6861048479573,1.63725705362759
"618",160,"Calories",0.834867644933436,0.807168058798713,0.966821583872816
"619",160,"GDP",0.82244227513949,1.33229861191794,1.61992963176896
"620",160,"vision",1.03095010386009,-0.242756333229752,-0.235468556936774
"621",161,"memory",0.913341133499028,0.774747792183808,0.848256761650199
"622",161,"Calories",0.679502914640951,0.224491070470662,0.330375434208818
"623",161,"GDP",0.639618611103264,0.686189393959651,1.07281023730072
"624",161,"vision",1.02012972451512,0.254620647530025,0.249596341927052
"625",162,"memory",1.42682900112241,1.41600971114683,0.992417248340853
"626",162,"Calories",0.851693706254026,1.39452763522636,1.63735815468199
"627",162,"GDP",0.698734718423632,1.07748640604094,1.54205362583354
"628",162,"vision",0.961502757976918,0.539029696217928,0.560611700534371
"629",163,"memory",1.02741675123647,0.98278701964125,0.956561218666616
"630",163,"Calories",0.905381666296497,0.865420245275979,0.955862347882544
"631",163,"GDP",0.646189637736194,0.504570111560406,0.780839063479993
"632",163,"vision",1.16273436503053,0.486455170640754,0.418371715218015
"633",164,"memory",1.10154350118836,1.17403693982729,1.06581078147229
"634",164,"Calories",0.810772537210612,0.333185561013002,0.410948257028162
"635",164,"GDP",0.782942542422677,0.861905033556122,1.1008534941646
"636",164,"vision",0.927283574898952,-0.0164770641286733,-0.0177691750125832
"637",165,"memory",1.4378517057242,1.72954192517726,1.20286530126286
"638",165,"Calories",0.718234858398739,0.827795605056081,1.15254167265232
"639",165,"GDP",0.75433080479781,0.656380205804426,0.870149013708066
"640",165,"vision",1.07950300310785,1.44499943559384,1.33857843047564
"641",166,"memory",1.31864057985264,1.47890760567119,1.12153958270908
"642",166,"Calories",0.883333124379674,0.789925896483415,0.894255943405434
"643",166,"GDP",0.919343839725812,0.792740660114683,0.862289630777438
"644",166,"vision",0.879894693827514,0.501054964045864,0.569448784679324
"645",168,"memory",1.1125074998374,1.30974301255154,1.17728915332524
"646",168,"Calories",0.697080057746333,0.79096289444766,1.13468013559999
"647",168,"GDP",1.11880919026507,0.912394274884502,0.815504808883752
"648",168,"vision",0.939731911115424,0.790180433943797,0.840857296211092
"649",169,"memory",1.31378178133104,1.07384269100689,0.817367622436463
"650",169,"Calories",0.800144043031233,1.09026779164359,1.36258940017007
"651",169,"GDP",0.935692581369087,0.885763063737595,0.946638972429988
"652",169,"vision",0.933988891072791,0.475650074260899,0.509267378667172
"653",170,"memory",1.26263538941001,1.05483047391415,0.835419696581641
"654",170,"Calories",0.924156189667939,1.12118842636839,1.21320231244813
"655",170,"GDP",0.759198628043499,0.700167263195267,0.922245163956158
"656",170,"vision",1.02630412343284,0.615986693366497,0.600198985176159
"657",171,"memory",0.545169515766755,1.00481345988264,1.84312114089764
"658",171,"Calories",0.858109587399835,0.659160534977464,0.768154259847849
"659",171,"GDP",0.559208084927953,1.07524939815034,1.92280731829704
"660",171,"vision",0.953195911026225,-0.0630228138440459,-0.066117377461465
"661",172,"memory",1.09125139055791,1.62374811250301,1.48796888283721
"662",172,"Calories",0.693485706867025,0.678505933878598,0.978399305364055
"663",172,"GDP",0.594325220555096,1.14437321888652,1.92550001128622
"664",172,"vision",1.17918292515048,0.868599021041573,0.736610921440139
"665",173,"memory",1.59264359699218,2.16936332600344,1.36211474437873
"666",173,"Calories",0.691784606501386,0.666989247979847,0.964157400600545
"667",173,"GDP",0.635408058888766,1.33934203711842,2.10784553072985
"668",173,"vision",1.01533479032841,0.659458332715812,0.649498410768047
"669",175,"memory",2.01979494408675,1.7443771767806,0.863640728425192
"670",175,"Calories",0.868638547202049,0.0652557047063848,0.0751241179850681
"671",175,"GDP",0.9707799274864,1.15010460579832,1.18472227662993
"672",175,"vision",0.965058048752655,0.261534348107817,0.27100374785315
"673",174,"memory",1.30619717740566,1.00288799123208,0.767792189862177
"674",174,"Calories",0.888450511813536,0.528649599397533,0.595024249936482
"675",174,"GDP",0.91810051760687,0.806958688050681,0.8789437241078
"676",174,"vision",0.94871590554693,1.36897019438514,1.44297169087298
"677",176,"memory",1.62087508612062,1.86113227611487,1.14822683873147
"678",176,"Calories",0.786946363468743,0.247331333341285,0.314292491614149
"679",176,"GDP",0.800395325064843,0.993097578455389,1.24075884423105
"680",176,"vision",1.07330277597189,0.547039081967063,0.509678251294664
"681",177,"memory",1.34833370382927,1.84271724162068,1.36666259723936
"682",177,"Calories",0.953415286939337,1.10363377016759,1.15755829100505
"683",177,"GDP",0.54759205298141,0.766661862895757,1.40006024324423
"684",177,"vision",0.9794325450347,0.527885035876566,0.5389702828977
"685",178,"memory",0.930334158323787,1.69272457257287,1.81948019152893
"686",178,"Calories",0.859523150547761,0.254673956583637,0.296296797150068
"687",178,"GDP",0.851770540186577,1.00424544391052,1.17900936523414
"688",178,"vision",0.977742241805931,1.19247110143856,1.21961704266353
"689",179,"memory",1.27751249539612,1.09241318555257,0.855109589526045
"690",179,"Calories",0.754937206843556,1.0545650221708,1.3968910428723
"691",179,"GDP",1.08689183124774,1.16596552923735,1.07275213201192
"692",179,"vision",0.910491563068784,0.876619001712537,0.962797501118978
"693",180,"memory",1.21777039522436,1.89780280709372,1.55842416151369
"694",180,"Calories",0.945880322761547,0.811175504890594,0.857587884397811
"695",180,"GDP",0.906093856927815,0.892790856727934,0.985318297769962
"696",180,"vision",1.12414104393186,1.12516787610488,1.00091343713367
"697",181,"memory",0.994408448720338,1.23367068325542,1.24060760429276
"698",181,"Calories",0.750351517816959,0.808424761574433,1.07739471751377
"699",181,"GDP",0.789072304018042,1.30450704989627,1.65321611625903
"700",181,"vision",1.27350533246441,0.468764328074078,0.368089803885592
"701",182,"memory",0.896719834791097,1.11050824816002,1.23841160312767
"702",182,"Calories",0.78164739208807,0.737964330926669,0.944114108735517
"703",182,"GDP",0.862434914003297,1.26980576752998,1.47234967753767
"704",182,"vision",1.14451458716277,1.13178183479145,0.988874975894465
"705",183,"memory",1.53002685451044,1.81423868873064,1.18575610838618
"706",183,"Calories",0.888803239367634,1.08077682688362,1.21599109793138
"707",183,"GDP",0.923264392847633,0.789830595322089,0.855476071037471
"708",183,"vision",1.01254193480304,0.0611494035217866,0.0603919713544325
"709",184,"memory",1.33669289499145,2.05311368019305,1.53596513296809
"710",184,"Calories",0.961360383731169,1.2734069769192,1.32458857101739
"711",184,"GDP",0.85132384637666,1.95399818305416,2.29524662250519
"712",184,"vision",1.02955231723208,1.36150785494621,1.32242707063842
"713",185,"memory",1.36194786041317,1.6883864186712,1.23968506265651
"714",185,"Calories",0.93188327629702,0.809354689620597,0.868515092186965
"715",185,"GDP",0.765175929871019,0.853443229963423,1.11535556287988
"716",185,"vision",1.06576865924663,2.37184443739405,2.22547774961845
"717",186,"memory",1.9479020480393,1.85238160788006,0.950962400673385
"718",186,"Calories",0.93015894176083,1.3176785282136,1.41661652547163
"719",186,"GDP",0.701418589854462,0.0411267274087545,0.0586336433103205
"720",186,"vision",1.04912917538468,0.166971401648343,0.15915237662428
"721",187,"memory",0.801073605342202,1.02179385793645,1.27553055190224
"722",187,"Calories",0.623201539318202,0.459054219841491,0.736606363879826
"723",187,"GDP",0.532398526416248,0.929525770894614,1.74592100611465
"724",187,"vision",0.952713545627296,0.666751616741575,0.699844795743474
"725",188,"memory",0.487928232047367,0.906076520205948,1.85698727946939
"726",188,"Calories",0.753634903779584,1.27500478060885,1.69180696676139
"727",188,"GDP",0.978912334500936,1.04029706929996,1.06270708074214
"728",188,"vision",1.07950300310785,1.34936013796352,1.24998275510004
"729",189,"memory",1.12490977367409,1.15115476283314,1.02333075040617
"730",189,"Calories",0.986770677139009,0.0899115027474409,0.0911169178720689
"731",189,"GDP",0.722783101238489,0.799936088679302,1.10674431556107
"732",189,"vision",1.04906673490013,0.688594557788628,0.656387753877432
"733",190,"memory",1.19344529292201,1.2250037684767,1.02644316898466
"734",190,"Calories",0.818681824016905,0.813517985702189,0.993692496690131
"735",190,"GDP",0.812576395721289,0.858533728305833,1.05655755302091
"736",190,"vision",1.12588980139359,0.856602619109138,0.760822789271975
"737",191,"memory",1.67800083020031,1.73781727405576,1.03564744592427
"738",191,"Calories",0.729982972792166,0.826845674923354,1.13269172808331
"739",191,"GDP",1.03233243495955,1.60706792292005,1.55673489323526
"740",191,"vision",1.03177627584325,1.33552218404457,1.2943912506159
"741",192,"memory",1.0992189862024,1.77596007273806,1.61565629326844
"742",192,"Calories",0.865123040671451,0.479531742725351,0.554293112287439
"743",192,"GDP",0.786142241461044,1.33204784992373,1.69441073087247
"744",192,"vision",1.14034231772203,1.31176095678829,1.15032208872919
"745",193,"memory",0.852139479322509,1.45552023125056,1.70807745277541
"746",193,"Calories",0.855719472950246,0.462864793897559,0.540907164706385
"747",193,"GDP",0.833510817233444,1.19120614938154,1.42914299940983
"748",193,"vision",1.09864520255998,1.27790497846111,1.16316439145543
"749",194,"memory",1.37503767549958,1.38188782021717,1.0049817869282
"750",194,"Calories",0.679068003279555,0.528445769395577,0.778192709483368
"751",194,"GDP",0.900427878260622,0.552245889396244,0.613314961397053
"752",194,"vision",1.26041471744957,1.71877964072973,1.36366198913296
"753",195,"memory",0.515599670496668,0.614157608170427,1.19115205713537
"754",195,"Calories",0.933304343346542,0.612437697137871,0.656203629077583
"755",195,"GDP",0.82977260285897,1.40377460794647,1.69175820352442
"756",195,"vision",1.08695922122761,0.573262072701593,0.527399797072565
"757",196,"memory",0.783667949553992,1.26841098005867,1.61855666137751
"758",196,"Calories",0.833790621637377,0.942528837442351,1.13041429464802
"759",196,"GDP",0.912041181689773,1.45152334631931,1.59151075133473
"760",196,"vision",1.13922261172635,0.81847951663717,0.718454416382118
"761",197,"memory",1.19295564264681,1.04070029476682,0.872371325104609
"762",197,"Calories",0.850516547656817,1.07862761672701,1.26820297582527
"763",197,"GDP",0.600023966849819,0.315381065180379,0.525614113109778
"764",197,"vision",0.999475275259252,0.723855223930465,0.724235248083256
"765",198,"memory",1.60849578233922,1.41095661896239,0.877190126610373
"766",198,"Calories",0.80325793632248,0.735684048248393,0.915875231331722
"767",198,"GDP",0.980886515643188,1.57999955191541,1.61078730996661
"768",198,"vision",1.24170182938621,1.10782502115742,0.892182805033819
"769",199,"memory",0.918246568700462,1.09057851169055,1.18767501983043
"770",199,"Calories",0.877338274371079,1.09616890912556,1.24942561056208
"771",199,"GDP",1.04017156821002,0.531685141444527,0.51115138857283
"772",199,"vision",0.904606921703751,0.507722663638881,0.56126329730335
"773",200,"memory",1.55697324141793,1.50265706102261,0.965114249268756
"774",200,"Calories",0.832375304626255,0.357391396169,0.429363286227566
"775",200,"GDP",0.528399301498655,1.27538426585643,2.41367515482924
"776",200,"vision",0.919845973328028,0.529296652032368,0.575418784644301
"777",201,"memory",1.07229763607547,1.29808824256044,1.21056710272284
"778",201,"Calories",0.921847317791798,0.526672382663445,0.571322791202605
"779",201,"GDP",0.826675861064204,1.10107774035803,1.33193406535493
"780",201,"vision",0.899390423014911,1.08251459998324,1.20360921384338
"781",202,"memory",1.30785575029505,1.49731283072376,1.14486083835008
"782",202,"Calories",0.756655840750897,0.409860037065511,0.541672997143285
"783",202,"GDP",0.706882453954291,0.741982304135574,1.04965443686561
"784",202,"vision",0.998611082853171,0.664559839956683,0.665484142292856
"785",203,"memory",1.75179723041114,2.26608763801878,1.29357873084829
"786",203,"Calories",0.810671763813188,0.588278632041795,0.72566809194721
"787",203,"GDP",0.882422242675855,0.797950213961448,0.904272552720051
"788",203,"vision",0.909105372222303,0.245712923637608,0.270279915998037
"789",204,"memory",1.37003374348328,1.44117837049082,1.05192910564863
"790",204,"Calories",0.919130448228119,0.843479336447375,0.917692736731132
"791",204,"GDP",0.850380549460154,0.937271781907134,1.10217923317054
"792",204,"vision",1.0058150710671,0.363800946102624,0.361697648571377
"793",205,"memory",2.226670383649,2.00475106437536,0.900335801426542
"794",205,"Calories",0.910273934100002,0.779747832985272,0.856607888872724
"795",205,"GDP",0.862407911584517,1.03620790959187,1.20152876112653
"796",205,"vision",1.09932896017364,0.910474319079172,0.828209164011618
"797",206,"memory",1.68292768660808,1.95069487233015,1.15910795683786
"798",206,"Calories",0.790576942803925,1.5881161636503,2.00880657867121
"799",206,"GDP",0.79832035383798,1.33372433296166,1.67066306971843
"800",206,"vision",0.945621349534742,1.13201297157666,1.19711020921178
"801",207,"memory",0.755530061101033,1.22146883075932,1.61670447497387
"802",207,"Calories",0.60677886958428,0.562002100637032,0.926205787327556
"803",207,"GDP",0.905729968769246,0.609723534095577,0.673184674372762
"804",207,"vision",1.14292972493465,0.853259116413142,0.746554313706321
"805",208,"memory",1.71084401566144,1.44090819700497,0.842220672261512
"806",208,"Calories",0.837177372523631,0.781939640335336,0.934019081258988
"807",208,"GDP",0.724071558384657,0.757495974572368,1.04616175818627
"808",208,"vision",0.969342531221038,1.07151280465642,1.10540162031958
"809",209,"memory",1.81647266909259,1.17655177926788,0.647712348931526
"810",209,"Calories",1.00530685525245,1.21451974072321,1.20810848387005
"811",209,"GDP",1.0115795711601,1.4851477447983,1.46814722948102
"812",209,"vision",1.08475349782886,0.645138165260121,0.594732505174097
"813",210,"memory",0.938636727022005,1.42990348148531,1.52338326460113
"814",210,"Calories",0.72304080219298,-0.16897247304584,-0.233697009260539
"815",210,"GDP",0.96717743858869,1.32423267037691,1.36917241608658
"816",210,"vision",1.07632706468566,0.512873606631319,0.476503493648657
"817",211,"memory",1.91699020247262,2.19970983529708,1.14748100040355
"818",211,"Calories",0.827273190299306,1.32229596461908,1.59837884283507
"819",211,"GDP",0.926325675933216,0.537747947154581,0.580517156250509
"820",211,"vision",1.00309611688138,1.18692461541174,1.18326110074265
"821",212,"memory",0.116838524402433,1.26477553220898,10.8249872092928
"822",212,"Calories",0.918624560966329,1.38600913917727,1.50878737415783
"823",212,"GDP",0.862028203123557,-0.456252501529739,-0.529277928351426
"824",212,"vision",1.11480784340185,0.720199321203998,0.646030009087753
"825",213,"memory",2.41477102555028,2.54211216506686,1.05273425023292
"826",213,"Calories",0.848784556253634,-0.0729796365772067,-0.085981343604229
"827",213,"GDP",0.918884547683282,0.407924706138275,0.443934667490868
"828",213,"vision",1.0979926476705,0.581479970566603,0.52958457581685
"829",214,"memory",0.836309793421786,0.896770067830703,1.07229411264161
"830",214,"Calories",0.729889287160044,0.609610328593087,0.835209310942272
"831",214,"GDP",-1.20100679927683,-0.243357813110344,0.20262817267719
"832",214,"vision",1.22662041124557,0.758741410931245,0.618562518587787
"833",215,"memory",1.92825462066867,2.3682155256045,1.22816535753109
"834",215,"Calories",0.650229790109701,-0.346524239887647,-0.532925813548445
"835",215,"GDP",0.739027302547652,0.871431053754361,1.17915948538068
"836",215,"vision",0.949380100288303,1.03487824347187,1.09005680986741
"837",216,"memory",0.8794255132568,0.813915175724978,0.925507804192289
"838",216,"Calories",0.741864310286063,0.753098597475481,1.01514331803492
"839",216,"GDP",0.701570333699781,0.504076033478547,0.71849679107762
"840",216,"vision",1.01521978884839,0.479969253887627,0.472773737430865
"841",217,"memory",0.131768419053933,0.227514926934227,1.72662712786366
"842",217,"Calories",0.740502285055105,0.529428616499441,0.714958788358152
"843",217,"GDP",1.07423592075959,1.00340879199382,0.934067435842502
"844",217,"vision",1.03873223320007,1.27394382032175,1.2264410207018
"845",218,"memory",0.940635527968635,1.00768331203498,1.07127923842207
"846",218,"Calories",0.881482612791028,0.417509371389792,0.473644477306067
"847",218,"GDP",0.836670549241372,0.29472962631396,0.352264850939474
"848",218,"vision",0.917306515882038,0.684968072252423,0.746716675825409
"849",219,"memory",1.86151752077417,1.99365996391684,1.07098640849091
"850",219,"Calories",0.809089348402018,0.489750729122522,0.605311057536226
"851",219,"GDP",0.867239341217134,1.39907616959745,1.61325265483679
"852",219,"vision",0.783791766841183,0.41205578982662,0.525720997921778
"853",220,"memory",1.37032307148906,1.65390007932774,1.20694171596377
"854",220,"Calories",0.682804553538596,0.733901415177135,1.0748338032805
"855",220,"GDP",1.19406245804106,-0.460208259089202,-0.385413891869781
"856",220,"vision",0.943871628013276,0.776349680085002,0.822516173856306
"857",221,"memory",1.45719691280267,1.70753228665285,1.17179241298879
"858",221,"Calories",0.831494825146234,1.06177907519203,1.27695211453096
"859",221,"GDP",0.70030617384946,1.23618238552886,1.76520275229587
"860",221,"vision",1.03661028564005,1.55738111914091,1.50237860912148
"861",222,"memory",1.49987819539588,1.62940058111668,1.08635526946014
"862",222,"Calories",0.743902929311651,0.345522559085468,0.464472642156669
"863",222,"GDP",0.874982467761048,0.418730269311728,0.478558468015019
"864",222,"vision",1.07502338633022,0.722323218707477,0.671913958237923
"865",223,"memory",1.23570883530676,1.46217392489648,1.18326735483242
"866",223,"Calories",0.827826367164015,0.496895227606415,0.600240880595153
"867",223,"GDP",0.777631453295341,0.264746177390668,0.340451992095694
"868",223,"vision",1.07844893497429,0.501255542472839,0.464793024701524
"869",224,"memory",1.6214981712388,1.92024096152419,1.18423874635465
"870",224,"Calories",1.06344129200811,1.01806784024086,0.957333374105152
"871",224,"GDP",0.607809461095008,0.787474195961702,1.29559384374014
"872",224,"vision",1.06052274027695,0.945480868523608,0.891523427660495
"873",225,"memory",2.3130772665578,2.43291315539482,1.05180799213653
"874",225,"Calories",0.700030152550548,0.95503240239757,1.36427323725689
"875",225,"GDP",0.914628639498668,1.5787779066153,1.72614090400741
"876",225,"vision",1.14947193013835,1.17347657917004,1.0208831972337
"877",226,"memory",1.02659405315201,1.56968162665212,1.52901881891157
"878",226,"Calories",0.747818764928691,0.549811324471072,0.735220016207403
"879",226,"GDP",0.761401623597593,1.39546670815497,1.83276035262631
"880",226,"vision",0.932910412323441,-0.109912170620592,-0.11781642606695
"881",227,"memory",1.23250727543287,1.39588847641831,1.1325600296583
"882",227,"Calories",0.834050689714669,1.0782946187113,1.29284062948283
"883",227,"GDP",0.794274404945355,1.2533411836266,1.57797000107643
"884",227,"vision",1.03872092382365,1.20044789032263,1.15569818879132
"885",228,"memory",1.35870339961366,1.52543010672383,1.12271015672558
"886",228,"Calories",0.791279504140097,1.48641141989621,1.8784909910077
"887",228,"GDP",0.886122261566795,1.36030658400861,1.53512290911571
"888",228,"vision",0.950300217005776,0.529490181252781,0.557182006041321
"889",229,"memory",1.25694885582035,1.62049844233706,1.2892318051234
"890",229,"Calories",0.947944783296913,1.03172766500985,1.08838371515854
"891",229,"GDP",0.803896438377059,0.621784748219413,0.773463743009858
"892",229,"vision",1.05966912283959,0.554489759609805,0.523266883651324
"893",230,"memory",0.686051782400927,0.9912184853454,1.44481584447825
"894",230,"Calories",0.747838911718692,1.25106989255082,1.67291360872837
"895",230,"GDP",0.810011201915881,0.652449059709906,0.805481526880986
"896",230,"vision",0.972551842636972,0.529404340120918,0.544345624481563
"897",231,"memory",1.53477678347204,1.1227665795743,0.731550406329663
"898",231,"Calories",0.875712310901241,0.706879201345691,0.807204823486156
"899",231,"GDP",0.668618147215552,1.52089656984754,2.27468634553412
"900",231,"vision",1.05316876307191,0.985671673720313,0.935910471599325
"901",232,"memory",1.04880102541608,0.910844374896254,0.868462513692626
"902",232,"Calories",0.860578652175081,0.788099323672348,0.915778379675647
"903",232,"GDP",0.607650100431795,1.42604473962839,2.34681889892726
"904",232,"vision",1.0076742650574,0.349107355315511,0.346448616801406
"905",233,"memory",1.69985028572573,1.70757289414313,1.00454311093292
"906",233,"Calories",0.794320437258527,0.9632140964526,1.21262660668405
"907",233,"GDP",0.714722782544535,0.982327299261398,1.37441721916873
"908",233,"vision",1.03588179809003,0.021766194783983,0.0210122379060195
"909",234,"memory",1.40416184289976,1.87630493799585,1.33624549583334
"910",234,"Calories",0.624346870985337,-0.172471522449497,-0.276243111745407
"911",234,"GDP",0.899191611470203,0.981380576172818,1.09140317108634
"912",234,"vision",0.991426930864864,0.34591776737786,0.348908988256049
"913",235,"memory",0.109452981975309,0.141623906252774,1.29392460302929
"914",235,"Calories",0.805093172335421,0.416478801191477,0.517305096481383
"915",235,"GDP",0.815813694618838,-0.0901027664565223,-0.11044527329076
"916",235,"vision",1.05998247408155,0.170839165845883,0.161171689177136
"917",236,"memory",0.994642034749503,1.13214736672394,1.1382460495037
"918",236,"Calories",0.859240307937215,0.822602538817249,0.957360276535533
"919",236,"GDP",0.888814268782305,1.00664223908682,1.13256759532668
"920",236,"vision",1.05040572959263,0.972664249128877,0.925989093286931
"921",237,"memory",0.591812209443816,0.604391851326483,1.02125613781184
"922",237,"Calories",0.88820745619664,0.719882106998529,0.81048870055776
"923",237,"GDP",0.655402334880244,1.14643774613402,1.74921217871996
"924",237,"vision",1.0825526366489,0.747489161220446,0.690487590085538
"925",238,"memory",1.34085345638326,1.58291730578127,1.18052968297591
"926",238,"Calories",1.12490052096083,1.03258110623252,0.917931041004894
"927",238,"GDP",0.574325732721937,1.15328010469702,2.00805925799496
"928",238,"vision",1.17551968446035,1.17481113669164,0.999397247210673
"929",239,"memory",0.825107757751543,1.15553777628655,1.40046892715619
"930",239,"Calories",0.835966388329356,0.340917565088309,0.407812526732826
"931",239,"GDP",0.960368059600368,0.757160689755682,0.788406780282503
"932",239,"vision",1.01529270347795,0.518570462441299,0.510759567822072
"933",240,"memory",1.10668754990209,0.740833694156872,0.669415404756666
"934",240,"Calories",0.848807826003014,0.983220780701888,1.15835498988248
"935",240,"GDP",0.876257750371722,0.742501016752335,0.847354578532805
"936",240,"vision",0.934086314814096,0.664905031317311,0.711823972551875
"937",241,"memory",1.29943722150556,2.12279899255986,1.63362951085881
"938",241,"Calories",0.958505604885435,1.08956295369566,1.13673091543986
"939",241,"GDP",0.872133242691848,1.03246936100326,1.1838436037784
"940",241,"vision",1.18975121465495,0.511176865993154,0.42965021568934
"941",242,"memory",1.71506897669424,1.56217396673004,0.910851976193461
"942",242,"Calories",0.858662953560394,0.511256507776522,0.595409998366214
"943",242,"GDP",0.921045838662594,0.207759524700604,0.225569147570637
"944",242,"vision",0.905106991127403,0.685663263985191,0.757549406541571
"945",243,"memory",0.731503066100295,0.975480591287723,1.33352905338879
"946",243,"Calories",0.922780110839996,1.00192220805059,1.085764849373
"947",243,"GDP",0.903133158199173,0.603469474274766,0.668195457996549
"948",243,"vision",1.13815576412358,0.958691253926876,0.842319903958928
"949",244,"memory",1.4766109708119,0.840853171960238,0.56944800531849
"950",244,"Calories",0.898861774777848,0.790783502863285,0.879760965537472
"951",244,"GDP",0.698734094949899,0.798168393464588,1.14230634977361
"952",244,"vision",1.12835798545915,0.804115511361601,0.712642194874345
"953",245,"memory",0.586338014729938,1.24123335980375,2.11692458722031
"954",245,"Calories",0.712839487793221,-0.328492391982575,-0.460822383731165
"955",245,"GDP",0.797049427686066,1.12763464297828,1.41476124793408
"956",245,"vision",0.939776214039595,0.805192671779663,0.856791925301632
"957",246,"memory",1.90692422344534,2.28229244028476,1.19684485215738
"958",246,"Calories",0.522790628990129,-0.668222066029516,-1.27818294547535
"959",246,"GDP",1.02818125297126,1.31122776504235,1.27528853619255
"960",246,"vision",0.876223218924149,0.615523581514203,0.702473488741784
"961",247,"memory",1.3664511289069,1.30755394747806,0.956897703706422
"962",247,"Calories",0.914912672527338,0.534837928477745,0.584578118259439
"963",247,"GDP",0.741802871821594,0.869344816419068,1.1719350914405
"964",247,"vision",0.842102117406293,0.36344814106782,0.431596279780479
"965",248,"memory",1.36659703309873,1.60267535169747,1.17274903492468
"966",248,"Calories",0.924768297713595,1.61859116633378,1.7502667104134
"967",248,"GDP",0.856232238886598,1.41344992660734,1.65077868178068
"968",248,"vision",1.00578737725841,0.594363510437258,0.590943497478942
"969",249,"memory",0.765665667589012,0.771792572477334,1.00800206297301
"970",249,"Calories",0.561380796846823,0.334090153813508,0.595122162514346
"971",249,"GDP",1.23600652229168,1.5474778442707,1.25199812166162
"972",249,"vision",1.09660200236016,0.402085112513672,0.366664579900715
"973",250,"memory",1.0672529063359,1.44042983387445,1.34966119588256
"974",250,"Calories",0.805623506355531,0.378967311324372,0.470402499846037
"975",250,"GDP",0.406696292158505,0.0870825059395512,0.214121711012826
"976",250,"vision",1.00272619697046,0.791027699492198,0.788877065226911
"977",252,"memory",1.18430279296347,0.674547023195341,0.569573108501607
"978",252,"Calories",0.923253433324134,0.506913501492593,0.549051304003792
"979",252,"GDP",0.71756371800281,0.93265209794968,1.29974812626469
"980",252,"vision",1.04301715847084,0.781184986001727,0.748966572272904
"981",253,"memory",0.9956150765939,0.61009436036948,0.612781359696435
"982",253,"Calories",0.784495141441054,0.362729525855771,0.462373196078011
"983",253,"GDP",0.514997877000468,1.83193939496294,3.55717853757535
"984",253,"vision",0.966763479701082,0.674756431921681,0.69795399401135
"985",254,"memory",1.07715688849776,1.08299705811687,1.00542183750712
"986",254,"Calories",0.834050689714669,0.219373879186909,0.263022238207078
"987",254,"GDP",0.85838256841398,0.794272565568598,0.92531301868835
"988",254,"vision",1.05474660126923,0.631908297948146,0.599109110366168
"989",255,"memory",0.226219710246037,0.67303571251933,2.97514178489281
"990",255,"Calories",1.07994209151938,0.440379216599371,0.407780398650633
"991",255,"GDP",0.764316179144418,0.918959629723499,1.20232916010255
"992",255,"vision",1.01582038684589,0.269681470536913,0.265481451277298
"993",256,"memory",1.36239055109203,1.79473847359592,1.31734506831198
"994",256,"Calories",0.927460445172787,0.543952601595185,0.586496819811917
"995",256,"GDP",0.895252561670548,0.479542907733364,0.535650975227073
"996",256,"vision",1.00757818334677,0.782541088477805,0.776655451072312
"997",257,"memory",1.41458501598801,1.93359063022253,1.36689602135509
"998",257,"Calories",0.62616468211198,0.679528630373004,1.08522350395272
"999",257,"GDP",0.796799825150316,0.828400607068197,1.0396596245637
"1000",257,"vision",0.999223834696753,0.685299958155787,0.685832277373331
"1001",258,"memory",1.46379424349039,1.21001313207128,0.826627879876084
"1002",258,"Calories",0.901263314508676,0.747175967582074,0.829031821837103
"1003",258,"GDP",0.658703147489114,1.38591801007336,2.10401000110032
"1004",258,"vision",1.15684710499774,1.04398974691824,0.902444015642219
"1005",259,"memory",0.991701287290162,1.31887123457093,1.32990775697667
"1006",259,"Calories",0.799116973282037,0.818843540541934,1.02468545647188
"1007",259,"GDP",0.654429188523521,1.28948273645211,1.97039306782962
"1008",259,"vision",1.15128315058164,0.993067362717068,0.862574391204593
"1009",260,"memory",1.87350435086149,1.80541509986345,0.963656742528123
"1010",260,"Calories",0.95875205889724,0.536032250133768,0.55909371475073
"1011",260,"GDP",0.882092187126877,0.490966001045197,0.55659261946799
"1012",260,"vision",0.965909830810227,1.15018885363979,1.19078284219862
"1013",261,"memory",1.50606513315092,1.75646522643002,1.16626113158548
"1014",261,"Calories",0.718969688507298,0.269371398100931,0.37466308024778
"1015",261,"GDP",0.694081485776502,1.52722292053991,2.20035104211335
"1016",261,"vision",1.22324032738863,1.39294438315084,1.13873320880819
"1017",262,"memory",1.83402468159612,1.52700443022681,0.832597535654695
"1018",262,"Calories",0.537771753279251,0.694191817074707,1.29086701345251
"1019",262,"GDP",0.701722024974859,1.09788504108545,1.56455833223246
"1020",262,"vision",1.01678649785497,-0.0883727059941038,-0.0869137288708456
"1021",263,"memory",1.24083359126026,1.42783079692878,1.15070288795018
"1022",263,"Calories",0.831143687266723,1.5353519137845,1.84727615369806
"1023",263,"GDP",0.804838313605788,0.917059771370242,1.13943354319414
"1024",263,"vision",1.20296689192949,1.28137047773953,1.06517518174111
"1025",264,"memory",1.78730826199102,1.9889827871678,1.11283701276697
"1026",264,"Calories",0.99424113903707,0.76252827189201,0.766945001521989
"1027",264,"GDP",0.810828513420336,1.05752016249826,1.30424639118487
"1028",264,"vision",1.08064524847154,0.647413066254493,0.599098609992681
"1029",265,"memory",1.14152373930219,1.55783334153012,1.36469640349523
"1030",265,"Calories",0.768545978733603,1.15878034997738,1.50775670167034
"1031",265,"GDP",0.62939809025437,1.46678703359026,2.33045993672694
"1032",265,"vision",1.02741675123647,0.508332374061135,0.494767457752048
"1033",266,"memory",1.4127851186203,0.764984352444156,0.541472544098726
"1034",266,"Calories",0.893578108581048,0.765025861923511,0.85613764994571
"1035",266,"GDP",0.780433802096405,0.155948849736123,0.19982328971043
"1036",266,"vision",1.07344137587028,0.613674618069105,0.571688991931743
"1037",267,"memory",0.570118891051702,0.422693080336858,0.741412163271968
"1038",267,"Calories",0.789769522502452,0.40631304921743,0.514470408949174
"1039",267,"GDP",0.838869987658303,0.560687636139211,0.668384427131986
"1040",267,"vision",0.911246235087908,0.508694112799511,0.558240015938652
"1041",268,"memory",0.646906577449649,1.06327004604586,1.6436222525943
"1042",268,"Calories",0.832176607488834,1.28910815595439,1.54908002021877
"1043",268,"GDP",0.847615402134954,1.52580809237497,1.80011841282237
"1044",268,"vision",0.899349480498443,1.03550304234424,1.15139116083143
"1045",269,"memory",2.14037829225101,2.14830535627887,1.00370358083735
"1046",269,"Calories",0.802067780141832,0.332539594379624,0.414602858527517
"1047",269,"GDP",0.877133629604383,0.463300190463121,0.52819795619065
"1048",269,"vision",1.02615422485969,1.29021238341571,1.257327945604
"1049",270,"memory",0.678819379081524,0.75654572673125,1.1145022520643
"1050",270,"Calories",0.702825887532265,0.868152713277518,1.23523155404213
"1051",270,"GDP",0.888177414036178,0.624737156816729,0.703392303095969
"1052",270,"vision",1.02442679804284,0.999053163466537,0.975231383418724
"1053",271,"memory",1.71710718755003,1.24530734015033,0.725235645846392
"1054",271,"Calories",0.936156975025989,0.744587979547174,0.795366588521656
"1055",271,"GDP",0.592722543486135,0.839481465500083,1.4163143864288
"1056",271,"vision",0.892691663128662,0.987850872948705,1.10659807159679
"1057",273,"memory",1.82703010086073,1.76339285898088,0.965169023843737
"1058",273,"Calories",0.900132735211094,1.05484228246146,1.17187414833223
"1059",273,"GDP",0.942454426878647,0.908469932593324,0.963940437525581
"1060",273,"vision",0.938020050680074,0.254995107378387,0.271843983711769
"1061",274,"memory",2.09772213028846,2.10268211906086,1.00236446414937
"1062",274,"Calories",0.820835094660548,1.31538688865166,1.60249835467334
"1063",274,"GDP",0.905420506712496,1.35097020435684,1.49209145843416
"1064",274,"vision",1.06114794034112,0.546423150445461,0.51493588186187
"1065",275,"memory",1.05049091266409,0.960796730078439,0.914616888633353
"1066",275,"Calories",0.912001357436357,0.673497525195755,0.738483029333379
"1067",275,"GDP",0.782129304145021,1.11893828919395,1.43063082186533
"1068",275,"vision",0.998714938813291,0.185964660226757,0.186203943687602
"1069",276,"memory",1.01177588355472,1.09110037903043,1.07840125146788
"1070",276,"Calories",0.812772551312588,0.385324671896097,0.474086718693706
"1071",276,"GDP",0.723302619898789,1.22032417808585,1.68715575543831
"1072",276,"vision",1.12874554344342,0.632386978687253,0.560256456701528
"1073",277,"memory",1.17628150210848,1.56631529291961,1.33158201511458
"1074",277,"Calories",0.880709292305222,0.238191013972877,0.270453617389935
"1075",277,"GDP",0.420382624973204,0.555251633597855,1.32082441236302
"1076",277,"vision",1.0308336832729,1.14945825875141,1.1150763478177
"1077",278,"memory",2.12028528117806,2.55916588200462,1.20699129721955
"1078",278,"Calories",0.886536399176452,0.749864516709341,0.845836129690702
"1079",278,"GDP",0.721811920850573,0.48439895127443,0.671087491466781
"1080",278,"vision",1.28097561203313,-0.194664752461433,-0.151966009838755
"1081",279,"memory",1.62628449037344,1.43594441492846,0.882960160678118
"1082",279,"Calories",0.838088021896343,0.391589304771172,0.467241261705569
"1083",279,"GDP",0.84766125960933,0.887698672392084,1.04723279768761
"1084",279,"vision",1.05497974485329,0.267398549018149,0.253463206590128
"1085",280,"memory",1.33529175131557,1.86556390569075,1.39712081936606
"1086",280,"Calories",0.927861189534033,0.466276710082682,0.502528519720545
"1087",280,"GDP",0.764381717139989,1.32874413669827,1.73832537710334
"1088",280,"vision",1.04918904368633,0.531521483476091,0.50660220546012
"1089",281,"memory",1.00632342209963,1.58076883669662,1.5708357790167
"1090",281,"Calories",0.845955679643299,1.17517681668084,1.38917066810919
"1091",281,"GDP",0.683143659370776,1.17016692874196,1.71291486452464
"1092",281,"vision",1.06521409244667,0.375003590304757,0.352045277061083
"1093",282,"memory",1.78066287820007,-0.546658993080543,-0.306997466939455
"1094",282,"Calories",0.804507687788067,-0.417232867061047,-0.518618868898813
"1095",282,"GDP",0.995369484570211,0.223184570284871,0.224222837594062
"1096",282,"vision",1.05300549512075,0.135252167568504,0.128443933289251
"1097",283,"memory",1.52041368745025,1.58429643644908,1.04201668896178
"1098",283,"Calories",0.901564931311844,0.47062099254605,0.522004545874762
"1099",283,"GDP",0.972743056877954,0.813161611621412,0.835946970653563
"1100",283,"vision",1.0922594630222,0.984640283631981,0.901471048744734
"1101",284,"memory",1.10750334164884,1.24097481267012,1.1205156372915
"1102",284,"Calories",0.913657700036125,0.338531783054407,0.370523646920528
"1103",284,"GDP",0.723073200211747,0.859689516022053,1.18893843081212
"1104",284,"vision",1.09101409296504,0.602496773771914,0.552235555577941
"1105",285,"memory",0.653716335022372,1.13262133475899,1.73258839358853
"1106",285,"Calories",0.976028655761439,0.797414164599375,0.816998722211983
"1107",285,"GDP",0.824536538544408,1.08993383214841,1.32187450913033
"1108",285,"vision",1.10716872232669,0.891131949340341,0.804874570036306
"1109",286,"memory",1.64501577528096,2.349412854624,1.42820080507904
"1110",286,"Calories",0.783292652614236,0.898464262676316,1.14703522326897
"1111",286,"GDP",0.737383440219517,0.79196422832624,1.07401954685947
"1112",286,"vision",0.913514077534275,1.03494160010173,1.13292353730903
"1113",287,"memory",1.69246898026302,1.94209178168448,1.14749032586858
"1114",287,"Calories",0.905340732904907,0.80489360685017,0.889050473038545
"1115",287,"GDP",0.57354670747217,1.03822291561876,1.8101802383185
"1116",287,"vision",0.876827353920803,0.817169518815635,0.931961708495518
"1117",288,"memory",1.60131374576888,1.3776006707393,0.860294039428132
"1118",288,"Calories",0.824839622813083,-0.0495366530178603,-0.0600561026020034
"1119",288,"GDP",0.969373937861458,1.02333996281559,1.05567100872671
"1120",288,"vision",1.12088395471502,0.686014666599648,0.612030053346661
"1121",289,"memory",1.68653853071817,2.1622160225201,1.28204365517778
"1122",289,"Calories",0.947799157413644,0.693718975978742,0.731926137043383
"1123",289,"GDP",0.587842169121185,0.366817708245841,0.624007135783109
"1124",289,"vision",1.09969323579595,0.276198510774607,0.251159597771553
"1125",290,"memory",1.35158498788098,1.68755201121118,1.24857262128734
"1126",290,"Calories",0.695097051326373,0.982268436579715,1.41313854620066
"1127",290,"GDP",0.638352709808359,1.16278097356252,1.82153370025108
"1128",290,"vision",0.98859570685655,1.31740426907295,1.33260164892068
"1129",291,"memory",0.995839981459055,0.572642896663935,0.575035053146719
"1130",291,"Calories",0.794695548994376,0.686377304430123,0.863698438098312
"1131",291,"GDP",0.877950382416735,0.33056656687165,0.37652078465038
"1132",291,"vision",0.966759218103926,1.27161959112957,1.31534260787661
"1133",292,"memory",0.824765336252239,1.53021462297366,1.85533333630025
"1134",292,"Calories",0.87631449629312,0.718703960560084,0.820143867983765
"1135",292,"GDP",0.904078921973952,0.681096713796592,0.753359797737011
"1136",292,"vision",1.06239834698271,0.331938297678178,0.312442407898041
"1137",293,"memory",1.23233024558738,1.48694598590198,1.20661323636769
"1138",293,"Calories",0.836978782950184,1.00983285119005,1.2065214456579
"1139",293,"GDP",0.923918743723015,0.273912061875754,0.296467696685101
"1140",293,"vision",0.876011818978423,0.816624135409242,0.932206755339858
"1141",294,"memory",1.09233858647642,1.42570092108353,1.30518223812128
"1142",294,"Calories",0.881753338063031,1.16095372843846,1.31664228341767
"1143",294,"GDP",0.869363927168625,1.08103765464825,1.24348114853237
"1144",294,"vision",0.974468770892917,0.901964147720838,0.925595744740344
"1145",295,"memory",1.28606884493401,1.64796565321093,1.28139769476765
"1146",295,"Calories",0.875120300806597,1.13222297790058,1.29379123859544
"1147",295,"GDP",0.773934241248919,0.772973032708338,0.998758022982638
"1148",295,"vision",1.15972785656591,0.727987440221532,0.627722647257253
"1149",296,"memory",1.28148592103839,1.58643572853939,1.23796578838252
"1150",296,"Calories",0.705206025509177,0.895516759214312,1.26986543906474
"1151",296,"GDP",0.59361711293338,1.76250699200342,2.96909734170892
"1152",296,"vision",0.892467856960985,0.469040501883409,0.525554503980207
"1153",297,"memory",1.39461647168377,1.84434409671599,1.32247405230289
"1154",297,"Calories",0.906405908578818,1.20863416824148,1.33343588871407
"1155",297,"GDP",0.83445759525475,1.31094897613569,1.57101928676852
"1156",297,"vision",0.893466307930952,1.03869716466226,1.16254765897958
"1157",298,"memory",1.72359635782267,2.37215915977472,1.37628462082117
"1158",298,"Calories",0.901581056537127,0.548240897414262,0.608088306025411
"1159",298,"GDP",0.98740846585659,1.32618920393198,1.34310090483324
"1160",298,"vision",0.850647666918413,0.854572017440288,1.00461336776023
"1161",299,"memory",1.35873047267579,1.80874608317868,1.33120300129624
"1162",299,"Calories",0.921221783717287,1.24849368501264,1.35525853500202
"1163",299,"GDP",0.75101674866264,1.54116159826673,2.05210017088318
"1164",299,"vision",0.868701885717992,1.13934972373564,1.31155433465412
"1165",300,"memory",1.97681532153385,2.34093057592902,1.18419285323661
"1166",300,"Calories",0.967973195499858,0.416764369021513,0.43055362582256
"1167",300,"GDP",0.771175169784323,0.47359940006125,0.614126878843497
"1168",300,"vision",1.00492457886342,0.959284898644599,0.954583974580025
"1169",301,"memory",1.7113532786579,2.06245074221089,1.20515779408699
"1170",301,"Calories",0.680231070482784,0.529171036500297,0.777928353264907
"1171",301,"GDP",0.861380638191648,1.00366392003227,1.16518049690474
"1172",301,"vision",1.07715688849776,0.740413417849736,0.687377508101296
"1173",302,"memory",1.25991315483484,1.97253535763217,1.5656121614912
"1174",302,"Calories",0.80278915133208,1.53333701115683,1.91001212287503
"1175",302,"GDP",0.89965792216822,0.600008170768388,0.666929236083798
"1176",302,"vision",1.03301768841016,0.807987836668664,0.78216263451614
"1177",303,"memory",1.11340955868679,1.32144298771626,1.18684358096839
"1178",303,"Calories",0.741476908346221,0.297557130113244,0.401303299892252
"1179",303,"GDP",0.859523150547761,0.692089476107143,0.805201669863208
"1180",303,"vision",1.03016763095388,0.956938892939744,0.928915706712379
"1181",304,"memory",1.33086300800004,1.3769870831004,1.03465726736944
"1182",304,"Calories",0.771083600553789,1.00563665159971,1.30418627873485
"1183",304,"GDP",0.922383719137823,1.51156226781731,1.63875644859626
"1184",304,"vision",0.928839420903881,0.930665200122334,1.00196565647125
"1185",305,"memory",1.06681404342833,0.891725497452484,0.835877164296435
"1186",305,"Calories",0.906665487117617,0.61300188379721,0.676105898489647
"1187",305,"GDP",0.940846203336705,1.07632046768623,1.1439919339304
"1188",305,"vision",1.19602709653365,0.548420809300109,0.458535438611343
"1189",306,"memory",1.32259889119101,1.34471066013042,1.01671842392027
"1190",306,"Calories",0.903869378438183,0.582549152736672,0.644505906089297
"1191",306,"GDP",0.808535294780802,0.28373856895062,0.350929106969342
"1192",306,"vision",0.963812654838399,0.770906066524926,0.799850533871837
"1193",307,"memory",1.33547668922197,1.96194937422545,1.46910042688087
"1194",307,"Calories",0.814846158067342,0.56987911651642,0.699370195066101
"1195",307,"GDP",0.952882171995737,-0.221141818081026,-0.232076771483573
"1196",307,"vision",1.07791357771272,0.714819483734083,0.663151015548849
"1197",308,"memory",1.53240517346037,1.70318175963143,1.11144349361953
"1198",308,"Calories",0.989236514793697,1.3109175546816,1.32518112208483
"1199",308,"GDP",0.710921524770292,1.05856106131926,1.48899846809575
"1200",308,"vision",1.15211166313496,1.39448359198333,1.21037190803959
"1201",309,"memory",1.20813852751798,1.03910892966799,0.86009088030886
"1202",309,"Calories",0.81919816929671,0.885541200451848,1.08098532643462
"1203",309,"GDP",0.863514833105046,1.58356033286556,1.83385423406262
"1204",309,"vision",1.02195114104349,1.08662177464585,1.06328153177296
"1205",310,"memory",0.994308692519715,1.02722407263199,1.03310378392535
"1206",310,"Calories",0.784087785702831,1.09042945771331,1.39069818150003
"1207",310,"GDP",0.816963076286765,1.1065382139576,1.35445315226118
"1208",310,"vision",1.00309611688138,0.480467061378126,0.478984070710887
"1209",311,"memory",1.09964646521559,0.829635811287901,0.754456852753353
"1210",311,"Calories",0.971147168930367,0.65455036254086,0.673997086622607
"1211",311,"GDP",0.983141008727875,0.869935566703262,0.884853300778193
"1212",311,"vision",1.18761693882377,0.978702752376799,0.82408958678723
"1213",312,"memory",1.06822913876411,1.27289940392114,1.1915977178771
"1214",312,"Calories",0.537237336089122,0.279178025178044,0.51965492050562
"1215",312,"GDP",0.678967756560681,1.22614345875871,1.80589350070135
"1216",312,"vision",0.95054894630769,0.519878204478195,0.54692418154542
"1217",313,"memory",1.14741813576545,1.09399555100664,0.9534410490007
"1218",313,"Calories",0.875987579484153,1.22819691122474,1.402071148027
"1219",313,"GDP",0.675341244348349,1.14056276825106,1.68886881675888
"1220",313,"vision",1.16165981654277,0.607091958057246,0.522607349769593
"1221",314,"memory",0.441618569850047,0.740271171437462,1.67626821419404
"1222",314,"Calories",0.933780468560349,0.314934125632624,0.337267844248415
"1223",314,"GDP",0.769390935585731,0.643595442576491,0.836499902467043
"1224",314,"vision",1.07510454331815,0.51627212642472,0.48020644097673
"1225",315,"memory",1.33993845187009,2.14981660540113,1.60441444336546
"1226",315,"Calories",0.639940189863928,0.373599143950906,0.583803220782782
"1227",315,"GDP",0.539299007806993,1.73331138454249,3.21400810951021
"1228",315,"vision",1.03090785542914,0.97754990766232,0.948241787579927
"1229",316,"memory",1.13289864720792,1.20981960585622,1.06789747594621
"1230",316,"Calories",0.923596967308757,1.02655825991568,1.11147859537363
"1231",316,"GDP",1.00169634417083,1.13049206986025,1.12857761380374
"1232",316,"vision",1.03417915942957,0.536183843365663,0.518463206763334
"1233",317,"memory",1.33804595548104,1.24213386000868,0.928319281501895
"1234",317,"Calories",1.02239980663266,0.817249301383988,0.799344147056961
"1235",317,"GDP",0.390055787004988,0.441726612469449,1.13247034702705
"1236",317,"vision",1.02301648570048,0.684492970029436,0.669092805049716
"1237",318,"memory",1.49732923932672,1.03063220789493,0.688313686012276
"1238",318,"Calories",0.262242777620722,0.571562470900469,2.17951653840058
"1239",318,"GDP",0.787639229121399,1.00009603398795,1.26973872937175
"1240",318,"vision",1.09251873437451,1.01720628762075,0.931065304068323
"1241",319,"memory",1.7142102104396,2.12141011449596,1.23754373972136
"1242",319,"Calories",0.809662585690939,0.626555939449091,0.773848206057847
"1243",319,"GDP",0.81705331515854,1.21192374677677,1.4832860038535
"1244",319,"vision",1.03499148313243,0.393816241544436,0.380501915196964
"1245",320,"memory",1.36659703309873,1.59705830342007,1.16863879017706
"1246",320,"Calories",0.942987085751101,0.275004490806198,0.29163123754463
"1247",320,"GDP",0.581612858930794,1.13185175455105,1.94605696413209
"1248",320,"vision",1.08947885208021,1.01682654727191,0.933314625915337
"1249",321,"memory",1.19025941841848,1.29332248994964,1.08658874690368
"1250",321,"Calories",0.88877316312096,1.39187202066675,1.56605991092163
"1251",321,"GDP",0.797236826364221,1.13790707369326,1.42731373672571
"1252",321,"vision",0.901812203425145,0.348575085446801,0.386527354722956
"1253",323,"memory",0.913012838912509,1.04016254755511,1.13926387803489
"1254",323,"Calories",0.715815238606384,1.05926184439773,1.47979784065508
"1255",323,"GDP",0.842711237200052,0.828387674996031,0.983003000824325
"1256",323,"vision",0.984053431799483,0.97367770305305,0.989456132755455
"1257",324,"memory",1.63946012793087,1.8641790346552,1.1370688453448
"1258",324,"Calories",0.841807244068479,1.30923097044525,1.5552621810638
"1259",324,"GDP",0.685775883031843,0.760063729606688,1.10832671199578
"1260",324,"vision",1.14233646295382,1.22444030852486,1.07187361012599
"1261",325,"memory",1.44304161854006,2.02166036899745,1.40097163035588
"1262",325,"Calories",0.73774327967135,0.77272193529322,1.04741304541256
"1263",325,"GDP",0.825218790218915,1.88262649996347,2.28136649610711
"1264",325,"vision",1.00552931858078,0.626986075823801,0.623538333729283
"1265",326,"memory",1.5356493258663,1.59832154226742,1.04081154163616
"1266",326,"Calories",0.92165952316739,1.26905793878038,1.37692706132859
"1267",326,"GDP",0.901827052539459,1.07043600464137,1.18696373282119
"1268",326,"vision",0.980729652136396,0.215085242921229,0.219311450869965
"1269",327,"memory",1.01280140571819,0.768107010501563,0.758398444319782
"1270",327,"Calories",0.743886609250847,0.237331931322282,0.319043155732154
"1271",327,"GDP",1.0808495289589,1.30717918550064,1.20939978274289
"1272",327,"vision",0.964833924207287,0.222680277665285,0.230796484325777
"1273",328,"memory",2.01787068834336,1.95285322344845,0.967779171742523
"1274",328,"Calories",1.0447623778116,1.2989122401151,1.24326092487734
"1275",328,"GDP",0.887186206955737,0.918067602355752,1.03480824561732
"1276",328,"vision",1.00338861114424,0.858658318055356,0.855758485315236
"1277",329,"memory",1.56170277274555,1.56085884417479,0.999459609993982
"1278",329,"Calories",1.01827156556534,1.46638724967451,1.44007482803507
"1279",329,"GDP",0.822961410042153,0.136796967268993,0.166225251390568
"1280",329,"vision",0.91918882840505,0.894372594393447,0.973002028261522
"1281",330,"memory",1.36239055109203,1.73687562367242,1.27487350986119
"1282",330,"Calories",0.808160745978608,0.565003000982246,0.699122054360708
"1283",330,"GDP",0.780212545540981,0.790491846284109,1.01317500058398
"1284",330,"vision",1.0650980941092,0.25807035783014,0.242297267507533
"1285",131,"Calories",0.94424207275871,0.859390787051427,0.910138206975484
"1286",131,"GDP",0.580318559992995,0.957483271293318,1.64992701819648
"1287",131,"vision",0.984956424949723,0.325166930417207,0.330133315728973
