"","subject","da_memory","da_Calories","da_GDP","da_vision","mda_memory","mda_Calories","mda_GDP","mda_vision","mratio_memory","mratio_Calories","mratio_GDP","mratio_vision"
"1",1,1.93298539333995,0.902674111174736,0.814009063235991,1.0154146742754,1.7814760810515,0.814414892803426,1.11232752226881,0.550179098977304,0.921619008187817,0.902224715122881,1.36648051294035,0.54182701207259
"2",2,1.2826436438281,0.843520327397112,0.606759272556298,1.06694379245046,0.954947888304388,0.706130812861648,0.865375588535645,1.12207368521832,0.744515355375178,0.837123647085764,1.42622556865062,1.05167085010283
"3",3,0.456824885867111,0.859334495841087,0.848917327001965,0.855686397355384,0.789348100666154,0.71080320056852,1.04136739679246,1.03510928323991,1.72790083265247,0.827155437153504,1.22670060283744,1.20968299418929
"4",4,1.0114281984729,0.821004510962261,0.656963862643128,1.02295502150616,1.03206858057667,0.9023839225716,0.911238272638229,0.601898216897694,1.0204071649722,1.09912175940904,1.38704474394085,0.588391673381185
"5",5,1.7563955442132,0.769410500113037,0.786757305155663,1.02150332644357,1.58872458306826,0.671093187047416,1.70555785351148,0.451532134962032,0.904536901327628,0.872217349449771,2.16783224297362,0.442027082314132
"6",6,1.58240310623427,0.75797755647108,0.79596333658868,0.998657278500089,2.40872096812866,1.09291033492259,1.8480293623807,0.786177876333232,1.52219175925458,1.44187690729374,2.32175186648789,0.787234913577173
"7",7,0.295605797714133,0.526287353959857,0.755831750148935,1.09406143203712,0.437811480317692,0.187038573334745,-0.188593680478412,-0.0335784678610591,1.48106526902791,0.355392490295352,-0.249518071239069,-0.030691574419671
"8",8,1.94340443744165,0.904540254439184,0.733847878247203,1.04855020823584,2.06543709923812,0.884275849999518,0.804350697004528,0.556099669987253,1.06279324027742,0.977597012028801,1.09607279771077,0.530351017642616
"9",9,0.418752531569132,0.705765456002478,0.729816805000696,1.10235280701273,0.697639380658773,1.03017098610792,0.496642665606945,0.316380138882389,1.66599441929248,1.45965062096253,0.680503192313407,0.287004429861024
"10",10,1.47881136244577,0.97870151634669,0.850373536791369,1.03761694322959,1.80197230868216,1.26934914013429,0.77537640393066,0.83890498559592,1.21852749745033,1.29697269180958,0.911806835918616,0.808491988367904
"11",11,1.5000146501556,0.851390331475601,0.78478244734159,0.938440053973766,1.81744974170661,-0.121062752178359,0.615398240098989,0.63799320442042,1.21162132751043,-0.142194182506791,0.784164123679905,0.679844388268464
"12",12,1.16292373688121,1.0141856644208,1.01259287642193,1.07654493673007,1.50027521696806,1.03433100673379,1.37848376952656,0.787949763544178,1.29008908270423,1.01986356445345,1.36134057588627,0.731924638406196
"13",13,1.64172186426517,0.876624824619539,0.890401207053789,1.08726345137305,1.63165232254417,0.558949870999108,0.618397703014593,0.666834771653262,0.993866475229346,0.63761583667414,0.694515795930672,0.613314804991515
"14",14,1.94154176891764,0.795302983612041,0.790294549047425,1.02775417524125,1.69069821624506,0.78586541684222,1.02469301145769,0.835269122208799,0.870801876792781,0.98813336933937,1.29659632942274,0.812712944720201
"15",15,0.993129114160457,0.974643828920421,0.713018639584309,1.0951269862329,1.55028692553754,0.930773594372507,0.756293729310272,0.858398721774524,1.56101246397159,0.954988444756781,1.06069278883255,0.783834872636378
"16",16,1.33529595232801,0.906839139451342,0.65322133219242,0.979734519809678,0.589393401920802,0.72527982492743,-0.337086200298966,0.121376930857161,0.441395333291641,0.799788841675096,-0.516036730104324,0.123887571993216
"17",17,1.30357857928293,0.778703832537506,0.975324315982771,0.757091289000869,1.3402630168817,0.379453183714073,1.0041743360167,0.271779921254648,1.0281413320085,0.487288193352762,1.02957992491437,0.35897906263499
"18",18,1.33926977254821,0.415581360631832,0.621364630730523,0.846095707407058,2.28632219905807,0.236365620195,0.600241720421237,0.527594420457459,1.70714089567475,0.568758954529722,0.966005612059939,0.623563523415481
"19",19,1.25480833201941,0.679684868128015,1.10088538564123,0.951700147636647,1.33728229308651,0.703212613568222,0.926969363796348,0.37279325274544,1.06572634159543,1.0346156675593,0.842021681717958,0.391712929404494
"20",20,2.10162716309916,0.879795555527296,0.635718221811477,1.37637308065374,2.13656169389865,1.58379849976831,0.789429924061834,0.753859054943558,1.01662261100013,1.80018924830676,1.24179219184933,0.547714181234564
"21",21,0.916784618615232,0.854305371428328,0.770436604161011,1.19740184717915,1.118590424223,1.26293618988065,0.570199999994393,0.585526620988827,1.22012346358143,1.47831938334781,0.7400998302973,0.488997592886812
"22",22,1.81131876576671,0.981578976228019,0.725363615835739,1.11057352171813,2.25321198675926,0.84170903712964,1.3548125651533,1.07946982991665,1.24396215030959,0.857505160067846,1.86777022665016,0.971993126800505
"23",23,1.35826130700851,0.773889512684303,0.72628738499995,1.02395146052486,1.19116826790366,1.01161443370314,1.98824713841909,1.13461159456166,0.876980196488947,1.30718199061035,2.73754877130247,1.1080716599399
"24",24,2.42567992259876,0.854445061336786,0.936602621452546,1.041267486102,2.57369804495383,0.292244268338855,0.866800805352367,0.784629219668519,1.06102129179372,0.342028155539499,0.925473392342287,0.753532814710072
"25",25,1.52703341645603,1.04922067736131,0.76945421538771,0.9751447253234,1.23615029120291,1.00999080791513,0.896475940362934,0.629849136978212,0.809510962812977,0.962610468614821,1.1650802899445,0.645903239408209
"26",26,1.14416880760092,0.922295747503751,0.86162572366891,1.0148306476033,1.30917360695873,1.28834384857727,0.583668418956533,0.767133757262907,1.14421368443332,1.39688798529566,0.67740366022407,0.755922930662992
"27",27,1.02015004536559,0.866209308147582,0.43078812594231,0.994290140627822,1.22489836837724,1.35820261109419,0.308733094689814,0.599144507909386,1.20070412577228,1.56798431778429,0.716670391075632,0.602585184573056
"28",28,0.276712127037275,0.950035277325589,0.853936293409896,1.1805088358754,0.338045323089505,1.00567934059676,1.26930260477093,0.458556573850258,1.2216498304896,1.05857052322079,1.4864136992028,0.388439764205762
"29",29,0.622911943587172,0.817793414439121,0.808150329069577,1.03590898501393,0.808124184054492,0.549405058577187,0.688242950933498,0.594287938015029,1.29733294147602,0.671813992234204,0.851627384382645,0.573687405565881
"30",30,1.4847228417755,0.774415359539078,1.0019934188024,0.948838891632464,1.50646407625065,0.276525701524794,0.64025493318979,0.527050423933119,1.01464329493924,0.357076726486131,0.638981176098974,0.555468824666678
"31",31,1.05696516178798,0.770836036084391,0.706919922007842,0.965218526809134,1.15230133726156,0.906708449742692,1.56839802683728,0.801248181676004,1.09019803009619,1.17626629697866,2.21863605482019,0.830121013450507
"32",32,0.393348605026395,0.902719051623071,0.864902392166009,0.959810161941534,0.373859639475211,1.02919672070666,0.978194160595781,0.797075204306969,0.950453706198154,1.14010745520014,1.13098792355754,0.830450891137286
"33",33,0.518713715121463,0.873797699278839,0.768920464551717,1.08562687427225,0.842683177418295,0.910029241884774,1.41109475389148,1.57262893349888,1.62456313155508,1.0414644518243,1.83516347781711,1.44859064450951
"34",34,0.994167274756777,0.804238737601438,0.733465849227168,1.09994876208393,1.03457367778226,0.764715313973218,1.18390500134164,0.885441408631421,1.04064346519087,0.9508561055563,1.61412423303565,0.804984231223542
"35",35,1.46830173484864,0.670902698475654,0.726636065511621,0.618944930895825,1.97772365552417,1.30415696761707,0.721805743173511,0.537659464742456,1.34694634528103,1.94388392024689,0.993352487486691,0.868670923541257
"36",36,1.71221485055383,0.817537333740404,1.005669890266,1.00585025793585,1.61693934512276,0.576477657231653,1.21552638270165,0.723002390493224,0.944355402944752,0.705139243726214,1.20867333751053,0.71879724122846
"37",37,1.83767180300352,0.810141042906908,0.96623744397238,0.901192147972788,1.29850723148952,1.27613172824779,0.916686150730053,0.442903488201352,0.706604535895487,1.57519698504453,0.948717270737705,0.491463989336407
"38",38,2.24773445252227,0.622118616526408,0.897100086876223,0.943344323667524,2.35717459866721,1.11746299999972,0.899044979541298,0.890028059287178,1.04868909048493,1.7962217659376,1.00216797734559,0.943481650291738
"39",39,0.473239375751262,0.781685648239308,0.606674188132184,1.22837432238192,0.560908806717406,0.486973807320748,1.10048455969145,1.54334222540979,1.18525388092859,0.622979081703268,1.81396304840263,1.25641036066036
"40",40,1.39606199668526,0.89422098214699,0.87890141349302,0.969035510761843,1.46461587300126,0.803759962784814,0.765266441433085,1.50697940871786,1.04910518048537,0.898838182990313,0.870707942534402,1.55513331759441
"41",41,1.57480468364689,0.781602875117234,0.793879234714204,1.10705108015832,1.93505354421728,1.31617712896013,1.43385202069128,1.25394553042472,1.22875780362562,1.68394612003278,1.80613367624796,1.13268985767612
"42",42,1.16551708856342,0.631299983151504,0.590477587957934,0.870527127092998,1.63301031715268,-0.00889825328104968,1.29992539185152,0.804342070931651,1.40110371025574,-0.0140951267519901,2.20148134046389,0.923971288083391
"43",43,0.273589476537093,0.877439664447523,0.798920188591791,1.05066445041343,0.230468544934802,0.0413465477493562,-0.186516112947378,0.587058482121992,0.842388193624674,0.0471218129572361,-0.233460257495982,0.558749733933596
"44",44,1.00097682954676,0.873227936234135,0.700005777156133,0.897850102267293,1.52598761614372,0.894077284830107,1.18340371409479,0.46955351421861,1.52449844102254,1.023876181385,1.69056278207093,0.522975397600192
"45",45,0.856679047183403,0.847684421752196,0.85208748035387,1.00209803865387,1.53933670683273,0.590147106624828,1.11384206552478,1.01257112781519,1.79686512923804,0.696187273802876,1.30719215010906,1.010451162219
"46",46,1.74240139285164,0.945840513365745,0.910937639806646,1.06742815562448,2.00817087736875,0.971304251241197,1.28357073799596,1.08272127692053,1.15253057395814,1.02692180924334,1.40906543094256,1.01432707317627
"47",47,0.870353355095289,0.686355742397992,0.994055209654665,1.21243950381205,0.831612143839603,0.630569332963508,1.2345901349123,0.722698342940191,0.955487950923744,0.918720852775884,1.241973406428,0.596069610622173
"48",48,1.19662995536708,0.874688658804461,1.02010800803032,1.03414048341858,1.74617199494335,0.956053052528795,1.31359577364383,0.792517090316622,1.45924141971499,1.0930209771275,1.28770263864529,0.766353414283505
"49",49,1.91588045122742,0.349161410148386,0.841914292468119,1.0024742283585,3.13244274525668,1.75775302596228,1.12567043691916,1.18655362654976,1.63498862533404,5.03421333192368,1.33703685397618,1.18362506784108
"50",50,0.739346969277652,0.911221732171502,0.782661691212565,1.0069088732375,1.10135190498944,0.365702718703935,1.05185060777936,0.47689505004586,1.48962794297442,0.401332305620544,1.34394032516111,0.473622849814109
"51",51,1.354506299729,0.956441023643133,0.879308367263109,1.12753529644475,1.02447527745959,0.379286017287515,1.75501551884494,0.429593102538029,0.75634589345547,0.396559754246839,1.99590449060267,0.381001910887034
"52",52,0.994691534440086,0.875554138865304,0.734225095991089,1.08697553319811,1.51370105702164,0.307498927614526,0.922351620586228,0.929276913942682,1.52177937039919,0.351204927216765,1.25622459055448,0.854919807816242
"53",54,1.7563955442132,0.88016667534464,0.761959549398131,1.05139468660619,2.12327120667661,0.240586987645167,0.902116481682763,0.796512377983859,1.20887986403299,0.273342532027769,1.18394274656094,0.757576948153439
"54",55,1.79711783908958,0.795330016868996,0.881303486019202,1.1470502646536,3.0847436034898,1.62010833650938,1.64544427536349,1.29093217603704,1.7164948988835,2.03702651999395,1.86705749093978,1.12543644844273
"55",56,1.60420365808559,1.02303140664087,1.07021504601057,0.973994953041679,2.02510473945036,1.11768762802393,0.768304944208609,0.923165665370336,1.26237384464455,1.09252523506963,0.717897722586327,0.94781360261405
"56",57,1.22532853234368,0.677522181696194,0.919777362591982,1.09612418227868,1.67633553850738,0.298789442848947,0.869002808998074,0.0335776527196866,1.36807027197927,0.441003189151564,0.944796908840176,0.0306330735719047
"57",58,2.31055001499783,0.903643565104809,0.897618287343077,1.01015311525637,2.31298506106147,0.804581583734066,0.897618371744907,1.24284472894497,1.00105388156405,0.890374938530931,1.00000009402864,1.23035281500818
"58",60,1.8547473949261,0.927159590459624,0.687721302794658,1.05576306366487,1.67712106550262,0.601396237540487,1.07033899930036,0.670744988929648,0.904231525053279,0.64864371110302,1.55635574316351,0.635317726120563
"59",61,0.744927943277521,0.91047286720007,0.651087234482195,0.940922397414111,1.77917760523694,1.06478527696634,0.603888471963482,0.94924049197654,2.38838886538334,1.16948600592659,0.92750777465903,1.00884036195258
"60",62,0.847119818826632,0.904220516317695,1.05049106651301,1.00038420119127,1.42410350947702,1.37308530484303,0.146696326988475,0.920394480153051,1.68111225570142,1.51852925261497,0.139645477876759,0.920040999305105
"61",63,1.28572136577485,0.891821596606828,0.62250676585942,1.01132409751001,1.47347204779241,0.494911235666447,0.963726361993574,0.672661731895762,1.14602750410421,0.554944214795277,1.54813797190312,0.665129737887124
"62",64,1.0421011179194,0.776604993960824,0.98180834707239,0.909729181969293,1.03568492367694,0.548524378386304,0.497255850162313,0.409745551654813,0.993843021438006,0.706310650397356,0.506469365070135,0.450403878182555
"63",65,1.61684431091419,0.86162572366891,0.624027851926429,0.966864646422886,1.28429649574074,0.646730478219495,0.0980018593740332,0.160616594664686,0.794322920933913,0.750593280183925,0.157047252092183,0.16612107522901
"64",66,1.7142102104396,0.87697075866782,0.715991842372443,1.27379364540921,1.51476806011836,0.488697938697151,0.634268248177888,1.63369212248012,0.883653621296485,0.557256822838103,0.885859601523163,1.28254064413651
"65",67,0.743234866907612,0.801620925199625,0.803867410587268,1.10695649665083,1.03920166289801,0.789587957808076,0.408820083918533,1.4778430030832,1.3982143588363,0.984989204980456,0.50856656027375,1.33505066147994
"66",68,1.69148539667011,0.870445648502949,0.669864688138903,1.01594801240429,0.990259484338507,0.196821679115232,0.243249691658544,0.586709039617322,0.585437797032092,0.226115989497724,0.363132578811355,0.577499077171129
"67",69,1.36946492345718,0.904303152778076,0.831353727043727,1.25113344436376,1.68301143067832,0.264125801287042,0.261291870360539,1.69246389772526,1.22895548608109,0.292076612224155,0.314296865294255,1.35274450966814
"68",70,1.58374757765163,0.709807555054309,0.754408144381419,1.09315210448573,1.42248676959823,0.670588745803061,1.01471821105811,0.609258559656582,0.898177708159456,0.94474726428032,1.34505203664011,0.557341066404665
"69",71,1.36511729488721,0.745281769326573,0.664616443437263,1.00222161074214,1.38521758752607,0.805357932117229,0.184738726117729,1.05514242241042,1.01472422385545,1.08060865737389,0.277962918224377,1.05280350283915
"70",72,1.96260297036673,0.726750732793518,0.861400137734369,0.938314148624558,1.39764134013543,-0.147970613910485,0.285288335838237,0.318386524949294,0.712136566202316,-0.203605730594462,0.331191421200134,0.33931762130626
"71",73,1.15538532354378,0.64123316045815,0.781248824665001,1.00038420119126,0.93924880561902,0.651367430928967,0.482782691960397,0.88407637995832,0.812931224310668,1.0158043455887,0.617962775390305,0.883736847208858
"72",74,1.13445825086063,1.00384158061729,0.778238808573013,0.832748190256244,1.3927525244514,0.48894870517517,0.748821770099784,0.71109325558779,1.22768072196119,0.487077557471272,0.962200499192312,0.853911499187985
"73",75,1.4498449004327,0.699204805362594,0.718463838455538,1.11988785818433,1.10441405925081,0.0116670393662881,1.0929453520318,1.04203480776246,0.761746348813729,0.0166861544383091,1.52122527750495,0.930481387173806
"74",76,1.58626818295359,0.86746647483926,0.748627551492767,0.933755072421616,1.217368567558,1.07617438242388,0.909733209001299,0.87785201207377,0.767441836531885,1.24059478220561,1.2152013470347,0.940130916555166
"75",77,0.774281329618276,0.873227936234135,0.455340358053768,0.946405703417163,1.2060512994121,0.447769819027034,0.272228280002755,0.365578251128911,1.55763965018592,0.512775416872343,0.597856691566552,0.386280693162485
"76",78,1.81754670771658,0.791541956130488,0.790030728970673,1.15311689236068,1.99920052530267,1.17588055457134,0.998051495616807,0.761530778927855,1.09994451136516,1.48555682420136,1.26330718416126,0.660410738905089
"77",79,0.490990848573441,0.7988509268126,0.449644362575246,1.19730607997695,0.774133909816577,0.606351689646861,0.773081001805503,0.700020126883389,1.57667686081278,0.759029838102827,1.71931656693712,0.584662634384071
"78",80,1.55337863166011,0.965824793478338,0.57644721596605,1.04162106423373,1.69438706086872,1.15561785258177,1.40182773294597,1.031571011649,1.09077531152718,1.19650878749955,2.43184058161629,0.990351527124576
"79",81,1.19317509340217,0.743493274059231,0.887824113208712,1.07606143541387,1.15972939916775,1.41787635079058,0.81906650945357,0.890686827385851,0.971969164945389,1.90704664085183,0.922554926440731,0.827728601799842
"80",82,1.58662729365967,0.843324352101702,0.746140127267888,0.959880724710107,1.67848666323214,0.766106587689279,1.72367570035102,1.07143130950508,1.05789599733948,0.908436458380476,2.31012330976293,1.11621296471878
"81",83,1.75000212388549,0.872434687611406,0.686793517908148,1.02378219128192,1.85194615769886,1.00277135194446,1.35535793804721,0.52570038171849,1.05825366290815,1.14939417951147,1.97345767353104,0.513488499990644
"82",84,1.05104015221478,0.817620310889164,0.757356279761312,1.02262941109095,1.09355022198609,-0.0463103542962737,1.48635367673861,0.364079812190311,1.04044571435423,-0.0566404157033612,1.96255542663097,0.356023216466958
"83",85,1.49826317733422,0.879593492945048,0.807804972815701,0.968888814566579,1.64582113604975,0.837000174881234,0.465902737265515,0.871643429921007,1.09848600763056,0.951576133287204,0.576751509267832,0.899632049432758
"84",86,1.8132790845618,0.892497660080933,0.765726824320245,0.869995388906083,2.08457569929716,0.290702788717018,0.842247004621181,1.14454317421197,1.14961657973402,0.325718264281675,1.09993143490678,1.31557383959368
"85",87,1.3877030290168,1.03219875913352,0.785953677741059,1.15782976957846,1.44225664627604,0.487093156996368,0.566215003694692,0.215307679636873,1.0393121699085,0.471898607401213,0.720417779991912,0.18595797525163
"86",88,0.257424811387226,0.832300983773313,0.830620074194051,0.935021110915725,0.80696814937524,0.207073358154245,0.973545828210553,0.635889832077927,3.13477222738012,0.248796243416004,1.17207115317455,0.680080721872857
"87",89,-0.0508405395393613,0.697688783477481,0.637414019469304,0.869451518361014,0.0726790673809874,0.560130715050273,0.544965300044473,0.711354114796795,-1.42954949021968,0.802837494761519,0.85496283953434,0.818164210165226
"88",90,0.966759218103926,0.94680846732621,0.853087527837093,0.938440053973766,1.00748113179334,0.516735228438475,1.00193643357838,0.913881142171717,1.04212208472062,0.545765322418099,1.17448257169892,0.973830068635651
"89",91,1.68326221569846,0.821302817021319,0.738342469382121,1.00010910594694,1.66269301166411,0.881824265951835,0.737612740847065,0.979180773614739,0.987780154605434,1.07368956696145,0.999011666583846,0.979073950824208
"90",92,2.08340554430583,0.872010887074277,0.904791270566365,1.20045756810284,2.94488077180286,0.513865431841877,1.0872943008927,0.697068541668851,1.41349377698045,0.589287862638929,1.20170732882081,0.58066903836549
"91",93,0.95439520908354,0.841032717359196,0.80226614792579,0.825731596832952,1.27810041617243,1.09681555366177,0.20748486083967,0.842727642034451,1.33917312661254,1.30412947204447,0.258623477228984,1.0205830142224
"92",94,2.04483022685798,0.934522640633734,0.67579597874367,1.03894612953421,1.76469905081031,1.12755046102237,1.19244073061405,1.02784763020516,0.863005166703687,1.20655232093439,1.76449811499447,0.989317541099046
"93",95,1.1596091265327,0.87631449629312,0.541158913609848,1.00584336037385,1.31074682921373,0.356901847506048,0.914929035577579,1.34960707165922,1.13033504068129,0.407275982556229,1.69068458925395,1.34176664561129
"94",96,1.44515134937398,0.795223412945942,0.860727534802696,1.02756275244895,1.20955633678718,-0.113153852440311,1.20479286929715,0.929302761307277,0.836975543987929,-0.14229190262536,1.3997378038723,0.904375678363687
"95",97,1.83860529393527,0.767219717881252,0.689423120033977,0.986269825865898,1.85860858999079,0.412067731430259,1.32280244666317,0.643096204114574,1.01087960320875,0.537092206869008,1.91870914714606,0.652048949738441
"96",98,0.973549610217159,0.858836131114325,0.907501251861611,0.873343775810802,1.33809304279166,0.705347660595579,1.57326203487493,0.82206323263267,1.37444772074141,0.821283170376638,1.73361968553498,0.941282522875343
"97",99,0.905802700786856,0.883260300252358,0.650980488539822,1.17077727329562,1.22468073014342,0.931618079890678,1.15108120444615,0.527166962143162,1.35203916822014,1.0547491827998,1.76822688960782,0.450270921863081
"98",100,1.86292639281549,0.783790910816321,0.551117558714084,0.954332185672082,2.49709514219465,0.197195719966808,1.30652583206232,1.26884573280728,1.34041535501611,0.251592251511858,2.37068445997406,1.32956401539963
"99",101,1.01641239551801,0.823531725296674,0.922142986672651,0.860734042378335,1.2609490558705,0.686612835269988,1.08571558108531,0.538249684767635,1.24058803437542,0.833741814891999,1.17738311387356,0.625337976967162
"100",102,1.3491033136677,1.00210224879743,0.697970845612281,1.03062519973465,1.94210395635165,1.3629052611995,0.550591190897323,0.791081326808264,1.43955169087222,1.3600461059089,0.788845543275276,0.767574213217318
"101",104,1.29654696322043,0.893259656837649,1.04661165264842,1.18366153626623,1.30647003093245,1.10792537719495,1.03079071914253,0.46123324967446,1.00765345798765,1.24031726801283,0.984883663901648,0.389666501396492
"102",105,1.35564792974883,0.760764111891151,0.929458851224367,0.968273848451509,1.96522151779624,1.17228789347603,0.691982947845802,0.822762391924246,1.44965479212612,1.5409347985171,0.744500896337971,0.849720761580033
"103",106,1.22349066305143,0.842733841953025,0.757585442394463,1.19597758080519,1.12107015688946,0.112356065320801,0.599909809633902,1.40163327821787,0.916288281345337,0.13332331007429,0.791870825471245,1.17195614760122
"104",107,0.896712752793653,0.834204818715277,0.663538892486707,1.02839390432155,0.812410006067094,-0.0604034531325373,0.590394102812242,0.885798533028224,0.905986898854824,-0.0724084203032561,0.889765633178871,0.86134167978427
"105",109,1.72736803718924,0.76677710055796,0.833559406388536,0.862298890070849,2.22711507349521,1.08971171585457,1.25675857921228,1.09392755553776,1.28931126751607,1.42115839800331,1.50770127429464,1.26861760827255
"106",110,1.19705149543289,0.59361711293338,0.690295902403906,0.983710746983684,1.32607585034676,0.242700641742149,1.1678841974824,0.801743894807934,1.10778513322621,0.408850480308486,1.69186024922838,0.81501996116876
"107",111,1.23426896102533,0.8736208148799,0.781510703582769,0.921592846214955,1.50160655612526,1.27816295394933,0.853687705368545,0.886193952265644,1.21659589890185,1.46306375967592,1.0923557431202,0.961589443652155
"108",112,1.84360404468813,0.859468786377056,0.605193594477685,0.838899638300238,1.60673349527623,0.741247679152226,0.958462604802993,0.318978503776355,0.87151766666255,0.862448632110107,1.583728931616,0.380234403751398
"109",113,1.28196504481541,0.7951889396745,0.718398900216153,1.07094652008214,1.52923239055741,0.864096981652676,1.40402489801144,1.51080120644119,1.19288150386159,1.08665618765571,1.95438063391939,1.41071582764499
"110",114,1.17290358375304,0.763381972094917,0.857371094061316,0.904049690879603,1.82567974231259,0.842374677139401,0.884523575306234,0.711968174285673,1.55654716005795,1.1034772996115,1.03166946195526,0.787532125134579
"111",115,0.850740398541546,0.837972479237099,0.574480277880035,1.10359977562828,0.532513668566824,0.930583759516516,1.87419012570857,0.531589360787289,0.625941438163429,1.11051828380299,3.26240986483429,0.481686724233568
"112",116,0.908477921108815,0.725111279528245,0.857530946611009,1.04199417632816,1.34895236960416,0.480395448107418,0.93098832698968,0.884929213014672,1.48484882049499,0.662512722764375,1.08566149206507,0.84926502769242
"113",117,1.39242961349747,1.00096264384959,0.688042799148611,0.993034006282425,2.03957653713854,1.023927375509,1.07491554518508,1.52222162480973,1.46476095981296,1.02294264606229,1.56228005948931,1.53289979515243
"114",118,1.78441585794644,0.763130652684739,0.896330231476363,0.813627998790019,1.88648098397545,0.137317380886641,0.780400798722563,0.96887952057874,1.05719806040418,0.179939542991164,0.870662141381921,1.19081388794339
"115",119,1.32429510242988,0.78790168111179,0.740908842750243,1.12643650698394,1.51588328053192,0.417554406973788,0.698769106248016,0.73518928969872,1.14467181653885,0.529957502292147,0.94312426297167,0.652668202016294
"116",120,1.44651824547512,0.813311868513821,0.964516839962905,0.876119214357601,2.12607832185554,0.72614471897007,0.671852600096841,0.792511783500814,1.46979018654356,0.892824446662714,0.696569071953871,0.904570714251381
"117",121,0.866572002045542,0.895005949599876,0.804027548875302,1.07647191171659,1.64885245221855,0.595339873755633,0.656917787547419,1.45026703970854,1.90272989241105,0.665179794639117,0.817033929330326,1.34724094881016
"118",122,1.51780689546086,0.950241961006998,0.926260006856428,1.03259583046885,1.76376514112111,1.04123845593977,1.1536089659254,0.990596156804626,1.16204844397255,1.09576139411518,1.24544831622447,0.959326125067581
"119",123,0.462365972348435,0.953799345003029,0.819301380015687,0.97924717257026,0.466376053781418,0.35955509596891,1.22168319541719,0.613813016063569,1.00867295967438,0.376971422608566,1.49112796001124,0.626821330974564
"120",124,1.03509666859569,0.80145350754259,0.917011233758687,1.03033117193107,1.402361972699,1.10521937815584,0.891018599797006,1.10987617207801,1.35481256509266,1.37901870508328,0.971655053935226,1.07720333259243
"121",125,1.52377090810271,1.02725764607752,0.713318514266577,1.08702515427304,1.61319578900323,1.24583448154221,0.918504024915737,1.16325769882724,1.05868656529994,1.21277703436845,1.28764921496553,1.07012951287699
"122",126,1.44402986214477,0.642515586733167,0.870362637029796,0.933499003226086,1.36156537398259,0.751895619013974,0.294566190432544,0.26707115046126,0.942892809682134,1.170237165509,0.338440757794685,0.286096878023744
"123",127,0.888428472368825,0.944944288383968,0.840236043725444,0.993714013205721,1.20564393321896,1.27046282176581,1.33975842021366,0.730076392978815,1.35705233534934,1.34448436525135,1.59450243799758,0.73469467399739
"124",128,1.52515022879373,0.858047147538024,0.619192735619924,1.04292782168133,1.89605556854867,0.860820170516174,0.610056510822054,1.37949530509844,1.24319265915745,1.00323178392482,0.985244941885951,1.32271407130987
"125",129,1.55800243235331,1.00566821931856,0.732285683471075,0.855110045878796,1.51908037461583,1.26781479795049,1.11278736737823,0.795137825203898,0.975017973701945,1.26066904929099,1.51960825193736,0.929866078683166
"126",130,2.03806927712861,0.793289799286646,0.872413278932389,1.00505872870372,1.86924319868699,0.772090931320124,0.84507980654584,0.507599565570205,0.917163719439666,0.973277271451637,0.968669123858364,0.505044681543021
"127",132,1.86788252827522,0.822559757469301,0.807923058824688,0.877782794535914,1.45928494828756,1.04885103409592,0.963731083178494,1.01519143895405,0.781250922473722,1.27510618477475,1.19285007730868,1.15654059896536
"128",133,0.79515243153218,0.859885984543655,0.878503999278457,0.973060938254632,1.62658493034603,0.945931764808942,0.7648628305618,0.993035835773329,2.04562655642235,1.10006649929403,0.870642400250887,1.0205278998811
"129",134,1.39110292013165,1.02092862435387,0.904540254439184,0.90193325376068,1.6712283840899,0.586389912313399,1.53203792642179,0.213489693825028,1.2013693306975,0.574369156006881,1.6937200073773,0.236702320193724
"130",135,1.58238110138532,0.942835666643866,0.649009282730354,1.01631176672973,1.05388167115369,0.756566055537441,1.07239287923738,0.825402616825597,0.666010021372888,0.802436821498837,1.65235368395021,0.812154934977837
"131",136,1.56825979588919,0.884545581909636,0.829437002281727,1.04660255531383,2.00896800472633,1.46222906120249,1.21414833732026,0.378570944989575,1.28101734801361,1.65308503157711,1.46382224807938,0.361714141693509
"132",137,1.21204202914231,0.943202128519382,0.899221478205286,1.13829606409645,0.768589743701792,0.611868710142796,0.383572310200465,0.935231478585609,0.634127963570434,0.64871430167709,0.426560440889401,0.821606529341705
"133",138,1.02989508142288,0.763207428861505,0.528914185900465,0.983504329326539,1.08877314257444,0.219018523840936,1.270047557612,0.843518283250654,1.05716898955398,0.286971163485202,2.40123557179653,0.857666060126302
"134",139,1.4598614200245,0.858865492041356,0.678861090575595,1.13131621987284,1.60576056101221,0.51837451710047,1.72340720869537,1.09921162614871,1.09994040460722,0.603557276318548,2.53867430704288,0.9716219098072
"135",140,1.56682115681555,0.902061530452978,0.834283815617433,1.02096126394129,1.54957286395953,0.814629581419778,1.34184499794444,0.952158198735327,0.988991536921114,0.903075404413604,1.60837951405227,0.932609524341447
"136",141,0.737741158481272,0.727809648447861,0.82009708226962,0.92661702659624,1.12883703381865,0.666082809323435,1.29351812091448,0.71897756526467,1.53012614362264,0.915188209917159,1.5772743848017,0.775916635058719
"137",142,0.717893602216687,0.694079161625346,0.828961293818693,1.03727537939036,1.06952210179921,0.965090821413293,0.890643830272878,1.62464696660655,1.48980586885964,1.3904621760338,1.07440942890112,1.56626388602939
"138",143,1.40596451615086,0.889448398119105,0.718001670263408,1.0015323917904,1.85798448967101,0.29325052341107,1.01047377731641,0.647998111344987,1.32150169391021,0.329699310304229,1.40734181989536,0.647006643675884
"139",144,1.40925371561444,0.737644690608051,0.727286342156041,0.906266351533605,1.35218264073757,1.02901789054351,0.902770420182354,1.07343444941702,0.959502625932773,1.39500480874509,1.24128609029848,1.18445802119932
"140",145,1.41794605894745,0.803019357995996,0.884635671734613,0.984979397349199,1.13664320436774,0.52284534723173,0.864892571335252,0.758550818952643,0.801612443008925,0.651099306667445,0.977682224411493,0.770118462369948
"141",146,0.971900520973133,0.905545761196497,0.768553106835487,1.00844194454066,1.25662971677479,0.883112562575612,1.53217495618701,0.873486842297482,1.29296125442609,0.975226874684672,1.99358371277131,0.866174643990388
"142",147,1.01953764018796,0.734507574882319,0.827841589980137,0.991642260942655,1.76519363181797,1.42333134654892,0.938615375583878,0.894419132425041,1.73136681004984,1.93780349614088,1.13381036534586,0.901957457495615
"143",148,1.41786608805447,0.947799157413645,0.733235012841133,0.899092039446248,1.32243632633,1.01849762720928,1.52209303792514,0.585527740685737,0.932694799227893,1.07459224799119,2.07585973292157,0.651243382208527
"144",149,1.83436657682133,0.741618424600979,0.81561091270265,0.887724329139729,1.8893509435838,0.916224267602231,0.922967456111247,0.589676183080359,1.0299745794855,1.23543892277919,1.13162715424301,0.664255967448588
"145",150,1.28935587069969,0.806354225937431,0.613609076561029,1.06521567646585,1.51136805598917,1.17480608275172,1.17357506342071,-0.104443441794798,1.17218844721978,1.45693548190429,1.9125777441201,-0.0980491032025729
"146",151,1.45207943463353,0.877514394169277,0.726681477929829,0.901927503654823,1.91073182285608,1.32784658178236,0.954691614198264,0.17128308594355,1.31585902071418,1.51319065602269,1.3137690214948,0.18990781991842
"147",152,1.21718851170693,0.863514833105046,0.721490707474093,1.05277482197838,1.64595420511391,0.801165164274053,0.98761264544865,0.664555660318852,1.35225907021231,0.927795486029124,1.36885012546626,0.63124197733948
"148",153,1.91646389680433,0.776534279881002,0.835449071443057,1.08642723055736,2.30233018038972,0.0810239124527883,1.52952893772424,1.23746000671405,1.2013428399193,0.104340419414845,1.83078656737545,1.13901784851178
"149",154,1.54935793002531,0.541745631962305,0.914846878264896,0.91611074552039,1.69263700827566,0.806648566612266,0.538263778762645,1.17593019200161,1.09247642231257,1.48898028709605,0.588364885480638,1.28361139496692
"150",155,1.94453404096966,0.587144333924083,0.944498145011652,0.928192766823878,2.49383200845316,1.43496086441518,0.95348030189683,1.37904880789014,1.28248308124736,2.4439661280981,1.009509978323,1.48573535280717
"151",156,1.17628150210848,0.822401009455235,0.714045944398087,0.89797035337493,1.35802225313828,0.800553546742399,0.195638665469598,0.277287896910888,1.15450447082951,0.973434538063969,0.273986102721322,0.308794044111512
"152",157,1.37529751347609,0.8330522110763,0.759082364976471,0.971866482062113,1.44935275998422,0.765592957213504,1.35555928341968,0.763051169157894,1.05384671009907,0.919021577560379,1.78578682098838,0.785139917099359
"153",158,1.22878007881743,0.984609799327841,0.744022749902913,1.10595708454956,1.3144220986521,1.08476927467642,1.05778222739648,0.936521497253886,1.06969678407961,1.10172504419208,1.42170683293556,0.846797321828554
"154",159,2.08625878163945,0.883045373381495,0.743539715722061,0.856501241301627,1.79692341808142,0.73953321445713,1.05794108967411,0.475584174470643,0.861313770801405,0.837480424845208,1.42284408929888,0.555263847309663
"155",160,1.02983514056115,0.834867644933436,0.82244227513949,1.03095010386009,1.6861048479573,0.807168058798713,1.33229861191794,-0.242756333229752,1.63725705362759,0.966821583872816,1.61992963176896,-0.235468556936774
"156",161,0.913341133499028,0.679502914640951,0.639618611103264,1.02012972451512,0.774747792183808,0.224491070470662,0.686189393959651,0.254620647530025,0.848256761650199,0.330375434208818,1.07281023730072,0.249596341927052
"157",162,1.42682900112241,0.851693706254026,0.698734718423632,0.961502757976918,1.41600971114683,1.39452763522636,1.07748640604094,0.539029696217928,0.992417248340853,1.63735815468199,1.54205362583354,0.560611700534371
"158",163,1.02741675123647,0.905381666296497,0.646189637736194,1.16273436503053,0.98278701964125,0.865420245275979,0.504570111560406,0.486455170640754,0.956561218666616,0.955862347882544,0.780839063479993,0.418371715218015
"159",164,1.10154350118836,0.810772537210612,0.782942542422677,0.927283574898952,1.17403693982729,0.333185561013002,0.861905033556122,-0.0164770641286733,1.06581078147229,0.410948257028162,1.1008534941646,-0.0177691750125832
"160",165,1.4378517057242,0.718234858398739,0.75433080479781,1.07950300310785,1.72954192517726,0.827795605056081,0.656380205804426,1.44499943559384,1.20286530126286,1.15254167265232,0.870149013708066,1.33857843047564
"161",166,1.31864057985264,0.883333124379674,0.919343839725812,0.879894693827514,1.47890760567119,0.789925896483415,0.792740660114683,0.501054964045864,1.12153958270908,0.894255943405434,0.862289630777438,0.569448784679324
"162",168,1.1125074998374,0.697080057746333,1.11880919026507,0.939731911115424,1.30974301255154,0.79096289444766,0.912394274884502,0.790180433943797,1.17728915332524,1.13468013559999,0.815504808883752,0.840857296211092
"163",169,1.31378178133104,0.800144043031233,0.935692581369087,0.933988891072791,1.07384269100689,1.09026779164359,0.885763063737595,0.475650074260899,0.817367622436463,1.36258940017007,0.946638972429988,0.509267378667172
"164",170,1.26263538941001,0.924156189667939,0.759198628043499,1.02630412343284,1.05483047391415,1.12118842636839,0.700167263195267,0.615986693366497,0.835419696581641,1.21320231244813,0.922245163956158,0.600198985176159
"165",171,0.545169515766755,0.858109587399835,0.559208084927953,0.953195911026225,1.00481345988264,0.659160534977464,1.07524939815034,-0.0630228138440459,1.84312114089764,0.768154259847849,1.92280731829704,-0.066117377461465
"166",172,1.09125139055791,0.693485706867025,0.594325220555096,1.17918292515048,1.62374811250301,0.678505933878598,1.14437321888652,0.868599021041573,1.48796888283721,0.978399305364055,1.92550001128622,0.736610921440139
"167",173,1.59264359699218,0.691784606501386,0.635408058888766,1.01533479032841,2.16936332600344,0.666989247979847,1.33934203711842,0.659458332715812,1.36211474437873,0.964157400600545,2.10784553072985,0.649498410768047
"168",175,2.01979494408675,0.868638547202049,0.9707799274864,0.965058048752655,1.7443771767806,0.0652557047063848,1.15010460579832,0.261534348107817,0.863640728425192,0.0751241179850681,1.18472227662993,0.27100374785315
"169",174,1.30619717740566,0.888450511813536,0.91810051760687,0.94871590554693,1.00288799123208,0.528649599397533,0.806958688050681,1.36897019438514,0.767792189862177,0.595024249936482,0.8789437241078,1.44297169087298
"170",176,1.62087508612062,0.786946363468743,0.800395325064843,1.07330277597189,1.86113227611487,0.247331333341285,0.993097578455389,0.547039081967063,1.14822683873147,0.314292491614149,1.24075884423105,0.509678251294664
"171",177,1.34833370382927,0.953415286939337,0.54759205298141,0.9794325450347,1.84271724162068,1.10363377016759,0.766661862895757,0.527885035876566,1.36666259723936,1.15755829100505,1.40006024324423,0.5389702828977
"172",178,0.930334158323787,0.859523150547761,0.851770540186577,0.977742241805931,1.69272457257287,0.254673956583637,1.00424544391052,1.19247110143856,1.81948019152893,0.296296797150068,1.17900936523414,1.21961704266353
"173",179,1.27751249539612,0.754937206843556,1.08689183124774,0.910491563068784,1.09241318555257,1.0545650221708,1.16596552923735,0.876619001712537,0.855109589526045,1.3968910428723,1.07275213201192,0.962797501118978
"174",180,1.21777039522436,0.945880322761547,0.906093856927815,1.12414104393186,1.89780280709372,0.811175504890594,0.892790856727934,1.12516787610488,1.55842416151369,0.857587884397811,0.985318297769962,1.00091343713367
"175",181,0.994408448720338,0.750351517816959,0.789072304018042,1.27350533246441,1.23367068325542,0.808424761574433,1.30450704989627,0.468764328074078,1.24060760429276,1.07739471751377,1.65321611625903,0.368089803885592
"176",182,0.896719834791097,0.78164739208807,0.862434914003297,1.14451458716277,1.11050824816002,0.737964330926669,1.26980576752998,1.13178183479145,1.23841160312767,0.944114108735517,1.47234967753767,0.988874975894465
"177",183,1.53002685451044,0.888803239367634,0.923264392847633,1.01254193480304,1.81423868873064,1.08077682688362,0.789830595322089,0.0611494035217866,1.18575610838618,1.21599109793138,0.855476071037471,0.0603919713544325
"178",184,1.33669289499145,0.961360383731169,0.85132384637666,1.02955231723208,2.05311368019305,1.2734069769192,1.95399818305416,1.36150785494621,1.53596513296809,1.32458857101739,2.29524662250519,1.32242707063842
"179",185,1.36194786041317,0.93188327629702,0.765175929871019,1.06576865924663,1.6883864186712,0.809354689620597,0.853443229963423,2.37184443739405,1.23968506265651,0.868515092186965,1.11535556287988,2.22547774961845
"180",186,1.9479020480393,0.93015894176083,0.701418589854462,1.04912917538468,1.85238160788006,1.3176785282136,0.0411267274087545,0.166971401648343,0.950962400673385,1.41661652547163,0.0586336433103205,0.15915237662428
"181",187,0.801073605342202,0.623201539318202,0.532398526416248,0.952713545627296,1.02179385793645,0.459054219841491,0.929525770894614,0.666751616741575,1.27553055190224,0.736606363879826,1.74592100611465,0.699844795743474
"182",188,0.487928232047367,0.753634903779584,0.978912334500936,1.07950300310785,0.906076520205948,1.27500478060885,1.04029706929996,1.34936013796352,1.85698727946939,1.69180696676139,1.06270708074214,1.24998275510004
"183",189,1.12490977367409,0.986770677139009,0.722783101238489,1.04906673490013,1.15115476283314,0.0899115027474409,0.799936088679302,0.688594557788628,1.02333075040617,0.0911169178720689,1.10674431556107,0.656387753877432
"184",190,1.19344529292201,0.818681824016905,0.812576395721289,1.12588980139359,1.2250037684767,0.813517985702189,0.858533728305833,0.856602619109138,1.02644316898466,0.993692496690131,1.05655755302091,0.760822789271975
"185",191,1.67800083020031,0.729982972792166,1.03233243495955,1.03177627584325,1.73781727405576,0.826845674923354,1.60706792292005,1.33552218404457,1.03564744592427,1.13269172808331,1.55673489323526,1.2943912506159
"186",192,1.0992189862024,0.865123040671451,0.786142241461044,1.14034231772203,1.77596007273806,0.479531742725351,1.33204784992373,1.31176095678829,1.61565629326844,0.554293112287439,1.69441073087247,1.15032208872919
"187",193,0.852139479322509,0.855719472950246,0.833510817233444,1.09864520255998,1.45552023125056,0.462864793897559,1.19120614938154,1.27790497846111,1.70807745277541,0.540907164706385,1.42914299940983,1.16316439145543
"188",194,1.37503767549958,0.679068003279555,0.900427878260622,1.26041471744957,1.38188782021717,0.528445769395577,0.552245889396244,1.71877964072973,1.0049817869282,0.778192709483368,0.613314961397053,1.36366198913296
"189",195,0.515599670496668,0.933304343346542,0.82977260285897,1.08695922122761,0.614157608170427,0.612437697137871,1.40377460794647,0.573262072701593,1.19115205713537,0.656203629077583,1.69175820352442,0.527399797072565
"190",196,0.783667949553992,0.833790621637377,0.912041181689773,1.13922261172635,1.26841098005867,0.942528837442351,1.45152334631931,0.81847951663717,1.61855666137751,1.13041429464802,1.59151075133473,0.718454416382118
"191",197,1.19295564264681,0.850516547656817,0.600023966849819,0.999475275259252,1.04070029476682,1.07862761672701,0.315381065180379,0.723855223930465,0.872371325104609,1.26820297582527,0.525614113109778,0.724235248083256
"192",198,1.60849578233922,0.80325793632248,0.980886515643188,1.24170182938621,1.41095661896239,0.735684048248393,1.57999955191541,1.10782502115742,0.877190126610373,0.915875231331722,1.61078730996661,0.892182805033819
"193",199,0.918246568700462,0.877338274371079,1.04017156821002,0.904606921703751,1.09057851169055,1.09616890912556,0.531685141444527,0.507722663638881,1.18767501983043,1.24942561056208,0.51115138857283,0.56126329730335
"194",200,1.55697324141793,0.832375304626255,0.528399301498655,0.919845973328028,1.50265706102261,0.357391396169,1.27538426585643,0.529296652032368,0.965114249268756,0.429363286227566,2.41367515482924,0.575418784644301
"195",201,1.07229763607547,0.921847317791798,0.826675861064204,0.899390423014911,1.29808824256044,0.526672382663445,1.10107774035803,1.08251459998324,1.21056710272284,0.571322791202605,1.33193406535493,1.20360921384338
"196",202,1.30785575029505,0.756655840750897,0.706882453954291,0.998611082853171,1.49731283072376,0.409860037065511,0.741982304135574,0.664559839956683,1.14486083835008,0.541672997143285,1.04965443686561,0.665484142292856
"197",203,1.75179723041114,0.810671763813188,0.882422242675855,0.909105372222303,2.26608763801878,0.588278632041795,0.797950213961448,0.245712923637608,1.29357873084829,0.72566809194721,0.904272552720051,0.270279915998037
"198",204,1.37003374348328,0.919130448228119,0.850380549460154,1.0058150710671,1.44117837049082,0.843479336447375,0.937271781907134,0.363800946102624,1.05192910564863,0.917692736731132,1.10217923317054,0.361697648571377
"199",205,2.226670383649,0.910273934100002,0.862407911584517,1.09932896017364,2.00475106437536,0.779747832985272,1.03620790959187,0.910474319079172,0.900335801426542,0.856607888872724,1.20152876112653,0.828209164011618
"200",206,1.68292768660808,0.790576942803925,0.79832035383798,0.945621349534742,1.95069487233015,1.5881161636503,1.33372433296166,1.13201297157666,1.15910795683786,2.00880657867121,1.67066306971843,1.19711020921178
"201",207,0.755530061101033,0.60677886958428,0.905729968769246,1.14292972493465,1.22146883075932,0.562002100637032,0.609723534095577,0.853259116413142,1.61670447497387,0.926205787327556,0.673184674372762,0.746554313706321
"202",208,1.71084401566144,0.837177372523631,0.724071558384657,0.969342531221038,1.44090819700497,0.781939640335336,0.757495974572368,1.07151280465642,0.842220672261512,0.934019081258988,1.04616175818627,1.10540162031958
"203",209,1.81647266909259,1.00530685525245,1.0115795711601,1.08475349782886,1.17655177926788,1.21451974072321,1.4851477447983,0.645138165260121,0.647712348931526,1.20810848387005,1.46814722948102,0.594732505174097
"204",210,0.938636727022005,0.72304080219298,0.96717743858869,1.07632706468566,1.42990348148531,-0.16897247304584,1.32423267037691,0.512873606631319,1.52338326460113,-0.233697009260539,1.36917241608658,0.476503493648657
"205",211,1.91699020247262,0.827273190299306,0.926325675933216,1.00309611688138,2.19970983529708,1.32229596461908,0.537747947154581,1.18692461541174,1.14748100040355,1.59837884283507,0.580517156250509,1.18326110074265
"206",212,0.116838524402433,0.918624560966329,0.862028203123557,1.11480784340185,1.26477553220898,1.38600913917727,-0.456252501529739,0.720199321203998,10.8249872092928,1.50878737415783,-0.529277928351426,0.646030009087753
"207",213,2.41477102555028,0.848784556253634,0.918884547683282,1.0979926476705,2.54211216506686,-0.0729796365772067,0.407924706138275,0.581479970566603,1.05273425023292,-0.085981343604229,0.443934667490868,0.52958457581685
"208",214,0.836309793421786,0.729889287160044,-1.20100679927683,1.22662041124557,0.896770067830703,0.609610328593087,-0.243357813110344,0.758741410931245,1.07229411264161,0.835209310942272,0.20262817267719,0.618562518587787
"209",215,1.92825462066867,0.650229790109701,0.739027302547652,0.949380100288303,2.3682155256045,-0.346524239887647,0.871431053754361,1.03487824347187,1.22816535753109,-0.532925813548445,1.17915948538068,1.09005680986741
"210",216,0.8794255132568,0.741864310286063,0.701570333699781,1.01521978884839,0.813915175724978,0.753098597475481,0.504076033478547,0.479969253887627,0.925507804192289,1.01514331803492,0.71849679107762,0.472773737430865
"211",217,0.131768419053933,0.740502285055105,1.07423592075959,1.03873223320007,0.227514926934227,0.529428616499441,1.00340879199382,1.27394382032175,1.72662712786366,0.714958788358152,0.934067435842502,1.2264410207018
"212",218,0.940635527968635,0.881482612791028,0.836670549241372,0.917306515882038,1.00768331203498,0.417509371389792,0.29472962631396,0.684968072252423,1.07127923842207,0.473644477306067,0.352264850939474,0.746716675825409
"213",219,1.86151752077417,0.809089348402018,0.867239341217134,0.783791766841183,1.99365996391684,0.489750729122522,1.39907616959745,0.41205578982662,1.07098640849091,0.605311057536226,1.61325265483679,0.525720997921778
"214",220,1.37032307148906,0.682804553538596,1.19406245804106,0.943871628013276,1.65390007932774,0.733901415177135,-0.460208259089202,0.776349680085002,1.20694171596377,1.0748338032805,-0.385413891869781,0.822516173856306
"215",221,1.45719691280267,0.831494825146234,0.70030617384946,1.03661028564005,1.70753228665285,1.06177907519203,1.23618238552886,1.55738111914091,1.17179241298879,1.27695211453096,1.76520275229587,1.50237860912148
"216",222,1.49987819539588,0.743902929311651,0.874982467761048,1.07502338633022,1.62940058111668,0.345522559085468,0.418730269311728,0.722323218707477,1.08635526946014,0.464472642156669,0.478558468015019,0.671913958237923
"217",223,1.23570883530676,0.827826367164015,0.777631453295341,1.07844893497429,1.46217392489648,0.496895227606415,0.264746177390668,0.501255542472839,1.18326735483242,0.600240880595153,0.340451992095694,0.464793024701524
"218",224,1.6214981712388,1.06344129200811,0.607809461095008,1.06052274027695,1.92024096152419,1.01806784024086,0.787474195961702,0.945480868523608,1.18423874635465,0.957333374105152,1.29559384374014,0.891523427660495
"219",225,2.3130772665578,0.700030152550548,0.914628639498668,1.14947193013835,2.43291315539482,0.95503240239757,1.5787779066153,1.17347657917004,1.05180799213653,1.36427323725689,1.72614090400741,1.0208831972337
"220",226,1.02659405315201,0.747818764928691,0.761401623597593,0.932910412323441,1.56968162665212,0.549811324471072,1.39546670815497,-0.109912170620592,1.52901881891157,0.735220016207403,1.83276035262631,-0.11781642606695
"221",227,1.23250727543287,0.834050689714669,0.794274404945355,1.03872092382365,1.39588847641831,1.0782946187113,1.2533411836266,1.20044789032263,1.1325600296583,1.29284062948283,1.57797000107643,1.15569818879132
"222",228,1.35870339961366,0.791279504140097,0.886122261566795,0.950300217005776,1.52543010672383,1.48641141989621,1.36030658400861,0.529490181252781,1.12271015672558,1.8784909910077,1.53512290911571,0.557182006041321
"223",229,1.25694885582035,0.947944783296913,0.803896438377059,1.05966912283959,1.62049844233706,1.03172766500985,0.621784748219413,0.554489759609805,1.2892318051234,1.08838371515854,0.773463743009858,0.523266883651324
"224",230,0.686051782400927,0.747838911718692,0.810011201915881,0.972551842636972,0.9912184853454,1.25106989255082,0.652449059709906,0.529404340120918,1.44481584447825,1.67291360872837,0.805481526880986,0.544345624481563
"225",231,1.53477678347204,0.875712310901241,0.668618147215552,1.05316876307191,1.1227665795743,0.706879201345691,1.52089656984754,0.985671673720313,0.731550406329663,0.807204823486156,2.27468634553412,0.935910471599325
"226",232,1.04880102541608,0.860578652175081,0.607650100431795,1.0076742650574,0.910844374896254,0.788099323672348,1.42604473962839,0.349107355315511,0.868462513692626,0.915778379675647,2.34681889892726,0.346448616801406
"227",233,1.69985028572573,0.794320437258527,0.714722782544535,1.03588179809003,1.70757289414313,0.9632140964526,0.982327299261398,0.021766194783983,1.00454311093292,1.21262660668405,1.37441721916873,0.0210122379060195
"228",234,1.40416184289976,0.624346870985337,0.899191611470203,0.991426930864864,1.87630493799585,-0.172471522449497,0.981380576172818,0.34591776737786,1.33624549583334,-0.276243111745407,1.09140317108634,0.348908988256049
"229",235,0.109452981975309,0.805093172335421,0.815813694618838,1.05998247408155,0.141623906252774,0.416478801191477,-0.0901027664565223,0.170839165845883,1.29392460302929,0.517305096481383,-0.11044527329076,0.161171689177136
"230",236,0.994642034749503,0.859240307937215,0.888814268782305,1.05040572959263,1.13214736672394,0.822602538817249,1.00664223908682,0.972664249128877,1.1382460495037,0.957360276535533,1.13256759532668,0.925989093286931
"231",237,0.591812209443816,0.88820745619664,0.655402334880244,1.0825526366489,0.604391851326483,0.719882106998529,1.14643774613402,0.747489161220446,1.02125613781184,0.81048870055776,1.74921217871996,0.690487590085538
"232",238,1.34085345638326,1.12490052096083,0.574325732721937,1.17551968446035,1.58291730578127,1.03258110623252,1.15328010469702,1.17481113669164,1.18052968297591,0.917931041004894,2.00805925799496,0.999397247210673
"233",239,0.825107757751543,0.835966388329356,0.960368059600368,1.01529270347795,1.15553777628655,0.340917565088309,0.757160689755682,0.518570462441299,1.40046892715619,0.407812526732826,0.788406780282503,0.510759567822072
"234",240,1.10668754990209,0.848807826003014,0.876257750371722,0.934086314814096,0.740833694156872,0.983220780701888,0.742501016752335,0.664905031317311,0.669415404756666,1.15835498988248,0.847354578532805,0.711823972551875
"235",241,1.29943722150556,0.958505604885435,0.872133242691848,1.18975121465495,2.12279899255986,1.08956295369566,1.03246936100326,0.511176865993154,1.63362951085881,1.13673091543986,1.1838436037784,0.42965021568934
"236",242,1.71506897669424,0.858662953560394,0.921045838662594,0.905106991127403,1.56217396673004,0.511256507776522,0.207759524700604,0.685663263985191,0.910851976193461,0.595409998366214,0.225569147570637,0.757549406541571
"237",243,0.731503066100295,0.922780110839996,0.903133158199173,1.13815576412358,0.975480591287723,1.00192220805059,0.603469474274766,0.958691253926876,1.33352905338879,1.085764849373,0.668195457996549,0.842319903958928
"238",244,1.4766109708119,0.898861774777848,0.698734094949899,1.12835798545915,0.840853171960238,0.790783502863285,0.798168393464588,0.804115511361601,0.56944800531849,0.879760965537472,1.14230634977361,0.712642194874345
"239",245,0.586338014729938,0.712839487793221,0.797049427686066,0.939776214039595,1.24123335980375,-0.328492391982575,1.12763464297828,0.805192671779663,2.11692458722031,-0.460822383731165,1.41476124793408,0.856791925301632
"240",246,1.90692422344534,0.522790628990129,1.02818125297126,0.876223218924149,2.28229244028476,-0.668222066029516,1.31122776504235,0.615523581514203,1.19684485215738,-1.27818294547535,1.27528853619255,0.702473488741784
"241",247,1.3664511289069,0.914912672527338,0.741802871821594,0.842102117406293,1.30755394747806,0.534837928477745,0.869344816419068,0.36344814106782,0.956897703706422,0.584578118259439,1.1719350914405,0.431596279780479
"242",248,1.36659703309873,0.924768297713595,0.856232238886598,1.00578737725841,1.60267535169747,1.61859116633378,1.41344992660734,0.594363510437258,1.17274903492468,1.7502667104134,1.65077868178068,0.590943497478942
"243",249,0.765665667589012,0.561380796846823,1.23600652229168,1.09660200236016,0.771792572477334,0.334090153813508,1.5474778442707,0.402085112513672,1.00800206297301,0.595122162514346,1.25199812166162,0.366664579900715
"244",250,1.0672529063359,0.805623506355531,0.406696292158505,1.00272619697046,1.44042983387445,0.378967311324372,0.0870825059395512,0.791027699492198,1.34966119588256,0.470402499846037,0.214121711012826,0.788877065226911
"245",252,1.18430279296347,0.923253433324134,0.71756371800281,1.04301715847084,0.674547023195341,0.506913501492593,0.93265209794968,0.781184986001727,0.569573108501607,0.549051304003792,1.29974812626469,0.748966572272904
"246",253,0.9956150765939,0.784495141441054,0.514997877000468,0.966763479701082,0.61009436036948,0.362729525855771,1.83193939496294,0.674756431921681,0.612781359696435,0.462373196078011,3.55717853757535,0.69795399401135
"247",254,1.07715688849776,0.834050689714669,0.85838256841398,1.05474660126923,1.08299705811687,0.219373879186909,0.794272565568598,0.631908297948146,1.00542183750712,0.263022238207078,0.92531301868835,0.599109110366168
"248",255,0.226219710246037,1.07994209151938,0.764316179144418,1.01582038684589,0.67303571251933,0.440379216599371,0.918959629723499,0.269681470536913,2.97514178489281,0.407780398650633,1.20232916010255,0.265481451277298
"249",256,1.36239055109203,0.927460445172787,0.895252561670548,1.00757818334677,1.79473847359592,0.543952601595185,0.479542907733364,0.782541088477805,1.31734506831198,0.586496819811917,0.535650975227073,0.776655451072312
"250",257,1.41458501598801,0.62616468211198,0.796799825150316,0.999223834696753,1.93359063022253,0.679528630373004,0.828400607068197,0.685299958155787,1.36689602135509,1.08522350395272,1.0396596245637,0.685832277373331
"251",258,1.46379424349039,0.901263314508676,0.658703147489114,1.15684710499774,1.21001313207128,0.747175967582074,1.38591801007336,1.04398974691824,0.826627879876084,0.829031821837103,2.10401000110032,0.902444015642219
"252",259,0.991701287290162,0.799116973282037,0.654429188523521,1.15128315058164,1.31887123457093,0.818843540541934,1.28948273645211,0.993067362717068,1.32990775697667,1.02468545647188,1.97039306782962,0.862574391204593
"253",260,1.87350435086149,0.95875205889724,0.882092187126877,0.965909830810227,1.80541509986345,0.536032250133768,0.490966001045197,1.15018885363979,0.963656742528123,0.55909371475073,0.55659261946799,1.19078284219862
"254",261,1.50606513315092,0.718969688507298,0.694081485776502,1.22324032738863,1.75646522643002,0.269371398100931,1.52722292053991,1.39294438315084,1.16626113158548,0.37466308024778,2.20035104211335,1.13873320880819
"255",262,1.83402468159612,0.537771753279251,0.701722024974859,1.01678649785497,1.52700443022681,0.694191817074707,1.09788504108545,-0.0883727059941038,0.832597535654695,1.29086701345251,1.56455833223246,-0.0869137288708456
"256",263,1.24083359126026,0.831143687266723,0.804838313605788,1.20296689192949,1.42783079692878,1.5353519137845,0.917059771370242,1.28137047773953,1.15070288795018,1.84727615369806,1.13943354319414,1.06517518174111
"257",264,1.78730826199102,0.99424113903707,0.810828513420336,1.08064524847154,1.9889827871678,0.76252827189201,1.05752016249826,0.647413066254493,1.11283701276697,0.766945001521989,1.30424639118487,0.599098609992681
"258",265,1.14152373930219,0.768545978733603,0.62939809025437,1.02741675123647,1.55783334153012,1.15878034997738,1.46678703359026,0.508332374061135,1.36469640349523,1.50775670167034,2.33045993672694,0.494767457752048
"259",266,1.4127851186203,0.893578108581048,0.780433802096405,1.07344137587028,0.764984352444156,0.765025861923511,0.155948849736123,0.613674618069105,0.541472544098726,0.85613764994571,0.19982328971043,0.571688991931743
"260",267,0.570118891051702,0.789769522502452,0.838869987658303,0.911246235087908,0.422693080336858,0.40631304921743,0.560687636139211,0.508694112799511,0.741412163271968,0.514470408949174,0.668384427131986,0.558240015938652
"261",268,0.646906577449649,0.832176607488834,0.847615402134954,0.899349480498443,1.06327004604586,1.28910815595439,1.52580809237497,1.03550304234424,1.6436222525943,1.54908002021877,1.80011841282237,1.15139116083143
"262",269,2.14037829225101,0.802067780141832,0.877133629604383,1.02615422485969,2.14830535627887,0.332539594379624,0.463300190463121,1.29021238341571,1.00370358083735,0.414602858527517,0.52819795619065,1.257327945604
"263",270,0.678819379081524,0.702825887532265,0.888177414036178,1.02442679804284,0.75654572673125,0.868152713277518,0.624737156816729,0.999053163466537,1.1145022520643,1.23523155404213,0.703392303095969,0.975231383418724
"264",271,1.71710718755003,0.936156975025989,0.592722543486135,0.892691663128662,1.24530734015033,0.744587979547174,0.839481465500083,0.987850872948705,0.725235645846392,0.795366588521656,1.4163143864288,1.10659807159679
"265",273,1.82703010086073,0.900132735211094,0.942454426878647,0.938020050680074,1.76339285898088,1.05484228246146,0.908469932593324,0.254995107378387,0.965169023843737,1.17187414833223,0.963940437525581,0.271843983711769
"266",274,2.09772213028846,0.820835094660548,0.905420506712496,1.06114794034112,2.10268211906086,1.31538688865166,1.35097020435684,0.546423150445461,1.00236446414937,1.60249835467334,1.49209145843416,0.51493588186187
"267",275,1.05049091266409,0.912001357436357,0.782129304145021,0.998714938813291,0.960796730078439,0.673497525195755,1.11893828919395,0.185964660226757,0.914616888633353,0.738483029333379,1.43063082186533,0.186203943687602
"268",276,1.01177588355472,0.812772551312588,0.723302619898789,1.12874554344342,1.09110037903043,0.385324671896097,1.22032417808585,0.632386978687253,1.07840125146788,0.474086718693706,1.68715575543831,0.560256456701528
"269",277,1.17628150210848,0.880709292305222,0.420382624973204,1.0308336832729,1.56631529291961,0.238191013972877,0.555251633597855,1.14945825875141,1.33158201511458,0.270453617389935,1.32082441236302,1.1150763478177
"270",278,2.12028528117806,0.886536399176452,0.721811920850573,1.28097561203313,2.55916588200462,0.749864516709341,0.48439895127443,-0.194664752461433,1.20699129721955,0.845836129690702,0.671087491466781,-0.151966009838755
"271",279,1.62628449037344,0.838088021896343,0.84766125960933,1.05497974485329,1.43594441492846,0.391589304771172,0.887698672392084,0.267398549018149,0.882960160678118,0.467241261705569,1.04723279768761,0.253463206590128
"272",280,1.33529175131557,0.927861189534033,0.764381717139989,1.04918904368633,1.86556390569075,0.466276710082682,1.32874413669827,0.531521483476091,1.39712081936606,0.502528519720545,1.73832537710334,0.50660220546012
"273",281,1.00632342209963,0.845955679643299,0.683143659370776,1.06521409244667,1.58076883669662,1.17517681668084,1.17016692874196,0.375003590304757,1.5708357790167,1.38917066810919,1.71291486452464,0.352045277061083
"274",282,1.78066287820007,0.804507687788067,0.995369484570211,1.05300549512075,-0.546658993080543,-0.417232867061047,0.223184570284871,0.135252167568504,-0.306997466939455,-0.518618868898813,0.224222837594062,0.128443933289251
"275",283,1.52041368745025,0.901564931311844,0.972743056877954,1.0922594630222,1.58429643644908,0.47062099254605,0.813161611621412,0.984640283631981,1.04201668896178,0.522004545874762,0.835946970653563,0.901471048744734
"276",284,1.10750334164884,0.913657700036125,0.723073200211747,1.09101409296504,1.24097481267012,0.338531783054407,0.859689516022053,0.602496773771914,1.1205156372915,0.370523646920528,1.18893843081212,0.552235555577941
"277",285,0.653716335022372,0.976028655761439,0.824536538544408,1.10716872232669,1.13262133475899,0.797414164599375,1.08993383214841,0.891131949340341,1.73258839358853,0.816998722211983,1.32187450913033,0.804874570036306
"278",286,1.64501577528096,0.783292652614236,0.737383440219517,0.913514077534275,2.349412854624,0.898464262676316,0.79196422832624,1.03494160010173,1.42820080507904,1.14703522326897,1.07401954685947,1.13292353730903
"279",287,1.69246898026302,0.905340732904907,0.57354670747217,0.876827353920803,1.94209178168448,0.80489360685017,1.03822291561876,0.817169518815635,1.14749032586858,0.889050473038545,1.8101802383185,0.931961708495518
"280",288,1.60131374576888,0.824839622813083,0.969373937861458,1.12088395471502,1.3776006707393,-0.0495366530178603,1.02333996281559,0.686014666599648,0.860294039428132,-0.0600561026020034,1.05567100872671,0.612030053346661
"281",289,1.68653853071817,0.947799157413644,0.587842169121185,1.09969323579595,2.1622160225201,0.693718975978742,0.366817708245841,0.276198510774607,1.28204365517778,0.731926137043383,0.624007135783109,0.251159597771553
"282",290,1.35158498788098,0.695097051326373,0.638352709808359,0.98859570685655,1.68755201121118,0.982268436579715,1.16278097356252,1.31740426907295,1.24857262128734,1.41313854620066,1.82153370025108,1.33260164892068
"283",291,0.995839981459055,0.794695548994376,0.877950382416735,0.966759218103926,0.572642896663935,0.686377304430123,0.33056656687165,1.27161959112957,0.575035053146719,0.863698438098312,0.37652078465038,1.31534260787661
"284",292,0.824765336252239,0.87631449629312,0.904078921973952,1.06239834698271,1.53021462297366,0.718703960560084,0.681096713796592,0.331938297678178,1.85533333630025,0.820143867983765,0.753359797737011,0.312442407898041
"285",293,1.23233024558738,0.836978782950184,0.923918743723015,0.876011818978423,1.48694598590198,1.00983285119005,0.273912061875754,0.816624135409242,1.20661323636769,1.2065214456579,0.296467696685101,0.932206755339858
"286",294,1.09233858647642,0.881753338063031,0.869363927168625,0.974468770892917,1.42570092108353,1.16095372843846,1.08103765464825,0.901964147720838,1.30518223812128,1.31664228341767,1.24348114853237,0.925595744740344
"287",295,1.28606884493401,0.875120300806597,0.773934241248919,1.15972785656591,1.64796565321093,1.13222297790058,0.772973032708338,0.727987440221532,1.28139769476765,1.29379123859544,0.998758022982638,0.627722647257253
"288",296,1.28148592103839,0.705206025509177,0.59361711293338,0.892467856960985,1.58643572853939,0.895516759214312,1.76250699200342,0.469040501883409,1.23796578838252,1.26986543906474,2.96909734170892,0.525554503980207
"289",297,1.39461647168377,0.906405908578818,0.83445759525475,0.893466307930952,1.84434409671599,1.20863416824148,1.31094897613569,1.03869716466226,1.32247405230289,1.33343588871407,1.57101928676852,1.16254765897958
"290",298,1.72359635782267,0.901581056537127,0.98740846585659,0.850647666918413,2.37215915977472,0.548240897414262,1.32618920393198,0.854572017440288,1.37628462082117,0.608088306025411,1.34310090483324,1.00461336776023
"291",299,1.35873047267579,0.921221783717287,0.75101674866264,0.868701885717992,1.80874608317868,1.24849368501264,1.54116159826673,1.13934972373564,1.33120300129624,1.35525853500202,2.05210017088318,1.31155433465412
"292",300,1.97681532153385,0.967973195499858,0.771175169784323,1.00492457886342,2.34093057592902,0.416764369021513,0.47359940006125,0.959284898644599,1.18419285323661,0.43055362582256,0.614126878843497,0.954583974580025
"293",301,1.7113532786579,0.680231070482784,0.861380638191648,1.07715688849776,2.06245074221089,0.529171036500297,1.00366392003227,0.740413417849736,1.20515779408699,0.777928353264907,1.16518049690474,0.687377508101296
"294",302,1.25991315483484,0.80278915133208,0.89965792216822,1.03301768841016,1.97253535763217,1.53333701115683,0.600008170768388,0.807987836668664,1.5656121614912,1.91001212287503,0.666929236083798,0.78216263451614
"295",303,1.11340955868679,0.741476908346221,0.859523150547761,1.03016763095388,1.32144298771626,0.297557130113244,0.692089476107143,0.956938892939744,1.18684358096839,0.401303299892252,0.805201669863208,0.928915706712379
"296",304,1.33086300800004,0.771083600553789,0.922383719137823,0.928839420903881,1.3769870831004,1.00563665159971,1.51156226781731,0.930665200122334,1.03465726736944,1.30418627873485,1.63875644859626,1.00196565647125
"297",305,1.06681404342833,0.906665487117617,0.940846203336705,1.19602709653365,0.891725497452484,0.61300188379721,1.07632046768623,0.548420809300109,0.835877164296435,0.676105898489647,1.1439919339304,0.458535438611343
"298",306,1.32259889119101,0.903869378438183,0.808535294780802,0.963812654838399,1.34471066013042,0.582549152736672,0.28373856895062,0.770906066524926,1.01671842392027,0.644505906089297,0.350929106969342,0.799850533871837
"299",307,1.33547668922197,0.814846158067342,0.952882171995737,1.07791357771272,1.96194937422545,0.56987911651642,-0.221141818081026,0.714819483734083,1.46910042688087,0.699370195066101,-0.232076771483573,0.663151015548849
"300",308,1.53240517346037,0.989236514793697,0.710921524770292,1.15211166313496,1.70318175963143,1.3109175546816,1.05856106131926,1.39448359198333,1.11144349361953,1.32518112208483,1.48899846809575,1.21037190803959
"301",309,1.20813852751798,0.81919816929671,0.863514833105046,1.02195114104349,1.03910892966799,0.885541200451848,1.58356033286556,1.08662177464585,0.86009088030886,1.08098532643462,1.83385423406262,1.06328153177296
"302",310,0.994308692519715,0.784087785702831,0.816963076286765,1.00309611688138,1.02722407263199,1.09042945771331,1.1065382139576,0.480467061378126,1.03310378392535,1.39069818150003,1.35445315226118,0.478984070710887
"303",311,1.09964646521559,0.971147168930367,0.983141008727875,1.18761693882377,0.829635811287901,0.65455036254086,0.869935566703262,0.978702752376799,0.754456852753353,0.673997086622607,0.884853300778193,0.82408958678723
"304",312,1.06822913876411,0.537237336089122,0.678967756560681,0.95054894630769,1.27289940392114,0.279178025178044,1.22614345875871,0.519878204478195,1.1915977178771,0.51965492050562,1.80589350070135,0.54692418154542
"305",313,1.14741813576545,0.875987579484153,0.675341244348349,1.16165981654277,1.09399555100664,1.22819691122474,1.14056276825106,0.607091958057246,0.9534410490007,1.402071148027,1.68886881675888,0.522607349769593
"306",314,0.441618569850047,0.933780468560349,0.769390935585731,1.07510454331815,0.740271171437462,0.314934125632624,0.643595442576491,0.51627212642472,1.67626821419404,0.337267844248415,0.836499902467043,0.48020644097673
"307",315,1.33993845187009,0.639940189863928,0.539299007806993,1.03090785542914,2.14981660540113,0.373599143950906,1.73331138454249,0.97754990766232,1.60441444336546,0.583803220782782,3.21400810951021,0.948241787579927
"308",316,1.13289864720792,0.923596967308757,1.00169634417083,1.03417915942957,1.20981960585622,1.02655825991568,1.13049206986025,0.536183843365663,1.06789747594621,1.11147859537363,1.12857761380374,0.518463206763334
"309",317,1.33804595548104,1.02239980663266,0.390055787004988,1.02301648570048,1.24213386000868,0.817249301383988,0.441726612469449,0.684492970029436,0.928319281501895,0.799344147056961,1.13247034702705,0.669092805049716
"310",318,1.49732923932672,0.262242777620722,0.787639229121399,1.09251873437451,1.03063220789493,0.571562470900469,1.00009603398795,1.01720628762075,0.688313686012276,2.17951653840058,1.26973872937175,0.931065304068323
"311",319,1.7142102104396,0.809662585690939,0.81705331515854,1.03499148313243,2.12141011449596,0.626555939449091,1.21192374677677,0.393816241544436,1.23754373972136,0.773848206057847,1.4832860038535,0.380501915196964
"312",320,1.36659703309873,0.942987085751101,0.581612858930794,1.08947885208021,1.59705830342007,0.275004490806198,1.13185175455105,1.01682654727191,1.16863879017706,0.29163123754463,1.94605696413209,0.933314625915337
"313",321,1.19025941841848,0.88877316312096,0.797236826364221,0.901812203425145,1.29332248994964,1.39187202066675,1.13790707369326,0.348575085446801,1.08658874690368,1.56605991092163,1.42731373672571,0.386527354722956
"314",323,0.913012838912509,0.715815238606384,0.842711237200052,0.984053431799483,1.04016254755511,1.05926184439773,0.828387674996031,0.97367770305305,1.13926387803489,1.47979784065508,0.983003000824325,0.989456132755455
"315",324,1.63946012793087,0.841807244068479,0.685775883031843,1.14233646295382,1.8641790346552,1.30923097044525,0.760063729606688,1.22444030852486,1.1370688453448,1.5552621810638,1.10832671199578,1.07187361012599
"316",325,1.44304161854006,0.73774327967135,0.825218790218915,1.00552931858078,2.02166036899745,0.77272193529322,1.88262649996347,0.626986075823801,1.40097163035588,1.04741304541256,2.28136649610711,0.623538333729283
"317",326,1.5356493258663,0.92165952316739,0.901827052539459,0.980729652136396,1.59832154226742,1.26905793878038,1.07043600464137,0.215085242921229,1.04081154163616,1.37692706132859,1.18696373282119,0.219311450869965
"318",327,1.01280140571819,0.743886609250847,1.0808495289589,0.964833924207287,0.768107010501563,0.237331931322282,1.30717918550064,0.222680277665285,0.758398444319782,0.319043155732154,1.20939978274289,0.230796484325777
"319",328,2.01787068834336,1.0447623778116,0.887186206955737,1.00338861114424,1.95285322344845,1.2989122401151,0.918067602355752,0.858658318055356,0.967779171742523,1.24326092487734,1.03480824561732,0.855758485315236
"320",329,1.56170277274555,1.01827156556534,0.822961410042153,0.91918882840505,1.56085884417479,1.46638724967451,0.136796967268993,0.894372594393447,0.999459609993982,1.44007482803507,0.166225251390568,0.973002028261522
"321",330,1.36239055109203,0.808160745978608,0.780212545540981,1.0650980941092,1.73687562367242,0.565003000982246,0.790491846284109,0.25807035783014,1.27487350986119,0.699122054360708,1.01317500058398,0.242297267507533
"322",131,NA,0.94424207275871,0.580318559992995,0.984956424949723,NA,0.859390787051427,0.957483271293318,0.325166930417207,NA,0.910138206975484,1.64992701819648,0.330133315728973
