Timestamp;Sid;age;gender;years_edu;self_memory;self_visual;self_calories;self_gdp;maia_1;maia_2;maia_3;maia_4;maia_5;maia_6;maia_7;maia_8;maia_9;maia_10;maia_11;maia_12;maia_13;maia_14;maia_15;maia_16;maia_17;maia_18;maia_19;maia_20;maia_21;maia_22;maia_23;maia_24;maia_25;maia_26;maia_27;maia_28;maia_29;maia_30;maia_31;maia_32;maia_33;maia_34;maia_35;maia_36;maia_37
30/01/2020 11:19:46;996;44;Masculin;22;20;100;0;22;1;1;1;1;1;1;1;1;1;1;1;1;1;1;1;1;1;1;1;1;1;1;1;1;1;1;1;1;1;1;1;1;1;1;1;1;1
03/02/2020 09:23:52;1;23;Feminin;14;70;60;70;60;1;4;3;2;3;3;3;2;1;3;2;1;3;3;1;1;1;3;3;1;2;2;1;1;3;2;3;1;1;1;1;3;0;4;4;5;4
03/02/2020 09:24:40;7;31;Masculin;17;50;50;70;60;4;4;4;2;2;1;3;3;2;3;1;3;2;3;5;2;3;3;3;2;2;3;4;4;5;2;4;1;2;1;3;1;2;2;2;3;3
03/02/2020 09:24:57;5;21;Feminin;14;80;75;70;45;3;5;1;5;1;1;4;4;3;2;5;5;1;1;4;1;1;5;1;1;0;0;3;5;5;4;5;1;5;5;3;2;5;1;3;3;3
03/02/2020 09:25:12;3;21;Masculin;13;67;50;37;52;1;2;0;4;5;3;4;5;4;2;1;2;2;2;3;2;2;3;3;3;3;2;1;4;2;2;2;1;3;4;2;2;1;3;2;3;5
03/02/2020 09:25:37;8;24;Masculin;16;65;75;80;50;1;4;1;4;3;2;5;3;4;4;0;3;1;1;3;4;3;2;2;3;2;3;2;4;2;3;1;2;1;4;4;2;1;1;1;3;3
03/02/2020 09:27:20;4;21;Feminin;15;60;90;70;60;2;4;4;4;5;5;5;4;3;2;3;1;4;3;1;2;2;4;3;3;3;2;4;3;3;4;3;1;2;2;1;2;2;2;1;1;2
03/02/2020 09:27:26;2;25;Feminin;19;45;85;60;35;4;5;2;5;3;1;1;1;3;2;3;3;2;2;3;4;4;2;4;2;3;3;4;3;0;3;1;1;2;3;0;2;1;2;1;2;2
03/02/2020 09:27:46;6;33;Masculin;20;85;60;75;85;3;5;4;3;2;2;3;4;1;2;3;1;4;3;3;2;4;1;5;5;4;4;5;5;4;4;4;2;1;3;2;4;5;1;2;3;3
03/02/2020 11:39:59;15;21;Masculin;15;25;20;68;85;2;5;1;4;0;3;2;0;3;4;4;2;1;1;5;3;0;4;3;5;3;4;3;5;5;4;5;1;2;0;0;0;1;0;4;4;5
03/02/2020 11:40:27;12;24;Feminin;17;85;80;90;70;4;5;4;5;1;5;3;1;4;5;5;2;3;2;1;4;5;5;5;4;3;3;4;3;5;5;5;3;4;5;5;3;4;2;5;5;3
03/02/2020 11:41:20;10;20;Feminin;14;60;60;65;65;5;4;5;3;3;1;1;0;1;1;4;4;3;3;2;3;1;0;3;2;2;4;4;5;5;5;4;1;5;5;5;5;4;3;4;2;3
03/02/2020 11:41:24;9;24;Feminin;17;25;40;60;30;3;4;4;4;3;3;2;3;3;4;3;2;3;2;3;3;3;3;2;3;3;3;1;4;5;5;4;3;3;3;4;2;1;2;2;2;3
03/02/2020 11:41:34;16;22;Feminin;15;90;70;70;50;4;5;4;4;2;4;4;3;4;4;2;4;4;4;2;3;3;4;4;4;4;4;3;5;4;4;4;4;2;4;2;4;4;4;5;5;5
03/02/2020 11:41:54;13;20;Feminin;14;70;60;70;80;4;4;3;4;5;4;5;5;4;5;2;2;4;4;1;2;3;2;3;3;1;2;4;3;4;4;4;1;4;3;1;2;2;1;3;3;2
03/02/2020 11:42:14;17;24;Masculin;4;40;20;5;5;1;2;1;3;2;2;1;2;2;2;2;1;1;2;2;3;1;3;3;2;2;1;0;1;1;2;1;2;1;2;0;0;0;0;0;0;0
03/02/2020 11:42:20;14;20;Feminin;14;78;86;74;65;4;2;1;5;3;4;4;3;4;2;5;3;3;3;1;2;2;3;4;3;1;1;4;2;4;2;1;0;1;0;1;2;0;3;4;4;4
03/02/2020 11:42:34;11;24;Masculin;16;70;50;70;80;0;3;0;2;2;4;2;2;4;2;1;3;4;2;1;3;1;0;4;4;2;3;0;0;4;3;3;3;3;4;2;1;1;1;3;3;1
05/02/2020 10:25:08;19;23;Feminin;17;40;60;60;60;3;4;4;4;3;4;3;2;2;2;4;4;3;3;3;4;4;3;3;2;3;3;4;4;4;4;4;2;2;2;2;3;2;2;2;3;3
05/02/2020 10:27:04;29;21;Feminin;14;30;40;80;70;3;4;4;4;2;3;4;3;4;4;1;3;1;4;4;2;2;3;2;2;2;4;3;3;4;5;4;3;4;4;3;4;2;4;3;4;3
05/02/2020 10:27:12;32;25;Masculin;18;90;80;95;80;3;4;4;3;4;4;5;2;2;1;0;2;4;4;1;5;4;5;4;4;4;3;1;1;4;1;1;1;1;0;0;0;0;0;5;5;3
05/02/2020 10:27:21;20;22;Feminin;15;75;60;70;80;3;4;3;4;3;3;4;1;4;4;5;4;3;3;1;4;3;1;3;2;2;1;4;3;2;4;3;2;4;4;4;3;1;1;2;3;4
05/02/2020 10:27:38;23;20;Feminin;13;60;35;65;65;4;5;4;1;3;4;4;1;4;3;4;3;2;3;2;3;1;3;3;5;2;5;3;5;5;5;4;1;3;4;1;2;0;1;3;4;5
05/02/2020 10:27:56;18;20;Masculin;13;75;85;75;80;1;3;2;2;4;3;4;4;4;3;3;2;2;3;2;3;2;4;3;3;3;3;4;2;4;4;4;3;3;4;4;2;2;2;4;4;3
05/02/2020 10:27:57;24;20;Masculin;13;75;80;85;75;3;4;1;2;3;4;4;2;4;3;4;3;4;3;1;5;2;5;3;1;4;4;1;2;5;5;5;4;2;1;2;1;0;3;5;5;4
05/02/2020 10:27:58;31;20;Masculin;13;85;85;70;85;2;3;0;3;5;3;4;3;4;2;3;3;3;4;2;3;3;2;3;3;3;3;5;1;3;3;4;1;0;4;4;2;0;2;5;5;3
05/02/2020 10:28:57;21;24;Feminin;15;80;70;60;50;5;5;3;4;4;4;4;3;4;3;4;4;2;2;3;3;1;4;2;2;1;3;4;5;3;2;3;2;1;3;2;3;2;3;2;2;3
05/02/2020 10:29:02;30;21;Feminin;14;50;50;60;40;4;4;4;2;1;2;3;2;4;3;1;3;3;3;2;3;3;1;1;1;2;4;0;3;3;2;2;1;2;2;2;2;1;3;4;3;2
05/02/2020 10:29:11;26;21;Masculin;14;50;70;70;50;4;4;1;2;3;3;3;3;3;3;4;4;2;2;4;2;2;4;3;3;2;2;2;4;4;2;3;2;2;2;2;2;1;1;4;4;4
05/02/2020 10:29:26;25;25;Masculin;16;85;85;60;75;4;3;1;2;4;3;5;4;3;2;1;2;4;3;4;1;2;2;3;1;1;1;1;3;4;1;4;1;2;1;1;2;0;0;5;5;4
05/02/2020 10:29:43;22;25;Masculin;17;78;85;85;90;4;3;2;3;2;3;3;1;2;2;4;3;2;2;3;3;2;4;3;3;3;1;1;1;2;1;1;2;1;3;3;2;1;1;2;2;3
05/02/2020 10:30:27;27;20;Feminin;14;60;70;70;50;4;5;4;5;3;2;4;3;2;1;3;3;2;2;3;2;2;3;4;4;3;4;3;5;5;5;5;3;3;4;4;4;3;4;4;5;3
05/02/2020 13:26:17;41;27;Masculin;16;80;90;80;90;1;3;1;3;4;3;5;4;3;3;1;1;4;4;1;3;1;4;3;3;2;3;1;3;4;3;4;2;4;5;4;1;0;0;2;3;1
05/02/2020 13:28:01;34;26;Feminin;20;50;50;75;60;2;3;3;1;2;1;2;2;1;2;5;4;2;0;4;1;2;1;2;2;1;1;3;5;5;4;4;0;2;1;0;3;0;0;2;1;3
05/02/2020 13:28:04;35;26;Feminin;3;50;40;60;50;4;5;4;3;2;1;4;3;4;3;1;3;1;3;1;2;3;2;3;3;3;3;4;4;4;4;3;2;3;2;2;4;3;2;4;5;5
05/02/2020 13:28:07;42;23;Masculin;6;65;80;50;50;0;3;5;4;4;2;4;3;4;3;2;5;2;4;0;5;4;0;3;4;3;5;1;0;5;5;3;1;4;4;2;0;3;0;5;5;5
05/02/2020 13:28:25;39;25;Masculin;1;90;90;90;90;2;3;4;3;3;3;3;4;2;3;3;3;3;3;3;3;3;3;3;3;3;3;3;3;3;3;3;3;3;3;3;3;3;3;4;4;4
05/02/2020 13:29:32;33;23;Feminin;15;70;90;85;60;3;4;2;4;4;3;2;3;2;2;4;5;2;2;4;3;3;4;4;4;4;4;3;5;5;2;3;2;4;4;3;1;1;1;2;3;3
05/02/2020 13:29:40;40;22;Feminin;13;60;68;70;50;3;3;3;5;2;4;3;1;3;3;1;0;4;5;1;4;3;3;4;4;5;5;4;2;4;3;3;2;1;3;2;1;3;1;2;3;1
05/02/2020 13:30:55;28;35;Feminin;21;60;55;70;50;4;4;4;4;1;4;4;3;3;4;3;2;4;4;2;4;4;4;4;4;4;4;4;4;5;5;5;5;5;5;5;5;4;5;5;5;5
05/02/2020 13:30:56;37;23;Feminin;16;70;50;80;80;4;4;4;5;1;3;2;2;2;1;1;2;2;2;1;3;3;2;4;4;3;4;4;4;4;4;4;4;4;4;4;4;3;3;4;4;5
05/02/2020 13:31:01;36;28;Masculin;7;70;75;60;90;4;4;3;3;2;2;3;1;2;2;4;2;4;4;2;1;2;4;3;4;4;5;4;3;5;4;4;3;3;3;3;4;2;1;4;4;4
05/02/2020 13:32:01;38;21;Masculin;13;75;80;85;65;3;5;1;0;3;2;3;4;4;2;3;1;4;4;1;1;1;5;3;4;2;5;0;5;5;1;1;1;3;1;1;4;1;3;2;4;4
06/02/2020 09:26:12;50;26;Masculin;6;75;80;75;80;4;5;4;5;1;3;3;1;3;3;3;5;1;2;3;3;3;4;3;3;3;4;1;3;4;4;4;2;3;3;4;4;3;3;4;4;4
06/02/2020 09:26:18;47;31;Masculin;19;70;45;33;50;4;4;2;2;2;4;3;1;2;4;2;4;1;1;3;1;2;2;1;1;1;1;3;3;4;4;4;5;3;3;2;1;0;2;2;2;2
06/02/2020 09:26:21;49;27;Masculin;16;80;80;60;60;4;4;4;4;2;3;4;3;4;4;1;1;4;3;2;2;3;2;2;2;4;4;4;3;5;3;4;1;4;5;3;1;1;1;4;3;3
06/02/2020 09:26:23;48;23;Masculin;14;7;85;80;86;3;4;4;3;3;4;4;3;3;2;1;2;2;2;2;2;3;3;3;3;3;3;3;4;3;3;4;2;2;2;3;3;3;3;4;4;3
06/02/2020 09:26:27;45;22;Feminin;3;60;80;50;50;4;5;4;4;5;4;4;3;3;3;4;2;4;3;3;4;3;3;3;3;4;4;3;2;5;4;3;4;4;4;4;4;4;3;5;5;4
06/02/2020 09:26:29;46;25;Feminin;4;55;45;45;40;1;4;1;1;2;2;2;2;2;2;2;3;0;2;2;4;2;3;3;3;2;3;1;2;3;2;3;3;2;3;2;1;1;1;2;2;2
06/02/2020 09:26:38;52;27;Masculin;21;80;90;75;75;3;4;3;5;1;4;3;2;4;4;2;4;2;3;1;4;4;3;5;3;3;3;4;3;4;5;5;2;5;5;5;3;2;1;5;5;4
06/02/2020 09:27:23;44;23;Feminin;20;80;85;65;50;3;4;3;3;2;3;3;3;4;5;4;5;1;1;4;3;2;2;2;2;1;1;3;3;4;4;5;2;2;4;2;3;2;2;4;5;4
06/02/2020 09:27:34;43;43;Feminin;5;60;60;70;40;4;4;2;3;3;3;4;2;3;3;4;4;3;3;3;2;3;4;4;4;2;4;3;4;3;3;3;2;3;2;2;4;4;4;3;3;4
06/02/2020 09:28:02;57;28;Feminin;19;90;95;89;75;3;3;3;4;2;2;2;2;1;2;3;4;3;3;2;2;2;2;2;3;2;2;2;2;4;4;4;2;3;3;3;2;2;3;3;3;4
06/02/2020 09:28:50;54;23;Feminin;16;54;12;80;64;2;3;2;1;1;3;4;3;3;2;1;2;3;2;3;1;1;4;3;1;2;2;0;2;4;3;4;1;1;1;0;1;0;1;4;4;4
06/02/2020 09:29:03;51;25;Feminin;18;80;80;60;50;4;5;4;4;1;3;5;3;3;4;2;3;2;3;1;3;3;4;3;4;2;4;4;3;4;4;4;4;4;4;4;4;3;4;4;4;5
06/02/2020 11:40:56;62;19;Feminin;14;65;70;75;60;3;4;3;5;2;3;3;3;3;3;4;4;1;1;2;2;3;3;3;2;3;2;4;4;5;4;5;3;4;3;2;3;3;3;3;3;3
06/02/2020 11:41:23;67;30;Feminin;25;2;3;2;2;2;3;1;1;4;3;3;4;4;4;3;1;1;2;4;2;2;2;3;1;1;0;1;4;4;4;2;2;4;2;2;2;1;1;4;4;4
06/02/2020 11:42:21;69;25;Feminin;14;85;93;78;80;3;4;4;3;4;3;3;2;3;4;5;3;1;1;4;3;4;5;4;4;5;5;5;4;5;4;4;3;4;5;5;4;4;5;5;3;3
06/02/2020 11:42:27;68;25;Feminin;13;75;75;60;50;2;4;2;2;3;1;2;2;2;3;3;2;3;3;2;2;1;3;2;1;1;2;1;3;4;2;4;3;3;3;2;1;1;0;2;1;2
06/02/2020 11:42:33;64;20;Feminin;13;70;58;65;65;3;4;4;3;5;5;5;5;4;4;2;2;4;5;4;5;5;4;4;3;4;4;4;4;3;3;4;3;2;2;3;4;2;3;4;4;4
06/02/2020 11:42:35;60;22;Feminin;13;70;84;42;24;4;5;3;5;3;4;2;2;4;3;5;4;1;2;3;3;1;3;2;2;3;1;1;0;5;4;4;1;3;2;2;2;0;1;1;4;4
06/02/2020 11:42:40;58;22;Feminin;14;80;60;90;70;4;4;3;4;2;3;4;3;4;4;3;3;5;5;2;3;3;4;4;4;3;4;3;2;2;2;2;3;4;4;4;2;2;3;4;4;4
06/02/2020 11:42:52;66;27;Feminin;16;50;40;40;40;4;4;4;2;4;3;3;3;3;3;4;4;2;3;3;2;1;1;2;3;2;2;2;2;2;3;2;3;3;4;3;3;2;3;2;3;3
06/02/2020 11:43:31;63;24;Feminin;15;60;40;60;60;2;5;5;2;3;2;3;1;3;2;5;5;3;0;5;0;1;2;3;3;2;1;1;5;4;4;5;2;3;0;0;1;3;4;4;4;4
06/02/2020 11:43:46;53;31;Feminin;15;80;80;80;80;3;3;1;1;4;3;3;3;3;3;5;5;0;0;5;1;2;3;2;1;1;1;4;3;1;0;1;1;0;0;0;2;1;1;2;3;2
06/02/2020 11:44:00;55;23;Feminin;14;70;70;50;30;3;4;2;3;3;4;3;2;2;1;4;2;5;3;4;4;4;5;4;3;3;3;4;4;4;2;4;2;3;3;3;4;4;3;4;3;3
06/02/2020 11:44:05;65;19;Feminin;12;50;60;60;40;2;4;4;4;2;4;3;1;4;4;5;4;3;1;4;2;2;4;4;3;2;2;2;3;4;4;5;2;4;3;2;5;3;3;4;4;5
06/02/2020 11:44:28;53;23;Feminin;16;60;80;95;35;4;5;4;4;3;2;2;1;1;1;1;2;4;4;2;4;4;4;3;2;2;3;4;3;1;1;3;1;1;3;3;3;2;2;5;5;5
06/02/2020 11:44:59;56;21;Feminin;12;60;70;60;50;3;4;4;3;3;1;2;2;2;3;1;1;4;4;1;3;2;2;4;3;2;2;0;0;3;1;1;2;2;1;2;1;0;3;5;5;4
06/02/2020 11:45:06;61;24;Feminin;16;45;40;65;65;4;2;5;5;1;4;5;4;5;4;1;3;4;5;1;2;0;4;4;5;4;4;5;2;5;5;5;4;4;2;2;5;4;4;5;5;5
06/02/2020 11:47:44;63;24;Feminin;15;60;40;60;60;2;4;4;2;3;3;3;2;3;3;4;1;1;1;5;0;1;2;2;2;2;3;4;5;5;3;5;1;3;0;0;3;4;5;4;3;5
06/02/2020 13:56:52;75;24;Masculin;16;95;90;95;95;4;5;4;2;3;2;4;4;4;3;4;4;2;4;4;5;4;4;3;4;3;3;4;4;4;4;4;1;2;4;2;3;0;2;3;3;4
06/02/2020 13:57:01;77;21;Masculin;13;75;80;90;75;4;2;3;5;3;5;5;5;5;3;1;1;4;5;0;5;3;5;5;4;3;3;5;2;5;1;5;4;3;5;5;4;0;4;5;5;5
06/02/2020 13:57:33;70;18;Masculin;13;33;50;77;25;4;4;3;4;3;5;3;3;4;4;1;2;3;3;1;3;4;3;2;4;2;4;3;5;5;2;2;1;1;2;3;3;2;2;4;4;3
06/02/2020 13:58:03;78;22;Masculin;13;85;85;90;50;2;1;1;0;5;4;5;4;4;4;1;3;2;3;1;5;5;5;5;5;4;4;0;1;4;0;4;5;0;3;3;3;0;1;5;5;5
06/02/2020 13:58:06;79;20;Feminin;13;60;40;60;50;4;4;4;2;1;4;3;2;3;5;4;1;2;1;2;1;4;4;3;3;2;5;4;4;4;2;2;2;4;2;1;3;2;2;5;4;4
06/02/2020 13:58:07;72;33;Masculin;12;50;75;50;70;4;4;3;2;4;3;4;4;2;2;3;3;4;3;2;2;2;3;2;3;2;3;3;2;3;2;2;2;2;3;3;2;1;1;3;3;3
06/02/2020 13:58:10;83;23;Masculin;16;68;72;26;50;4;4;5;3;1;5;4;2;5;5;2;3;1;2;3;2;2;4;4;4;3;3;4;3;4;5;5;3;3;3;2;4;3;3;5;4;3
06/02/2020 13:58:19;82;19;Feminin;13;80;80;90;70;3;5;5;5;4;2;3;1;2;1;4;3;4;4;1;4;4;5;3;4;3;4;4;4;5;5;5;4;3;3;3;4;3;3;5;5;5
06/02/2020 13:58:40;84;27;Masculin;17;70;75;65;65;3;4;3;5;3;1;4;3;3;2;1;4;4;4;3;2;4;4;3;2;4;4;4;4;4;4;4;3;3;1;3;3;1;2;5;5;4
06/02/2020 13:58:50;74;20;Feminin;15;50;40;40;50;4;5;2;4;5;5;5;4;4;4;5;5;1;1;4;2;1;1;4;2;3;2;5;5;5;5;5;2;4;2;2;3;2;3;5;3;2
06/02/2020 13:59:05;71;23;Feminin;14;70;60;70;50;4;4;3;5;3;3;4;1;3;2;3;2;2;3;2;3;3;3;3;4;4;5;3;5;5;5;4;3;4;3;4;4;3;2;4;5;5
06/02/2020 13:59:21;76;25;Masculin;17;40;60;40;65;1;1;0;1;3;1;3;2;1;1;1;0;4;3;2;2;1;2;3;2;2;2;1;2;3;2;2;1;1;2;1;0;0;0;2;2;1
06/02/2020 13:59:34;80;26;Masculin;17;60;70;60;70;4;3;1;4;2;2;3;1;3;2;2;1;4;4;1;4;3;4;4;3;3;1;3;4;5;4;1;4;4;5;3;2;1;2;4;4;3
06/02/2020 14:01:50;73;30;Feminin;21;80;90;70;60;3;5;3;2;3;3;4;3;4;4;4;3;3;3;4;1;2;3;3;4;2;3;1;3;3;4;3;1;0;4;3;4;2;1;5;4;4
06/02/2020 14:02:05;81;64;Masculin;25;70;70;50;70;5;5;3;4;4;2;3;2;3;2;2;2;4;4;2;3;3;3;3;3;3;4;3;4;3;3;3;2;2;2;2;2;2;3;4;4;3
07/02/2020 09:26:11;88;23;Masculin;17;45;45;45;70;2;3;3;2;3;2;3;2;4;4;1;1;4;3;2;3;3;3;1;2;4;3;1;3;3;2;3;3;3;3;2;3;2;3;4;4;4
07/02/2020 09:27:32;85;30;Feminin;18;65;70;55;50;4;4;5;4;2;3;3;2;3;2;1;1;4;4;2;4;4;4;4;3;3;3;2;2;3;4;2;4;3;5;4;3;3;3;4;3;4
07/02/2020 09:27:39;86;22;Masculin;15;75;70;90;70;4;5;4;5;4;4;3;4;4;3;1;2;2;4;2;3;3;4;4;3;3;3;2;4;4;4;3;3;3;2;3;3;2;3;4;4;4
07/02/2020 09:27:46;89;35;Feminin;17;50;65;60;60;3;5;4;5;3;3;2;3;3;3;3;2;3;2;3;3;3;4;3;2;3;3;4;5;5;5;5;3;2;3;3;3;1;1;5;4;4
07/02/2020 09:28:15;91;23;Feminin;17;90;75;65;55;4;4;3;3;5;3;4;3;3;3;1;2;3;4;1;3;3;3;3;2;2;3;2;3;4;2;2;1;1;2;1;1;1;2;4;4;3
07/02/2020 09:28:53;98;25;Masculin;12;40;50;60;50;2;3;3;3;3;1;5;5;2;1;3;1;4;4;1;1;1;1;2;1;2;1;1;1;2;1;1;2;2;4;4;1;1;1;3;1;3
07/02/2020 09:29:03;99;23;Masculin;16;30;40;50;55;3;4;3;1;2;3;4;3;3;3;2;4;4;2;3;3;2;4;3;3;2;2;2;3;4;4;4;2;3;4;2;1;1;2;4;4;4
07/02/2020 09:29:15;87;27;Feminin;17;50;70;75;50;4;5;4;4;2;4;3;3;4;4;1;3;2;1;3;3;2;4;4;3;3;4;5;4;4;3;3;1;1;1;1;4;2;1;2;2;4
07/02/2020 09:29:15;94;28;Masculin;19;90;70;70;55;4;4;4;4;1;1;2;2;2;2;1;2;4;4;2;4;4;4;4;4;1;3;4;2;5;4;2;4;4;4;4;3;3;3;4;5;2
07/02/2020 09:29:42;90;20;Masculin;14;30;75;50;95;3;3;5;1;4;3;4;4;2;2;4;5;4;5;1;1;2;1;4;3;4;4;5;4;5;5;5;2;2;2;0;3;0;3;4;1;1
07/02/2020 09:34:46;92;26;Masculin;17;90;75;80;60;4;4;3;3;2;3;4;3;2;1;2;2;3;4;2;4;3;2;2;3;1;4;2;3;4;5;4;3;4;4;1;3;3;2;3;4;5
07/02/2020 11:43:47;101;20;Feminin;14;60;70;60;60;4;4;3;4;1;2;3;4;3;3;3;2;3;3;2;1;1;2;2;2;3;3;3;3;3;3;3;2;3;3;2;3;2;3;3;4;4
07/02/2020 11:43:51;96;25;Feminin;18;60;20;50;20;4;5;4;4;3;4;4;3;4;5;2;1;4;4;1;4;4;2;3;3;4;3;5;5;2;2;2;4;3;3;3;4;4;4;5;5;5
07/02/2020 11:44:34;93;26;Masculin;17;75;66;90;90;4;4;3;4;4;2;3;2;3;3;3;2;3;4;2;2;2;4;3;2;3;3;3;4;3;2;2;3;2;2;2;3;1;2;3;3;4
07/02/2020 11:44:45;102;21;Feminin;14;65;45;50;40;3;3;1;1;3;3;3;4;2;3;4;2;4;2;4;1;2;1;1;1;1;0;1;4;2;3;4;1;0;1;1;2;1;2;1;2;2
07/02/2020 11:45:04;103;22;Masculin;2;80;80;70;80;5;5;5;5;2;4;3;3;4;4;1;1;5;4;1;3;3;5;4;4;4;5;4;5;5;5;5;5;5;5;5;4;4;3;5;5;3
07/02/2020 11:45:04;95;21;Feminin;13;65;40;60;55;0;5;0;2;4;4;4;2;3;3;3;5;5;3;3;0;0;3;3;2;3;2;0;0;4;3;0;0;2;3;0;0;0;0;1;0;4
07/02/2020 11:45:06;109;21;Feminin;13;85;70;70;65;5;5;5;5;3;3;4;4;3;3;1;0;4;4;1;3;4;5;4;3;4;5;5;3;5;3;3;2;3;4;2;4;1;2;5;5;5
07/02/2020 11:45:11;97;20;Masculin;14;65;65;55;50;2;3;2;4;4;3;4;4;3;2;4;4;3;3;3;1;1;3;2;1;1;2;1;5;3;3;3;1;2;2;1;4;2;1;4;4;3
07/02/2020 11:45:12;110;23;Masculin;15;70;70;60;50;4;5;4;5;1;2;4;4;3;3;4;4;2;4;3;3;4;4;4;4;4;3;5;4;3;3;4;2;3;4;4;5;4;3;5;4;3
07/02/2020 11:45:28;108;23;Feminin;16;75;80;70;65;4;5;4;5;2;3;3;1;3;3;2;3;4;3;3;4;3;4;4;4;3;3;3;5;5;5;4;4;4;5;4;3;4;3;4;4;4
07/02/2020 11:45:30;107;23;Feminin;16;50;50;60;40;4;4;4;4;1;1;2;1;3;1;2;1;3;4;3;3;3;4;4;3;2;3;4;4;4;4;4;3;3;3;3;3;1;3;4;3;3
07/02/2020 11:45:56;105;22;Feminin;15;90;60;90;50;4;4;3;4;2;3;4;4;3;3;1;3;2;3;2;3;2;4;3;2;3;2;4;3;5;4;4;2;5;3;3;3;2;4;3;4;4
07/02/2020 11:46:42;100;23;Feminin;20;80;70;40;40;4;5;5;4;3;4;4;4;4;4;2;3;3;3;2;2;3;3;4;4;2;2;5;3;3;3;3;3;3;3;1;4;4;2;5;5;3
07/02/2020 11:49:34;106;21;Masculin;15;65;90;60;75;5;5;5;5;2;3;4;4;4;1;2;2;3;4;1;4;4;2;4;4;4;3;1;0;5;4;3;4;3;4;2;4;2;4;4;4;4
07/02/2020 13:57:23;104;30;Feminin;18;85;80;60;55;4;5;4;4;3;2;4;3;4;3;3;2;4;3;2;3;5;3;3;5;4;5;4;5;4;3;3;2;2;4;5;4;2;3;2;2;5
07/02/2020 13:58:54;112;24;Masculin;15;70;70;80;60;3;4;4;5;5;4;4;4;4;4;3;3;3;4;1;4;3;2;2;4;4;4;5;2;4;5;5;2;2;4;4;3;1;2;4;5;4
07/02/2020 13:59:29;116;20;Masculin;13;75;80;75;85;4;4;4;3;1;3;3;1;4;3;5;4;2;2;3;2;2;2;3;3;3;3;3;2;3;2;3;3;3;2;3;2;2;2;4;4;3
07/02/2020 13:59:40;121;23;Masculin;16;65;55;70;75;3;3;2;1;3;3;3;2;3;3;4;3;2;3;2;2;2;3;4;3;3;4;2;2;4;3;2;2;3;4;4;3;2;1;4;4;4
07/02/2020 13:59:53;113;19;Feminin;13;70;85;60;50;4;5;4;5;3;4;2;3;4;4;3;5;0;2;3;3;4;5;3;3;3;2;3;5;5;2;4;4;3;3;1;3;2;3;2;3;3
07/02/2020 14:00:05;114;25;Masculin;13;60;65;70;30;1;5;1;4;3;2;4;4;2;2;3;3;2;3;2;4;4;4;4;3;3;3;2;1;4;4;3;4;4;3;3;2;1;1;4;4;3
07/02/2020 14:00:33;118;25;Feminin;18;75;80;70;65;4;5;2;3;4;4;5;5;4;3;2;1;4;4;1;0;2;1;2;1;1;3;2;3;5;2;3;1;1;3;4;0;0;1;5;5;4
07/02/2020 14:02:58;111;25;Feminin;17;40;85;85;50;4;5;2;1;5;2;4;3;4;4;4;4;1;1;2;2;5;5;5;5;5;5;4;3;3;4;4;1;2;2;2;3;1;1;2;2;4
07/02/2020 14:06:15;115;20;Feminin;14;60;80;90;40;3;3;3;4;4;2;4;4;3;3;2;1;3;3;2;1;2;4;3;3;4;1;2;3;2;3;2;1;1;3;3;2;2;3;4;4;3
10/02/2020 09:41:23;124;23;Feminin;16;60;70;65;50;2;1;2;3;3;3;4;2;4;3;2;2;3;2;2;1;1;1;2;1;1;4;3;3;3;2;4;1;2;1;1;1;1;1;3;3;3
10/02/2020 09:41:52;122;21;Masculin;6;80;85;72;75;1;4;3;3;5;5;4;4;5;5;2;0;5;4;1;4;4;1;4;3;3;4;2;5;4;4;4;4;2;3;3;2;2;4;5;5;5
10/02/2020 09:42:12;125;25;Masculin;6;65;50;60;40;3;4;2;4;3;4;2;4;4;3;4;3;1;2;3;2;2;3;3;3;3;3;4;2;2;3;3;1;2;3;2;3;3;2;3;4;3
10/02/2020 09:42:42;119;23;Masculin;7;92;88;85;85;3;4;3;3;4;4;4;4;4;4;3;3;3;3;3;4;3;3;3;4;1;3;1;5;5;4;5;3;4;4;4;3;2;3;5;5;4
10/02/2020 09:43:16;117;20;Feminin;6;99;90;90;66;4;5;5;3;5;5;5;5;3;5;4;3;4;4;2;4;4;4;4;2;3;3;5;4;5;4;5;3;4;4;4;0;1;2;4;4;4
10/02/2020 09:44:49;120;23;Masculin;15;50;95;90;96;2;4;2;3;2;2;3;2;3;3;1;4;2;1;4;2;1;1;1;1;2;3;2;2;4;3;2;2;4;3;2;2;1;2;5;5;5
10/02/2020 13:25:54;130;23;Masculin;15;85;65;70;75;3;4;3;5;1;4;5;2;5;5;1;5;1;1;3;1;5;4;2;4;1;4;4;1;4;4;2;1;1;1;1;4;0;4;3;3;4
10/02/2020 13:27:04;123;23;Masculin;15;70;65;70;55;4;4;3;3;4;4;4;3;4;3;2;1;4;4;1;3;1;3;2;1;3;2;1;5;2;4;5;1;1;1;1;1;0;1;4;3;3
10/02/2020 13:28:17;133;19;Feminin;13;75;60;30;60;3;4;4;2;4;1;4;2;3;3;4;3;1;1;3;3;2;4;2;2;1;0;2;2;4;2;3;1;0;1;1;1;1;1;1;1;3
10/02/2020 13:28:56;132;22;Feminin;15;85;70;80;85;4;4;3;2;3;3;3;3;3;4;3;3;3;2;3;1;2;2;3;3;3;3;4;3;5;4;4;3;3;3;3;3;2;3;4;4;3
10/02/2020 13:29:42;126;19;Feminin;14;50;80;70;60;4;4;3;4;3;5;4;4;5;4;2;3;2;2;3;5;3;4;3;2;3;3;5;3;5;4;5;2;3;4;3;2;1;1;3;3;4
10/02/2020 13:30:14;134;28;Masculin;17;20;40;70;80;5;4;4;4;1;1;1;1;2;3;2;4;2;4;2;2;4;5;3;3;4;4;4;3;5;3;5;3;5;5;4;4;3;3;4;4;5
10/02/2020 13:30:21;127;28;Masculin;17;50;60;80;80;4;4;4;2;0;1;3;1;4;4;4;4;2;2;3;4;1;3;2;3;2;3;3;3;5;5;4;1;3;3;3;5;3;3;4;4;4
10/02/2020 13:30:30;131;19;Feminin;1;80;70;50;40;2;3;3;1;3;2;3;4;4;3;2;2;2;2;1;2;2;3;1;3;2;2;3;1;4;5;3;3;3;2;1;2;3;1;1;2;1
10/02/2020 13:30:55;128;23;Masculin;16;30;40;40;30;4;4;3;5;1;2;3;1;2;3;3;1;4;1;4;1;1;4;4;3;2;3;5;5;5;5;5;2;4;4;3;4;2;3;2;3;2
10/02/2020 13:31:16;129;23;Feminin;15;70;60;75;65;4;4;4;4;4;3;3;2;3;3;5;2;2;3;3;2;3;3;4;3;3;4;2;4;2;2;2;3;4;3;2;4;2;1;4;3;4
11/02/2020 10:08:04;136;23;Feminin;14;50;50;70;40;4;5;4;5;4;1;2;3;2;3;2;3;3;2;5;3;4;5;4;4;4;4;4;4;5;5;5;4;4;5;4;5;3;4;4;4;5
11/02/2020 10:09:08;137;27;Feminin;19;65;75;70;70;2;5;1;4;1;3;3;1;4;3;4;3;3;3;3;1;2;1;1;4;2;2;2;3;4;4;4;4;4;1;1;1;1;1;3;3;2
11/02/2020 10:10:33;139;21;Feminin;16;90;80;70;70;3;5;3;2;3;4;4;2;3;3;5;4;1;1;4;3;3;1;3;3;1;4;5;4;5;4;3;3;3;2;1;3;2;2;3;4;5
11/02/2020 10:10:41;135;23;Masculin;14;80;70;30;40;5;4;3;4;4;2;4;4;2;2;4;3;4;4;1;4;4;5;4;4;4;3;2;1;1;1;2;1;3;3;1;1;1;1;3;3;3
11/02/2020 10:11:50;138;25;Masculin;15;75;80;60;50;3;4;4;3;2;1;2;1;1;0;2;3;3;3;2;2;2;3;3;3;4;3;4;4;4;4;4;4;3;3;2;3;3;4;5;5;5
11/02/2020 13:12:25;140;24;Masculin;17;80;75;80;90;4;4;5;5;3;3;4;2;3;4;3;4;4;4;3;3;2;5;2;1;3;3;4;4;5;4;4;5;3;4;2;3;2;4;3;4;4
11/02/2020 13:12:59;141;54;Masculin;20;60;60;70;50;4;5;5;5;3;2;2;3;2;3;4;2;3;4;2;3;5;4;3;3;4;5;5;4;4;5;4;4;4;4;3;4;3;3;3;4;4
11/02/2020 13:13:53;145;25;Masculin;17;75;70;80;70;3;4;3;4;4;2;4;4;3;3;1;1;4;2;2;2;2;3;2;2;3;2;4;4;5;5;5;2;2;3;2;3;4;3;4;4;3
11/02/2020 13:14:48;144;27;Masculin;17;85;80;70;75;1;3;2;4;2;4;2;1;4;3;1;3;2;2;1;3;3;4;4;3;3;4;1;4;3;2;4;3;2;3;3;2;1;1;5;4;4
11/02/2020 13:14:52;146;20;Feminin;14;30;60;40;50;3;5;4;1;5;4;4;4;4;5;4;2;4;4;1;2;2;2;3;2;4;3;5;5;4;1;1;1;3;4;3;5;5;4;2;1;4
11/02/2020 13:15:02;143;23;Masculin;14;70;80;70;50;4;5;2;2;3;4;4;5;4;3;1;1;4;4;3;4;3;3;5;4;2;2;2;2;4;4;4;4;3;4;3;2;2;3;4;3;4
11/02/2020 13:16:02;142;22;Masculin;15;80;60;50;30;2;3;1;1;4;2;2;1;2;1;3;3;3;2;2;1;2;3;2;2;2;4;1;1;3;1;1;2;3;3;1;3;0;1;3;3;3
12/02/2020 10:13:56;151;28;Masculin;18;80;60;60;60;4;5;4;3;2;2;3;2;3;3;3;2;3;2;2;2;3;3;4;3;3;3;3;4;3;4;4;2;4;4;2;3;2;3;3;3;4
12/02/2020 10:14:58;149;22;Feminin;16;70;60;80;50;2;4;2;1;2;4;4;2;2;1;5;5;1;2;2;4;3;4;5;5;3;5;2;5;4;1;5;2;5;1;3;2;1;1;3;4;4
12/02/2020 10:16:24;152;22;Masculin;14;80;70;70;70;2;4;3;5;0;2;0;1;1;1;2;1;4;3;2;4;3;5;4;4;1;2;4;2;5;3;4;4;3;4;4;3;5;1;4;4;4
12/02/2020 10:17:41;153;25;Feminin;18;76;80;65;70;5;5;5;5;2;2;3;2;0;2;5;5;0;0;4;2;3;3;3;3;3;3;5;5;5;5;5;3;4;5;5;5;2;4;3;3;4
12/02/2020 10:18:58;148;25;Feminin;18;70;80;95;75;2;4;3;2;1;4;4;4;4;3;4;1;2;1;2;3;1;2;3;1;2;3;1;3;4;3;3;2;3;1;2;1;2;1;1;1;2
12/02/2020 10:19:17;147;22;Feminin;19;70;50;60;30;3;5;4;3;4;4;3;3;4;3;1;2;4;3;1;3;3;4;4;3;3;3;2;4;4;4;4;2;2;2;3;3;3;2;2;3;4
12/02/2020 10:19:35;150;24;Feminin;16;70;50;90;50;4;4;2;2;3;3;2;4;3;4;4;3;3;2;2;0;2;2;1;2;1;2;1;3;3;0;2;2;3;2;3;2;2;2;4;4;4
12/02/2020 13:12:55;158;23;Masculin;17;70;50;70;70;1;3;4;2;5;4;3;5;3;3;0;2;2;4;3;2;2;4;3;3;2;4;2;1;1;2;2;2;4;4;4;2;3;2;4;5;4
12/02/2020 13:13:02;160;22;Feminin;17;90;80;70;75;5;5;5;5;1;1;4;1;3;0;4;4;4;5;5;5;5;1;5;5;2;5;5;5;5;5;5;2;5;5;5;5;4;4;5;5;5
12/02/2020 13:13:48;154;21;Feminin;13;75;60;60;40;3;3;4;5;2;3;2;3;3;1;4;2;3;3;5;3;3;4;4;2;0;1;2;5;5;4;5;2;2;2;1;0;0;1;1;2;3
12/02/2020 13:13:54;161;20;Masculin;14;60;70;65;75;1;3;3;2;4;1;4;2;1;2;4;1;4;3;2;2;2;3;2;1;1;0;2;2;3;3;4;2;1;2;4;3;1;0;0;1;1
12/02/2020 13:13:55;159;28;Masculin;18;70;50;20;20;5;5;4;4;2;3;4;3;4;5;3;2;4;3;2;3;4;3;4;3;2;3;4;5;5;4;4;2;4;4;2;5;4;4;5;2;5
12/02/2020 13:13:58;155;21;Feminin;14;70;80;60;50;1;3;3;1;3;4;5;5;3;2;4;4;2;4;4;0;4;4;3;2;2;4;1;4;4;4;3;2;1;1;0;4;3;4;3;2;3
12/02/2020 13:14:46;157;24;Masculin;18;70;80;40;85;2;5;3;4;1;2;1;1;1;1;3;3;3;1;2;3;2;2;1;2;2;2;2;3;3;3;3;2;1;2;1;1;3;1;1;1;3
12/02/2020 13:15:12;156;22;Feminin;15;80;90;90;70;4;4;5;4;2;3;3;2;4;3;2;1;4;4;1;3;3;3;4;3;3;4;4;4;5;5;5;3;4;4;3;4;4;4;4;4;4
13/02/2020 09:24:28;163;24;Masculin;17;50;40;45;40;4;4;4;2;2;2;4;2;2;2;3;2;4;3;2;4;4;4;4;4;3;3;4;4;5;3;5;3;2;3;4;4;4;4;5;5;4
13/02/2020 09:24:36;164;22;Feminin;17;70;70;70;70;3;4;4;4;2;3;3;1;3;2;2;5;4;4;1;1;1;2;1;3;1;2;2;3;4;4;5;4;4;4;4;4;4;4;4;4;4
13/02/2020 09:25:05;166;24;Masculin;15;90;95;80;80;2;3;2;3;4;3;3;4;2;3;2;4;1;4;2;4;4;3;3;2;4;3;2;1;3;4;4;1;1;3;2;1;2;3;3;3;3
13/02/2020 09:26:54;162;22;Masculin;14;65;70;60;60;5;5;3;2;3;3;3;4;1;0;4;3;3;4;2;2;2;2;3;1;1;2;3;5;5;3;3;2;2;2;2;3;2;2;4;4;3
13/02/2020 11:39:40;172;22;Masculin;14;85;85;50;85;4;2;3;3;1;1;3;2;1;1;1;2;4;4;0;3;3;4;2;2;2;2;1;1;2;2;3;1;1;4;4;1;0;0;4;4;4
13/02/2020 11:39:52;167;24;Feminin;17;70;65;80;75;2;4;2;4;2;4;3;2;2;2;2;3;4;4;2;1;3;4;3;3;3;2;1;4;5;2;3;1;3;3;1;4;1;4;1;2;2
13/02/2020 11:40:26;168;23;Feminin;17;60;75;45;70;4;5;3;3;4;2;4;3;2;2;4;5;1;2;3;4;2;1;2;2;2;2;1;4;4;3;2;2;2;3;1;3;2;2;3;3;3
13/02/2020 11:41:11;170;27;Feminin;21;90;90;70;50;4;5;2;5;0;5;5;5;5;5;5;5;1;2;5;0;0;2;2;1;1;1;4;5;3;4;4;2;4;3;1;5;4;4;0;0;0
13/02/2020 11:41:28;171;24;Masculin;16;75;75;60;70;2;3;2;2;4;4;4;4;3;4;0;0;5;4;1;1;1;3;2;2;3;3;3;3;3;2;2;2;1;2;1;1;0;2;5;5;5
13/02/2020 11:42:06;174;20;Masculin;14;40;80;90;80;2;4;4;1;3;2;4;3;4;3;4;4;2;3;1;3;2;4;4;3;3;4;1;1;4;3;5;3;4;5;4;3;2;4;5;4;5
13/02/2020 11:42:37;173;19;Masculin;13;80;70;60;70;5;3;2;4;4;4;5;5;3;3;1;1;4;3;1;4;4;5;5;4;4;5;3;1;3;5;4;5;4;5;5;1;1;2;5;5;3
13/02/2020 11:43:27;165;44;Feminin;19;80;70;70;60;4;4;3;5;1;2;2;3;2;1;0;1;1;2;2;3;3;4;4;3;3;4;5;5;5;5;5;5;5;5;5;5;5;5;5;5;5
13/02/2020 11:44:18;169;25;Masculin;20;70;70;90;80;3;3;2;3;2;4;4;4;4;4;2;2;3;3;3;3;4;5;4;3;3;3;5;5;3;3;3;3;3;3;3;3;3;3;5;5;4
14/02/2020 09:24:58;179;23;Masculin;16;80;80;80;90;4;4;4;4;1;4;4;3;4;3;0;0;3;4;1;4;4;4;4;4;3;4;2;2;5;5;4;2;4;5;5;3;2;3;5;5;5
14/02/2020 09:26:04;181;23;Masculin;17;67;80;60;90;2;4;5;4;3;3;4;4;4;4;3;4;2;3;1;3;3;4;4;1;2;4;3;2;4;1;2;4;2;3;3;2;2;2;3;3;4
14/02/2020 09:26:29;173;20;Feminin;14;60;40;50;60;2;4;3;1;4;4;4;4;4;4;3;3;2;3;2;1;2;2;2;2;2;2;3;3;3;2;3;2;1;1;1;0;0;1;2;2;2
14/02/2020 09:26:54;177;19;Masculin;13;40;60;60;60;4;4;4;2;4;1;2;3;3;3;1;1;4;4;1;4;4;3;4;4;4;3;3;2;4;1;4;3;4;3;2;1;3;0;3;3;1
14/02/2020 09:27:24;176;26;Feminin;19;80;60;65;70;3;2;4;3;2;1;1;1;2;2;4;3;3;2;3;2;3;3;4;1;4;4;5;4;3;3;4;3;2;4;2;4;4;4;4;4;4
14/02/2020 09:27:46;178;26;Feminin;17;60;80;80;60;4;5;3;3;1;4;4;1;3;3;2;3;1;1;3;2;1;1;2;2;0;2;4;4;5;4;5;3;2;0;0;4;2;3;4;3;3
14/02/2020 11:40:54;188;25;Masculin;14;100;100;60;80;1;1;1;1;1;2;2;5;5;4;1;0;5;5;0;4;4;4;4;4;4;4;3;3;5;5;5;5;5;5;4;5;5;5;4;5;4
14/02/2020 11:42:09;193;21;Feminin;15;80;60;50;50;2;3;2;3;3;4;3;4;4;4;3;3;3;1;2;3;2;4;3;2;2;2;2;2;4;4;4;3;4;4;3;2;1;1;2;2;3
14/02/2020 11:43:13;190;21;Feminin;13;50;70;30;20;4;4;4;2;3;4;4;3;3;2;3;4;3;2;3;1;1;3;2;2;2;2;2;4;4;1;3;1;2;3;3;2;2;2;4;3;3
14/02/2020 11:43:21;185;25;Feminin;16;75;85;85;50;2;4;0;4;2;4;3;3;4;2;3;3;2;1;3;3;3;4;3;4;1;2;1;5;1;1;1;1;2;4;2;2;1;1;5;4;5
14/02/2020 11:43:46;182;39;Masculin;18;80;75;90;90;4;5;4;4;1;1;1;0;3;0;1;4;4;4;3;4;4;4;4;4;3;5;4;5;5;5;4;3;3;4;4;4;4;5;4;4;5
14/02/2020 11:44:36;187;24;Masculin;3;70;70;80;85;0;1;0;0;0;0;1;2;2;1;3;2;1;1;0;1;0;1;1;0;0;0;0;0;1;0;0;2;0;0;0;1;0;0;5;5;4
14/02/2020 11:44:37;184;22;Masculin;15;75;60;60;55;5;5;2;4;3;3;5;4;3;3;2;2;4;4;4;1;3;3;4;3;2;3;2;4;4;1;3;2;3;4;4;0;0;3;5;5;4
14/02/2020 11:45:08;192;24;Feminin;16;68;65;70;20;4;5;5;1;2;3;1;1;1;1;4;1;4;3;2;4;1;2;3;3;1;4;4;5;5;5;5;2;4;3;1;4;1;4;4;5;5
19/02/2020 10:15:14;189;33;Feminin;23;67;10;80;60;5;4;4;0;1;2;2;1;0;0;3;4;4;3;2;0;5;1;4;3;1;4;1;2;5;2;4;1;3;1;1;5;4;5;2;2;4
19/02/2020 10:16:11;183;27;Feminin;20;75;85;65;60;3;4;2;4;2;3;4;3;4;2;4;3;4;4;1;3;3;4;3;4;2;3;4;4;5;5;4;3;5;4;4;4;3;3;5;4;5
19/02/2020 10:17:24;195;19;Masculin;13;80;80;20;65;2;4;5;5;5;5;5;4;5;4;5;1;4;2;2;4;4;5;3;4;4;2;3;4;5;5;5;2;3;4;3;0;0;0;4;4;1
19/02/2020 10:17:35;191;37;Feminin;17;80;70;85;85;5;5;5;5;1;3;4;3;3;3;2;2;2;2;2;1;1;2;2;2;2;3;4;5;5;5;5;4;4;4;4;5;4;4;4;4;5
19/02/2020 10:17:36;196;25;Masculin;18;60;70;75;80;4;4;3;4;3;3;5;3;4;3;2;2;4;4;4;4;3;3;4;4;4;3;4;4;5;5;4;3;2;4;3;3;3;3;4;4;4
19/02/2020 10:18:34;186;23;Feminin;2;50;75;70;60;4;4;4;3;1;3;2;2;3;1;5;1;3;3;3;2;2;5;4;4;1;3;3;5;5;5;5;1;5;3;4;4;2;3;4;4;5
19/02/2020 10:19:14;180;26;Feminin;17;20;50;70;70;3;4;2;4;4;3;3;3;3;2;2;1;3;3;1;3;3;4;3;2;2;2;4;4;4;4;4;3;2;2;3;2;2;3;5;4;4
19/02/2020 10:22:12;197;19;Feminin;13;60;60;60;50;1;5;3;3;4;1;3;4;5;3;1;2;1;4;2;3;4;4;4;3;3;3;4;5;5;4;4;4;3;4;5;2;3;2;3;3;3
19/02/2020 10:22:34;194;28;Masculin;19;80;60;55;50;4;5;4;2;2;3;2;2;3;3;4;3;1;2;3;1;2;2;2;1;1;1;2;1;3;4;3;4;4;3;1;2;1;1;1;2;3
19/02/2020 13:40:57;201;19;Feminin;12;80;80;40;40;5;5;5;5;2;3;4;4;5;3;1;0;5;4;0;5;5;5;5;5;5;5;2;2;4;5;5;5;5;5;5;5;1;3;5;5;5
19/02/2020 13:40:58;204;23;Feminin;16;85;75;85;50;5;5;4;5;3;4;2;3;4;4;4;3;3;3;5;5;5;2;4;5;4;5;3;5;5;3;5;5;1;4;5;3;5;5;5;5;5
19/02/2020 13:41:21;206;26;Masculin;17;80;80;50;70;3;3;3;2;3;2;4;4;4;4;1;0;5;5;1;2;1;3;3;3;2;3;0;0;0;0;0;3;0;3;3;0;0;0;5;5;5
19/02/2020 13:41:38;198;22;Masculin;15;60;60;70;70;2;3;3;3;4;4;5;4;3;4;3;2;3;4;1;4;3;2;3;3;3;3;3;4;5;3;4;3;4;3;2;3;3;4;4;4;4
19/02/2020 13:41:45;202;19;Feminin;13;60;70;50;50;4;4;4;4;1;2;2;1;2;2;5;5;4;0;5;4;4;3;4;4;1;2;4;4;5;5;5;3;4;4;4;4;3;3;4;4;4
19/02/2020 13:42:01;210;29;Feminin;19;70;60;10;50;3;4;2;4;4;3;2;4;4;4;4;5;1;1;4;3;3;2;2;2;3;2;4;3;2;2;2;1;2;2;1;2;2;2;3;3;3
19/02/2020 13:42:07;200;19;Feminin;12;60;70;70;80;4;5;4;5;3;2;3;3;2;2;3;4;2;2;3;1;2;2;2;3;3;3;3;3;3;3;3;3;3;1;1;2;1;1;3;3;3
19/02/2020 13:42:14;205;22;Feminin;15;40;35;70;25;4;4;4;3;2;2;3;3;4;3;1;1;4;3;3;2;2;5;4;4;3;2;2;2;3;4;4;1;3;4;4;3;1;5;5;5;5
19/02/2020 13:42:16;199;24;Masculin;16;80;90;75;80;4;5;3;4;3;2;5;1;4;3;1;2;4;4;2;3;4;4;4;4;4;5;4;3;5;5;4;3;4;4;3;4;2;3;5;4;5
19/02/2020 13:44:10;209;25;Masculin;17;60;75;85;75;3;4;1;4;1;1;2;1;2;4;4;3;2;3;1;1;1;3;3;4;3;5;5;2;3;5;5;0;5;3;1;3;3;2;4;4;5
19/02/2020 13:44:41;203;23;Masculin;16;75;70;80;60;3;5;4;4;5;3;5;4;3;3;4;1;4;5;3;2;2;4;3;2;2;4;5;4;5;2;4;2;2;2;2;2;3;1;4;4;3
19/02/2020 13:44:37;208;26;Feminin;18;75;55;35;10;3;4;1;1;2;4;2;2;1;2;5;3;2;1;3;3;1;2;4;3;2;4;2;4;3;3;3;2;1;3;2;2;1;2;4;4;3
19/02/2020 13:46:02;207;33;Masculin;25;80;95;60;75;5;5;4;5;1;2;4;3;4;5;3;3;3;4;2;3;4;4;4;4;4;3;4;4;5;5;4;5;3;4;4;3;4;3;3;3;5
19/02/2020 16:10:59;211;20;Feminin;14;70;75;90;70;4;5;4;3;1;4;4;5;4;4;2;2;2;3;2;4;4;3;2;3;4;2;4;4;5;5;4;4;5;5;5;3;2;4;5;5;5
19/02/2020 16:11:14;213;25;Masculin;17;90;60;50;30;4;5;5;5;2;3;3;3;3;4;2;3;4;4;2;4;4;4;3;4;3;3;4;4;5;5;4;3;3;4;3;4;3;3;4;4;4
19/02/2020 16:12:43;219;22;Feminin;15;70;60;70;55;4;5;2;3;4;4;4;4;5;4;4;5;1;2;2;4;3;4;2;2;3;3;3;5;5;5;5;3;4;4;4;4;2;3;3;2;3
19/02/2020 16:12:58;220;22;Masculin;15;60;61;50;59;2;5;5;5;5;1;4;4;2;2;2;1;4;4;3;4;4;5;5;4;5;4;4;5;5;4;4;3;4;4;3;3;2;2;4;4;3
19/02/2020 16:13:43;215;23;Feminin;16;80;80;65;60;4;1;3;1;4;1;1;3;1;1;5;4;0;1;4;0;1;1;3;3;1;4;1;3;3;2;4;1;1;1;0;0;0;0;5;5;4
19/02/2020 16:14:06;217;22;Masculin;14;50;75;50;75;4;4;4;2;2;1;2;2;5;3;2;1;4;4;2;3;3;4;4;3;3;3;4;4;5;4;4;2;4;3;2;3;1;2;3;5;4
19/02/2020 16:14:11;218;24;Masculin;17;65;75;70;65;1;4;2;2;4;3;4;1;3;2;2;4;2;2;3;1;1;3;2;0;2;1;0;3;3;2;4;1;2;3;2;3;0;3;5;4;3
19/02/2020 16:14:16;216;23;Feminin;15;60;50;50;40;1;5;1;3;4;4;4;3;2;4;3;1;3;4;0;1;1;2;2;2;1;2;4;4;5;0;2;0;5;5;1;1;1;0;3;3;2
19/02/2020 16:15:22;214;18;Masculin;13;80;70;90;60;3;4;4;5;2;4;4;3;3;2;3;2;3;4;2;3;4;4;2;3;4;3;1;5;5;5;5;2;1;3;3;4;1;3;5;5;5
20/02/2020 10:18:36;227;23;Feminin;17;85;75;60;70;2;4;4;4;2;3;5;3;3;3;3;4;3;3;2;4;3;4;2;1;3;3;4;5;4;5;5;3;3;2;2;1;1;1;4;5;5
20/02/2020 10:19:10;226;24;Feminin;18;70;80;90;60;2;4;4;3;4;3;3;4;4;4;3;3;4;4;2;3;3;4;3;3;4;4;3;3;4;4;4;3;3;2;2;2;0;2;5;5;4
20/02/2020 10:19:39;225;22;Masculin;15;80;70;80;75;2;3;3;2;3;3;3;3;3;3;3;3;3;3;3;2;1;1;2;2;1;1;4;4;3;2;3;1;3;2;2;3;2;2;2;1;2
20/02/2020 10:20:03;229;23;Feminin;15;60;70;50;60;0;2;4;4;2;2;3;1;3;2;5;4;2;1;3;3;3;3;3;3;2;2;0;1;4;4;5;2;3;1;1;2;1;2;4;4;4
20/02/2020 10:20:15;230;24;Feminin;17;85;80;75;80;3;5;5;4;3;2;4;3;3;3;4;4;2;3;3;1;2;2;2;3;3;2;4;3;4;3;5;2;2;1;2;1;1;1;4;3;3
20/02/2020 10:20:25;222;24;Masculin;14;40;60;60;60;1;3;2;4;3;3;4;4;4;4;3;2;3;3;2;3;3;2;2;2;2;2;2;2;2;3;3;3;2;4;2;2;2;2;3;3;3
20/02/2020 10:20:42;231;25;Feminin;16;50;75;30;75;3;4;3;2;2;4;4;3;2;2;3;3;2;4;3;4;2;4;3;3;3;3;4;5;5;3;4;4;2;3;3;4;3;4;4;5;5
20/02/2020 10:20:54;228;23;Feminin;16;60;75;70;15;4;4;3;4;3;2;4;4;2;1;2;1;4;4;2;1;1;2;1;1;2;3;1;1;4;4;3;1;2;3;2;1;0;1;2;2;3
20/02/2020 10:21:00;221;26;Feminin;19;95;80;75;50;3;2;1;3;2;3;4;4;2;1;2;0;4;4;2;0;1;4;3;1;1;3;1;1;3;0;0;1;0;1;1;1;0;0;5;5;4
20/02/2020 10:21:10;224;25;Feminin;18;55;60;60;40;4;4;4;3;2;3;2;2;4;3;4;4;3;4;3;3;3;4;2;3;3;2;1;4;4;1;4;1;3;2;3;3;2;2;3;3;4
20/02/2020 10:21:29;232;25;Feminin;19;60;70;85;45;1;4;1;4;3;4;4;4;4;4;2;4;0;2;2;3;3;2;2;2;2;3;4;4;5;5;5;5;4;1;1;0;0;2;4;5;4
20/02/2020 10:21:56;233;24;Feminin;17;70;90;90;70;4;5;3;3;2;2;4;2;3;3;4;4;2;2;3;2;2;2;2;3;2;4;4;4;4;3;4;3;4;3;3;5;4;4;4;3;4
20/02/2020 10:22:16;223;21;Feminin;15;70;75;85;75;3;5;3;3;1;2;1;1;0;0;1;3;4;4;1;2;3;0;4;2;4;3;0;0;3;2;0;5;2;3;1;0;0;0;5;5;3
20/02/2020 10:25:16;212;21;Feminin;13;49;31;78;21;4;3;3;3;2;2;2;2;1;2;2;2;3;3;2;4;3;2;3;4;3;3;3;3;4;4;4;3;4;3;3;4;3;3;5;5;5
20/02/2020 13:10:19;235;25;Masculin;18;90;80;70;60;4;5;5;5;0;3;3;2;4;1;4;4;3;4;2;3;3;5;5;5;3;4;4;2;5;4;4;3;4;1;3;4;3;5;5;5;5
20/02/2020 13:10:41;242;30;Feminin;16;70;50;70;50;4;5;3;4;3;3;4;4;4;3;3;4;3;4;2;3;4;3;4;3;2;3;5;5;4;3;4;2;3;2;2;4;2;2;3;3;4
20/02/2020 13:12:07;240;23;Masculin;16;50;70;60;30;2;4;3;4;4;4;3;4;1;1;3;4;1;3;1;5;2;4;4;3;1;2;2;3;4;4;2;2;5;5;2;1;0;1;3;4;3
20/02/2020 13:12:51;236;22;Feminin;16;75;85;75;70;4;5;5;5;2;2;2;0;3;4;3;4;2;4;1;4;4;5;5;2;2;3;5;5;5;5;5;1;5;4;1;1;2;3;4;4;5
20/02/2020 13:12:59;237;26;Masculin;17;50;70;60;40;4;4;4;3;4;3;3;3;4;3;2;2;3;3;2;4;3;3;3;3;2;2;2;1;1;2;2;3;2;3;3;2;1;1;4;4;3
20/02/2020 13:13:00;241;23;Feminin;17;70;80;95;60;3;5;5;4;0;2;5;4;3;3;2;1;4;4;4;3;3;4;3;3;4;3;2;3;5;4;4;4;5;5;3;4;4;3;5;5;5
20/02/2020 13:13:05;244;34;Masculin;19;75;80;90;90;2;4;4;3;4;3;3;3;0;3;1;2;4;4;2;0;1;4;3;3;2;4;2;5;5;2;4;1;3;1;4;3;1;1;3;3;2
20/02/2020 13:13:38;239;36;Feminin;20;80;90;100;90;3;5;5;4;1;0;2;1;3;2;4;4;1;1;1;3;4;1;1;2;2;2;2;2;4;4;4;4;2;2;2;2;1;2;1;2;3
20/02/2020 13:14:01;243;22;Masculin;15;65;70;70;60;3;4;3;4;4;4;4;4;3;3;1;0;3;3;2;4;3;2;1;2;2;1;2;2;3;2;3;3;1;4;3;3;3;2;0;1;2
20/02/2020 13:14:04;234;20;Feminin;14;70;70;70;40;4;3;4;3;3;4;4;4;4;4;3;2;4;4;1;5;3;5;3;4;2;5;4;5;5;5;5;3;4;5;5;3;5;3;5;5;5
20/02/2020 13:14:11;238;25;Feminin;16;75;60;60;45;4;3;3;4;2;4;4;2;4;4;4;3;1;2;3;4;3;4;3;2;4;2;4;3;0;0;0;1;2;3;3;3;0;0;5;4;4
20/02/2020 16:12:51;255;23;Masculin;15;75;50;50;80;4;2;4;3;4;3;3;3;4;4;1;2;4;4;1;2;1;2;0;1;2;2;3;0;3;1;1;1;1;0;0;0;0;2;4;4;3
20/02/2020 16:12:58;253;18;Masculin;12;85;80;65;50;3;4;5;3;3;3;4;5;3;2;1;2;4;4;1;4;4;3;4;3;3;4;4;3;4;5;3;3;4;4;4;3;2;3;5;5;5
20/02/2020 16:13:05;254;21;Masculin;15;70;65;75;70;1;1;4;0;5;2;5;4;4;4;2;1;4;3;1;2;4;4;4;1;4;4;0;1;1;1;1;1;2;0;0;0;0;1;5;5;4
20/02/2020 16:13:09;249;21;Masculin;15;80;60;75;70;3;4;4;3;4;5;4;2;4;3;2;4;3;2;3;2;2;4;3;2;3;4;2;4;4;4;4;3;2;2;2;4;2;1;2;3;4
20/02/2020 16:14:18;248;26;Feminin;18;70;80;85;75;4;5;3;4;4;4;4;4;4;4;3;3;3;3;2;3;4;3;5;4;3;3;3;4;5;5;5;3;4;4;5;3;3;3;4;4;4
20/02/2020 16:14:46;250;21;Feminin;14;30;25;50;20;5;5;5;4;3;3;5;3;5;3;5;5;0;0;5;3;4;5;3;3;2;2;5;5;5;5;4;1;5;5;2;1;1;1;5;5;5
20/02/2020 16:15:06;245;24;Masculin;15;70;70;80;80;3;4;4;5;4;4;3;3;2;2;3;3;3;5;4;4;4;1;2;3;4;5;4;2;4;5;5;5;5;3;4;3;1;1;2;3;3
20/02/2020 16:15:45;252;26;Feminin;17;75;60;60;40;2;3;3;5;3;3;3;1;4;2;4;4;3;2;3;3;4;3;3;3;2;2;4;3;5;5;4;3;3;3;4;2;2;2;3;3;3
20/02/2020 16:15:52;256;25;Feminin;19;60;80;30;40;2;4;2;1;1;3;3;4;4;4;2;3;2;2;2;3;3;1;3;4;2;3;2;4;4;4;4;3;3;3;2;3;2;2;3;3;3
20/02/2020 16:16:02;246;20;Masculin;10;60;90;90;70;5;5;5;4;0;4;5;5;5;4;1;3;5;3;3;2;1;5;2;1;4;5;0;4;5;5;5;3;1;2;1;0;0;0;5;5;5
20/02/2020 16:16:26;247;24;Masculin;18;75;80;50;70;4;4;4;3;5;4;4;3;3;2;2;2;3;4;2;4;3;5;5;4;3;5;4;1;4;2;2;4;1;4;4;1;0;1;5;5;5
20/02/2020 16:17:32;251;26;Masculin;17;50;50;70;70;3;3;2;5;5;5;5;4;4;4;2;2;2;5;1;5;5;5;5;5;5;5;5;5;5;4;5;3;4;4;4;5;5;5;5;5;3
20/02/2020 16:17:36;258;25;Feminin;17;96;80;80;70;4;5;3;1;3;3;2;2;1;2;4;3;4;4;3;3;2;4;4;4;4;4;0;3;5;4;2;2;4;4;4;3;2;1;4;4;5
20/02/2020 16:20:29;257;21;Feminin;14;78;95;50;35;5;4;5;3;2;2;1;2;1;1;2;1;3;2;2;2;2;3;3;2;3;3;1;5;5;5;5;1;4;5;5;5;5;5;4;5;4
21/02/2020 10:13:59;263;20;Feminin;14;60;70;70;50;3;5;3;1;4;5;4;4;5;5;3;4;2;2;4;2;3;0;3;3;2;1;5;2;2;4;1;1;1;0;0;1;0;1;2;4;4
21/02/2020 10:14:22;259;23;Feminin;15;60;60;90;70;2;4;4;4;5;3;4;4;4;4;1;2;4;1;1;2;2;4;4;4;4;3;4;4;5;4;4;1;1;3;3;3;2;2;3;3;3
21/02/2020 10:15:26;264;21;Masculin;14;80;70;75;85;3;3;4;3;3;4;4;3;4;3;2;2;2;4;4;4;4;3;3;3;3;3;3;1;3;2;3;3;3;4;3;2;2;2;3;3;4
21/02/2020 10:15:45;261;23;Masculin;15;80;75;60;70;4;5;4;5;3;3;4;3;3;3;2;2;3;3;2;4;4;3;3;4;3;4;4;4;4;4;4;4;5;4;4;3;2;2;4;4;4
21/02/2020 10:15:57;265;28;Masculin;17;45;60;50;70;1;2;2;1;4;3;4;4;2;2;1;2;5;5;0;2;1;2;2;2;2;1;1;1;0;0;0;3;0;1;1;2;0;1;3;2;1
21/02/2020 10:16:05;262;25;Feminin;14;80;60;70;85;4;4;4;5;3;1;3;2;2;1;2;2;3;2;2;4;3;4;5;5;3;4;5;5;5;3;5;3;3;4;4;3;3;2;5;5;5
21/02/2020 10:16:32;260;21;Feminin;13;80;70;20;25;0;5;4;2;3;1;4;2;1;2;1;3;3;3;1;1;3;4;4;4;2;2;0;1;4;3;4;1;1;3;2;0;0;2;4;4;4
21/02/2020 10:16:44;266;18;Feminin;13;60;60;40;40;2;4;2;2;3;3;1;1;3;2;2;1;4;3;2;1;2;1;2;2;3;3;5;3;2;2;3;2;3;1;2;1;4;2;4;3;1
21/02/2020 10:17:53;267;21;Masculin;14;33;50;55;75;2;3;3;4;3;4;3;4;4;2;3;3;4;4;2;4;3;2;3;4;3;4;3;2;3;4;4;4;5;5;4;3;4;3;4;4;2
21/02/2020 10:18:11;268;22;Masculin;15;70;80;95;60;3;4;4;2;4;4;3;3;4;4;1;3;3;4;3;4;2;1;3;4;2;4;4;3;4;2;4;3;5;3;4;4;3;4;4;5;4
21/02/2020 10:20:13;269;23;Masculin;18;75;70;60;67;4;4;5;4;2;2;1;3;3;3;2;2;2;3;1;1;4;4;4;3;3;3;2;3;3;2;3;3;3;4;3;2;3;4;4;4;5
21/02/2020 16:10:21;276;25;Masculin;17;70;60;80;65;3;3;3;4;2;3;4;2;1;2;1;3;4;3;1;2;2;4;3;3;4;3;3;2;3;3;3;2;3;2;3;1;2;1;5;5;5
21/02/2020 16:10:41;271;22;Feminin;15;20;50;60;50;1;3;3;4;3;2;4;5;4;2;2;1;5;3;1;2;1;1;3;3;2;4;2;1;4;3;4;3;2;3;4;2;2;2;4;4;4
21/02/2020 16:11:30;273;21;Feminin;15;85;65;60;50;3;4;3;5;1;3;3;2;1;1;4;4;1;1;2;3;4;3;4;4;3;3;4;1;5;5;4;1;4;5;4;4;1;2;3;3;2
21/02/2020 16:12:28;272;24;Masculin;14;80;80;80;80;2;3;3;4;2;1;1;2;1;1;1;1;4;4;1;5;3;2;3;3;4;3;4;2;4;4;4;4;4;4;3;4;3;2;5;5;5
21/02/2020 16:12:36;270;24;Masculin;16;80;80;70;70;4;5;0;5;4;1;3;2;1;1;0;2;3;3;3;4;3;4;4;4;3;4;1;2;4;3;2;3;4;4;4;5;4;4;5;5;5
21/02/2020 16:13:08;274;20;Feminin;13;65;75;55;55;4;5;1;5;5;5;3;2;2;4;4;3;4;1;1;3;3;4;5;5;5;5;5;4;1;2;5;1;2;4;3;0;2;1;5;5;4
21/02/2020 16:13:29;275;25;Masculin;17;75;65;75;70;2;4;4;4;4;4;4;4;4;4;3;2;3;3;1;3;2;3;3;3;3;4;2;1;4;4;2;2;3;3;3;3;2;3;5;5;3
21/02/2020 16:26:56;277;19;Masculin;3;60;80;50;50;4;4;4;2;3;1;3;4;1;3;1;1;4;5;2;3;4;4;4;4;3;2;1;1;4;2;4;5;4;3;4;3;1;1;1;0;5
24/02/2020 10:38:31;280;23;Masculin;17;70;50;75;70;3;3;4;2;4;4;2;4;4;3;3;4;4;4;0;3;1;2;3;4;5;4;1;1;0;3;1;1;3;2;2;2;1;2;5;4;5
24/02/2020 10:38:51;279;26;Masculin;17;50;70;60;50;3;4;4;3;4;3;3;2;2;3;4;2;3;3;2;3;3;2;3;2;2;2;3;3;5;4;4;3;3;3;3;2;2;3;3;3;3
24/02/2020 10:41:56;278;21;Masculin;14;85;75;80;65;1;4;1;2;1;2;3;2;2;2;3;2;4;2;2;2;2;3;3;3;4;4;1;1;2;3;2;2;1;2;1;1;1;0;5;4;3
24/02/2020 13:38:46;285;25;Masculin;18;50;50;50;50;2;2;2;2;2;2;2;2;2;2;2;2;2;2;2;2;2;3;2;3;2;2;3;3;3;3;2;3;2;3;2;3;2;3;3;3;3
24/02/2020 13:41:18;281;22;Masculin;12;80;80;90;90;4;3;4;4;2;3;4;4;4;4;2;1;4;5;0;4;3;4;4;4;2;4;4;4;4;4;5;2;2;4;1;1;1;1;4;4;3
24/02/2020 13:41:41;283;25;Masculin;19;60;60;50;60;2;3;2;3;4;3;3;4;3;4;3;2;4;4;2;3;3;3;2;3;3;3;3;4;4;4;3;4;4;4;3;2;2;2;3;3;3
24/02/2020 13:41:49;284;21;Feminin;15;75;75;80;50;4;4;4;4;4;4;5;3;2;2;3;2;3;3;1;4;3;4;4;4;3;3;3;4;4;5;4;2;4;2;3;4;3;5;5;5;5
24/02/2020 13:42:10;282;23;Masculin;18;95;85;75;75;4;5;5;5;2;0;5;5;2;1;1;1;3;4;1;4;4;5;5;5;2;5;4;3;4;4;5;5;3;2;2;4;3;3;5;5;5
24/02/2020 13:42:41;286;25;Masculin;17;75;70;20;20;0;0;5;2;1;1;2;2;2;1;1;0;1;2;1;0;2;1;2;2;1;1;2;1;2;3;3;3;1;3;2;1;1;1;3;5;5
26/02/2020 13:38:53;291;37;Masculin;18;50;50;80;80;4;5;5;5;4;4;4;3;3;2;3;5;1;4;3;5;5;4;5;5;4;5;5;4;4;3;5;4;4;2;2;2;1;3;5;4;4
26/02/2020 13:39:17;289;34;Feminin;17;80;80;60;60;2;4;4;2;4;4;4;4;4;4;2;2;4;4;1;4;4;3;3;3;3;3;4;2;3;2;2;4;3;2;3;3;3;3;4;3;4
26/02/2020 13:39:31;287;23;Feminin;14;80;70;50;50;4;3;4;2;1;1;2;1;2;2;1;2;4;4;1;2;2;4;4;3;3;2;4;5;5;4;5;3;2;1;1;3;4;3;2;3;4
26/02/2020 13:40:16;288;25;Feminin;18;60;70;30;50;4;4;4;2;2;1;2;1;2;1;3;2;2;2;3;4;3;1;3;3;4;4;5;5;4;2;4;2;3;4;4;4;2;2;3;3;4
26/02/2020 13:40:27;293;26;Feminin;20;75;65;60;60;2;3;2;2;4;4;4;4;4;4;1;2;3;4;1;3;2;3;4;4;3;2;2;1;4;3;3;2;2;3;2;1;1;1;3;2;3
26/02/2020 13:40:51;294;24;Masculin;18;70;75;80;80;1;2;3;4;5;4;4;4;3;3;2;1;4;3;0;3;4;1;2;2;2;2;4;2;3;4;4;5;4;4;4;2;2;2;4;4;4
26/02/2020 13:41:00;292;22;Feminin;15;100;80;80;60;4;4;4;3;3;3;2;2;3;3;4;3;3;3;2;2;2;4;4;4;3;4;1;0;0;3;0;2;3;3;3;0;0;0;3;3;4
26/02/2020 13:41:20;290;24;Masculin;17;75;90;90;80;0;5;2;5;1;4;1;1;4;3;2;4;4;4;2;5;4;3;2;2;3;4;5;4;5;3;4;3;4;5;4;3;2;0;3;4;4
27/02/2020 13:43:49;305;25;Masculin;18;50;50;80;50;4;4;0;4;3;5;3;4;5;4;4;1;2;0;2;3;4;3;3;5;4;5;5;5;5;5;5;3;2;5;5;5;5;5;5;5;4
27/02/2020 13:43:52;306;25;Feminin;18;80;70;90;80;4;5;2;5;0;2;3;0;2;1;4;4;1;0;5;3;3;2;2;2;1;3;2;3;3;3;4;2;4;4;4;4;3;2;5;5;5
27/02/2020 13:44:56;300;22;Feminin;15;70;80;60;50;4;4;4;4;1;3;2;2;2;2;3;4;1;2;4;3;3;4;4;5;3;4;4;3;5;5;5;2;4;4;4;3;3;3;3;3;3
27/02/2020 13:45:00;307;22;Feminin;14;60;50;60;20;4;4;4;5;3;3;4;3;3;2;2;3;1;3;2;2;2;2;3;2;2;1;3;4;4;5;4;2;2;4;4;3;2;3;3;3;3
27/02/2020 13:45:44;302;22;Masculin;16;62;75;65;80;2;5;5;2;3;0;4;0;1;0;1;2;4;5;0;4;1;5;5;5;2;3;1;0;0;5;3;1;0;0;0;0;0;0;5;5;4
27/02/2020 13:46:02;308;22;Feminin;11;93;87;85;38;1;4;4;5;3;4;5;4;5;4;1;2;4;4;1;4;4;4;3;4;1;4;4;1;1;4;4;5;4;4;3;1;3;3;4;3;3
27/02/2020 13:46:55;296;32;Feminin;24;45;55;50;30;2;3;5;4;4;4;3;3;4;4;5;3;3;1;4;3;5;4;4;4;3;3;3;5;5;4;4;4;3;3;3;4;2;3;4;3;5
27/02/2020 13:47:07;298;23;Feminin;16;75;80;40;75;4;4;4;3;1;2;3;3;3;2;4;2;1;2;1;3;1;1;2;2;1;0;3;4;5;3;4;3;4;4;4;2;0;3;5;5;4
27/02/2020 13:47:07;304;26;Masculin;18;80;65;60;72;1;3;4;1;5;3;3;3;1;0;1;1;4;1;4;0;1;3;3;2;4;3;1;1;1;0;1;2;1;3;3;1;0;1;1;1;2
27/02/2020 13:47:08;303;28;Masculin;17;80;80;90;80;4;4;5;5;4;4;5;5;5;1;3;1;4;4;1;5;4;5;5;5;5;5;4;1;3;3;4;2;3;4;4;2;0;1;5;3;5
27/02/2020 13:47:11;297;21;non-binary;15;65;70;53;70;3;4;3;3;2;1;2;2;1;2;4;1;2;3;4;1;3;2;2;2;2;4;4;3;4;2;3;1;1;2;2;3;3;2;2;3;3
27/02/2020 13:47:39;295;65;Masculin;18;50;60;60;75;1;4;3;4;4;4;5;4;4;3;0;0;4;3;2;4;2;4;3;3;4;1;5;4;4;4;3;2;2;3;4;1;3;0;5;5;3
27/02/2020 13:47:56;299;26;Feminin;17;75;70;70;60;2;4;3;3;4;5;2;2;1;1;4;2;1;1;4;2;1;2;3;3;1;2;0;1;3;4;1;3;4;2;2;2;0;1;1;1;3
27/02/2020 13:50:12;301;22;Feminin;14;75;70;65;63;3;3;1;4;1;3;3;1;3;2;0;0;4;4;0;4;1;3;4;4;5;5;3;4;3;3;2;3;2;3;3;2;1;1;5;5;5
28/02/2020 10:12:55;320;22;Feminin;14;20;30;10;20;2;2;5;1;4;2;4;4;4;3;3;4;4;3;3;1;2;1;1;2;3;3;3;3;4;4;4;2;3;2;2;2;2;3;2;2;2
28/02/2020 10:12:55;315;22;Feminin;17;60;65;45;70;2;5;2;3;4;1;1;1;4;3;5;5;3;2;4;3;2;4;4;2;0;1;1;1;4;3;3;1;4;3;1;1;0;1;3;4;4
28/02/2020 10:14:16;311;22;Feminin;16;70;65;80;60;4;3;3;4;3;3;3;4;3;3;3;4;3;3;3;4;4;4;4;3;3;4;3;4;4;3;4;2;4;5;3;4;2;2;3;4;4
28/02/2020 10:14:30;318;24;Masculin;2;60;70;70;80;2;4;3;5;4;4;4;1;4;4;2;3;4;4;4;3;3;5;2;4;3;4;5;5;5;5;5;4;4;5;5;4;4;5;3;4;2
28/02/2020 10:14:40;312;26;Feminin;20;70;50;80;40;4;5;4;5;2;3;4;3;4;3;2;3;3;4;2;4;3;3;3;3;2;2;5;4;5;5;5;4;3;4;3;3;3;2;5;5;5
28/02/2020 10:14:41;309;23;Feminin;17;75;69;91;90;5;5;4;4;1;2;3;1;1;1;4;4;4;3;4;2;3;1;4;4;4;4;5;4;5;5;5;1;5;4;3;5;2;3;5;5;5
28/02/2020 10:14:50;322;23;Masculin;16;70;65;60;65;3;4;4;4;3;4;4;4;4;4;2;3;3;4;1;4;3;3;4;3;3;3;4;3;5;4;4;4;4;5;4;2;1;2;3;3;4
28/02/2020 10:15:02;321;27;Feminin;6;60;80;80;50;4;5;5;4;1;4;3;1;3;1;4;4;2;1;3;3;3;3;3;2;1;3;5;5;4;4;5;2;3;2;2;4;2;5;5;5;5
28/02/2020 10:15:33;310;21;Feminin;16;60;60;40;30;2;5;4;4;1;3;4;3;3;3;3;1;2;3;1;3;3;3;2;3;1;4;1;5;2;4;4;2;2;3;3;3;2;1;0;0;3
28/02/2020 10:15:39;316;24;Masculin;18;45;50;70;60;4;4;4;3;4;2;4;3;2;2;1;3;2;3;1;4;2;3;5;4;4;5;1;3;5;3;1;1;3;5;5;4;1;2;4;5;5
28/02/2020 10:16:27;314;22;Masculin;15;30;50;70;80;2;4;0;2;4;4;4;4;0;3;1;2;4;5;1;4;3;4;3;3;5;4;1;1;4;4;4;2;4;2;3;3;1;4;5;5;5
28/02/2020 10:16:35;313;22;Masculin;17;70;70;80;80;3;3;3;3;3;3;3;3;2;2;3;2;2;4;1;3;3;3;3;3;4;4;3;4;5;5;4;5;2;4;2;2;2;4;4;5;4
28/02/2020 10:23:26;317;23;Feminin;4;70;65;75;50;3;4;3;4;3;4;4;5;4;5;4;4;3;3;2;2;5;4;4;4;4;2;3;4;5;5;4;5;5;4;5;3;4;2;4;4;4
02/03/2020 13:42:59;326;25;Feminin;17;75;60;80;30;4;4;3;1;1;3;4;3;4;4;5;2;3;4;2;4;3;2;3;2;2;3;0;4;3;1;2;1;2;4;3;3;2;4;4;4;4
02/03/2020 13:43:03;319;25;Feminin;18;65;85;60;56;4;5;3;5;3;2;2;3;3;3;4;5;3;1;2;2;3;2;3;2;4;3;4;4;2;2;3;2;4;1;2;3;1;1;4;4;3
02/03/2020 13:43:11;325;25;Feminin;19;80;80;80;70;2;3;2;1;3;2;2;2;1;1;2;2;3;3;2;3;3;1;2;2;2;2;2;2;2;2;2;2;2;2;2;2;2;2;4;4;4
02/03/2020 13:43:43;330;23;Masculin;17;80;70;60;60;3;5;4;3;4;4;5;4;3;3;3;2;5;4;1;3;3;2;4;3;4;4;4;5;4;5;4;2;2;2;2;3;1;3;3;3;3
02/03/2020 13:43:46;327;22;Masculin;15;60;50;70;70;4;3;3;1;3;4;4;3;3;3;2;4;2;3;3;3;2;1;2;1;2;4;3;1;4;3;3;1;2;1;1;0;1;1;3;3;2
02/03/2020 13:45:37;324;27;Feminin;17;80;80;50;50;2;2;2;3;4;4;2;2;3;3;2;2;4;4;2;3;3;3;3;3;2;3;2;4;4;4;4;3;3;3;2;4;3;3;4;4;4
02/03/2020 13:46:41;323;26;Feminin;16;70;75;80;60;4;5;3;5;1;1;1;3;1;1;1;1;4;5;2;3;4;4;4;4;5;4;5;5;5;5;5;2;4;4;3;4;4;4;4;4;5
02/03/2020 13:46:41;328;31;Feminin;17;75;80;60;65;5;5;4;4;2;2;1;1;1;1;3;2;3;3;1;2;1;0;0;1;0;0;5;4;2;2;5;1;3;3;2;2;0;0;2;1;4
02/03/2020 13:49:10;329;23;Feminin;18;80;70;65;20;1;4;3;4;2;3;3;1;4;3;4;4;1;2;3;3;2;4;2;2;2;2;5;5;3;4;3;2;2;3;3;1;1;1;1;2;3